experiment_id,case_name,contrast,k_matrix,k_inclusion,nx,ny,temperature_min,temperature_max,inclusion_mean_temperature,q_hot,q_cold,k_eff,residual_relative_inf,global_balance_relative,max_cell_balance_relative,inclusion_balance_relative,adiabatic_boundary_relative,cell_sum_boundary_consistency_relative,internal_pair_cancellation_relative,inclusion_abs_interface_throughput,max_column_temperature_range,max_abs_internal_y_flux
ET001-06,inclusion_contrast_sweep,0.1,1.0,0.1,96,64,20.33873352195576,99.66126647804424,60.00000000000008,0.44953153744719826,0.4495315374472045,0.8428716327134967,2.220446049250313e-15,1.3830506694162844e-14,9.799210439200056e-15,7.124601837080958e-15,0.0,7.666693532250258e-17,0.0,0.1250307537897482,7.86617947846819,0.011233703492323173
ET001-06,inclusion_contrast_sweep,0.3,1.0,0.3,96,64,20.366806717246966,99.63319328275307,60.000000000000554,0.4793621318481144,0.47936213184813653,0.8988039972152144,1.9984014443252818e-15,4.5973441735675206e-14,8.894977914006311e-15,1.5194504761308745e-14,0.0,2.696338628013197e-16,0.0,0.25947631906084184,4.848503082037354,0.00623814676045356
ET001-06,inclusion_contrast_sweep,1.0,1.0,1.0,96,64,20.416666666666657,99.5833333333334,60.000000000000405,0.5333333333333247,0.5333333333333462,0.9999999999999838,1.4432899320127035e-15,4.1425196606325125e-14,5.862628091324173e-15,3.3363936613461098e-15,0.0,1.0115606269289624e-15,0.0,0.40000000000000663,1.3216094885137863e-12,1.1368683772161603e-15
ET001-06,inclusion_contrast_sweep,3.0,1.0,3.0,96,64,20.45110170873991,99.54889829126019,60.00000000000281,0.585319395652976,0.5853193956530641,1.0974738668493298,1.9984014443252818e-15,1.5079413242272912e-13,7.281862880555138e-15,1.5060445426873826e-13,0.0,2.3258908826628352e-17,0.0,0.6517471574291707,3.7956622935342494,0.006855677443299015
ET001-06,inclusion_contrast_sweep,10.0,1.0,10.0,96,64,20.476308860612196,99.52369113938781,59.99999999999912,0.6225462382844228,0.6225462382844029,1.1672741967832927,9.325873406851315e-15,3.227878591169722e-14,2.8532340153903974e-14,7.946533292729466e-14,0.0,3.328699863328576e-16,0.0,0.8466556675262686,5.974553671556343,0.014145097156943173
ET001-06,inclusion_contrast_sweep,30.0,1.0,30.0,96,64,20.486687090352433,99.51331290964796,60.00000000001533,0.6377011297714356,0.637701129771913,1.1956896183214416,3.019806626980426e-14,7.489683221426505e-13,9.024857732408295e-14,7.378043068805869e-13,0.0,3.159068532859167e-16,0.0,0.9285186524003856,6.741061940875902,0.017702869285915038
ET001-06,inclusion_contrast_sweep,100.0,1.0,100.0,96,64,20.490843338608304,99.5091566613907,59.999999999956295,0.6437451023036485,0.6437451023022986,1.2070220668193408,6.039613253960852e-14,2.0971517967485724e-12,1.8763989760381964e-13,2.129526362031952e-12,0.0,2.1355088719666605e-16,0.0,0.961493944966138,7.028538759488782,0.01921805326661764
ET001-06,inclusion_contrast_sweep,300.0,1.0,300.0,96,64,20.49208960107547,99.5079103989346,60.00000000042879,0.6455547189741566,0.6455547189874975,1.2104150980765436,2.2737367544323206e-13,2.066611180324906e-11,7.264422237315384e-13,2.0654132342750292e-11,0.0,2.87159612889648e-16,0.0,0.9714002054112721,7.112652410750663,0.019682388550837062
ET001-06,inclusion_contrast_sweep,1000.0,1.0,1000.0,96,64,20.492532335269328,99.5074676647095,59.999999999094065,0.6461972914415413,0.6461972914133739,1.2116199214528898,7.958078640513122e-13,4.3589064305766484e-11,2.419066188261231e-12,4.361992007055683e-11,0.0,3.21318170151759e-16,0.0,0.9749213520805315,7.142305483891114,0.019848450843318283
