mesh,case,i,body,boundary,right
nonuniform,dd_one,0,0.125,0.0,0.125
nonuniform,dd_one,1,0.25,0.0,0.25
nonuniform,dd_one,2,0.375,0.0,0.375
nonuniform,dd_one,3,0.25,0.0,0.25
nonuniform,dn_one,0,0.125,0.0,0.125
nonuniform,dn_one,1,0.25,0.0,0.25
nonuniform,dn_one,2,0.375,0.0,0.375
nonuniform,dn_one,3,0.25,-0.5,-0.25
nonuniform,nd_one,0,0.125,-1.0,-0.875
nonuniform,nd_one,1,0.25,0.0,0.25
nonuniform,nd_one,2,0.375,0.0,0.375
nonuniform,nd_one,3,0.25,0.0,0.25
nonuniform,nn_pin_one,0,0.125,-0.5,-0.375
nonuniform,nn_pin_one,1,0.25,0.0,0.25
nonuniform,nn_pin_one,2,0.375,0.0,0.375
nonuniform,nn_pin_one,3,0.25,-0.5,-0.25
nonuniform,nn_zero_one,0,0.125,-0.5,-0.375
nonuniform,nn_zero_one,1,0.25,0.0,0.25
nonuniform,nn_zero_one,2,0.375,0.0,0.375
nonuniform,nn_zero_one,3,0.25,-0.5,-0.25
nonuniform,dn_omitted,0,0.125,0.0,0.125
nonuniform,dn_omitted,1,0.25,0.0,0.25
nonuniform,dn_omitted,2,0.375,0.0,0.375
nonuniform,dn_omitted,3,0.25,0.0,0.25
nonuniform,dn_wrong_sign,0,0.125,0.0,0.125
nonuniform,dn_wrong_sign,1,0.25,0.0,0.25
nonuniform,dn_wrong_sign,2,0.375,0.0,0.375
nonuniform,dn_wrong_sign,3,0.25,0.5,0.75
nonuniform,dn_zero,0,0.0,0.0,0.0
nonuniform,dn_zero,1,0.0,0.0,0.0
nonuniform,dn_zero,2,0.0,0.0,0.0
nonuniform,dn_zero,3,0.0,2.0,2.0
nonuniform,dd_x,0,0.010416666666666666,0.0,0.010416666666666666
nonuniform,dd_x,1,0.0625,0.0,0.0625
nonuniform,dd_x,2,0.21875,0.0,0.21875
nonuniform,dd_x,3,0.20833333333333334,0.0,0.20833333333333334
nonuniform,nn_zero_x,0,0.010416666666666666,0.0,0.010416666666666666
nonuniform,nn_zero_x,1,0.0625,0.0,0.0625
nonuniform,nn_zero_x,2,0.21875,0.0,0.21875
nonuniform,nn_zero_x,3,0.20833333333333334,-0.5,-0.29166666666666663
single,dd_one,0,0.5,0.0,0.5
single,dd_one,1,0.5,0.0,0.5
single,dn_one,0,0.5,0.0,0.5
single,dn_one,1,0.5,-0.5,0.0
single,nd_one,0,0.5,-1.0,-0.5
single,nd_one,1,0.5,0.0,0.5
single,nn_pin_one,0,0.5,-0.5,0.0
single,nn_pin_one,1,0.5,-0.5,0.0
single,nn_zero_one,0,0.5,-0.5,0.0
single,nn_zero_one,1,0.5,-0.5,0.0
single,dn_omitted,0,0.5,0.0,0.5
single,dn_omitted,1,0.5,0.0,0.5
single,dn_wrong_sign,0,0.5,0.0,0.5
single,dn_wrong_sign,1,0.5,0.5,1.0
single,dn_zero,0,0.0,0.0,0.0
single,dn_zero,1,0.0,2.0,2.0
single,dd_x,0,0.16666666666666666,0.0,0.16666666666666666
single,dd_x,1,0.3333333333333333,0.0,0.3333333333333333
single,nn_zero_x,0,0.16666666666666666,0.0,0.16666666666666666
single,nn_zero_x,1,0.3333333333333333,-0.5,-0.16666666666666669
uniform2,dd_one,0,0.25,0.0,0.25
uniform2,dd_one,1,0.5,0.0,0.5
uniform2,dd_one,2,0.25,0.0,0.25
uniform2,dn_one,0,0.25,0.0,0.25
uniform2,dn_one,1,0.5,0.0,0.5
uniform2,dn_one,2,0.25,-0.5,-0.25
uniform2,nd_one,0,0.25,-1.0,-0.75
uniform2,nd_one,1,0.5,0.0,0.5
uniform2,nd_one,2,0.25,0.0,0.25
uniform2,nn_pin_one,0,0.25,-0.5,-0.25
uniform2,nn_pin_one,1,0.5,0.0,0.5
uniform2,nn_pin_one,2,0.25,-0.5,-0.25
uniform2,nn_zero_one,0,0.25,-0.5,-0.25
uniform2,nn_zero_one,1,0.5,0.0,0.5
uniform2,nn_zero_one,2,0.25,-0.5,-0.25
uniform2,dn_omitted,0,0.25,0.0,0.25
uniform2,dn_omitted,1,0.5,0.0,0.5
uniform2,dn_omitted,2,0.25,0.0,0.25
uniform2,dn_wrong_sign,0,0.25,0.0,0.25
uniform2,dn_wrong_sign,1,0.5,0.0,0.5
uniform2,dn_wrong_sign,2,0.25,0.5,0.75
uniform2,dn_zero,0,0.0,0.0,0.0
uniform2,dn_zero,1,0.0,0.0,0.0
uniform2,dn_zero,2,0.0,2.0,2.0
uniform2,dd_x,0,0.041666666666666664,0.0,0.041666666666666664
uniform2,dd_x,1,0.25,0.0,0.25
uniform2,dd_x,2,0.20833333333333334,0.0,0.20833333333333334
uniform2,nn_zero_x,0,0.041666666666666664,0.0,0.041666666666666664
uniform2,nn_zero_x,1,0.25,0.0,0.25
uniform2,nn_zero_x,2,0.20833333333333334,-0.5,-0.29166666666666663
uniform4,dd_one,0,0.125,0.0,0.125
uniform4,dd_one,1,0.25,0.0,0.25
uniform4,dd_one,2,0.25,0.0,0.25
uniform4,dd_one,3,0.25,0.0,0.25
uniform4,dd_one,4,0.125,0.0,0.125
uniform4,dn_one,0,0.125,0.0,0.125
uniform4,dn_one,1,0.25,0.0,0.25
uniform4,dn_one,2,0.25,0.0,0.25
uniform4,dn_one,3,0.25,0.0,0.25
uniform4,dn_one,4,0.125,-0.5,-0.375
uniform4,nd_one,0,0.125,-1.0,-0.875
uniform4,nd_one,1,0.25,0.0,0.25
uniform4,nd_one,2,0.25,0.0,0.25
uniform4,nd_one,3,0.25,0.0,0.25
uniform4,nd_one,4,0.125,0.0,0.125
uniform4,nn_pin_one,0,0.125,-0.5,-0.375
uniform4,nn_pin_one,1,0.25,0.0,0.25
uniform4,nn_pin_one,2,0.25,0.0,0.25
uniform4,nn_pin_one,3,0.25,0.0,0.25
uniform4,nn_pin_one,4,0.125,-0.5,-0.375
uniform4,nn_zero_one,0,0.125,-0.5,-0.375
uniform4,nn_zero_one,1,0.25,0.0,0.25
uniform4,nn_zero_one,2,0.25,0.0,0.25
uniform4,nn_zero_one,3,0.25,0.0,0.25
uniform4,nn_zero_one,4,0.125,-0.5,-0.375
uniform4,dn_omitted,0,0.125,0.0,0.125
uniform4,dn_omitted,1,0.25,0.0,0.25
uniform4,dn_omitted,2,0.25,0.0,0.25
uniform4,dn_omitted,3,0.25,0.0,0.25
uniform4,dn_omitted,4,0.125,0.0,0.125
uniform4,dn_wrong_sign,0,0.125,0.0,0.125
uniform4,dn_wrong_sign,1,0.25,0.0,0.25
uniform4,dn_wrong_sign,2,0.25,0.0,0.25
uniform4,dn_wrong_sign,3,0.25,0.0,0.25
uniform4,dn_wrong_sign,4,0.125,0.5,0.625
uniform4,dn_zero,0,0.0,0.0,0.0
uniform4,dn_zero,1,0.0,0.0,0.0
uniform4,dn_zero,2,0.0,0.0,0.0
uniform4,dn_zero,3,0.0,0.0,0.0
uniform4,dn_zero,4,0.0,2.0,2.0
uniform4,dd_x,0,0.010416666666666666,0.0,0.010416666666666666
uniform4,dd_x,1,0.0625,0.0,0.0625
uniform4,dd_x,2,0.125,0.0,0.125
uniform4,dd_x,3,0.1875,0.0,0.1875
uniform4,dd_x,4,0.11458333333333333,0.0,0.11458333333333333
uniform4,nn_zero_x,0,0.010416666666666666,0.0,0.010416666666666666
uniform4,nn_zero_x,1,0.0625,0.0,0.0625
uniform4,nn_zero_x,2,0.125,0.0,0.125
uniform4,nn_zero_x,3,0.1875,0.0,0.1875
uniform4,nn_zero_x,4,0.11458333333333333,-0.5,-0.3854166666666667
uniform8,dd_one,0,0.0625,0.0,0.0625
uniform8,dd_one,1,0.125,0.0,0.125
uniform8,dd_one,2,0.125,0.0,0.125
uniform8,dd_one,3,0.125,0.0,0.125
uniform8,dd_one,4,0.125,0.0,0.125
uniform8,dd_one,5,0.125,0.0,0.125
uniform8,dd_one,6,0.125,0.0,0.125
uniform8,dd_one,7,0.125,0.0,0.125
uniform8,dd_one,8,0.0625,0.0,0.0625
uniform8,dn_one,0,0.0625,0.0,0.0625
uniform8,dn_one,1,0.125,0.0,0.125
uniform8,dn_one,2,0.125,0.0,0.125
uniform8,dn_one,3,0.125,0.0,0.125
uniform8,dn_one,4,0.125,0.0,0.125
uniform8,dn_one,5,0.125,0.0,0.125
uniform8,dn_one,6,0.125,0.0,0.125
uniform8,dn_one,7,0.125,0.0,0.125
uniform8,dn_one,8,0.0625,-0.5,-0.4375
uniform8,nd_one,0,0.0625,-1.0,-0.9375
uniform8,nd_one,1,0.125,0.0,0.125
uniform8,nd_one,2,0.125,0.0,0.125
uniform8,nd_one,3,0.125,0.0,0.125
uniform8,nd_one,4,0.125,0.0,0.125
uniform8,nd_one,5,0.125,0.0,0.125
uniform8,nd_one,6,0.125,0.0,0.125
uniform8,nd_one,7,0.125,0.0,0.125
uniform8,nd_one,8,0.0625,0.0,0.0625
uniform8,nn_pin_one,0,0.0625,-0.5,-0.4375
uniform8,nn_pin_one,1,0.125,0.0,0.125
uniform8,nn_pin_one,2,0.125,0.0,0.125
uniform8,nn_pin_one,3,0.125,0.0,0.125
uniform8,nn_pin_one,4,0.125,0.0,0.125
uniform8,nn_pin_one,5,0.125,0.0,0.125
uniform8,nn_pin_one,6,0.125,0.0,0.125
uniform8,nn_pin_one,7,0.125,0.0,0.125
uniform8,nn_pin_one,8,0.0625,-0.5,-0.4375
uniform8,nn_zero_one,0,0.0625,-0.5,-0.4375
uniform8,nn_zero_one,1,0.125,0.0,0.125
uniform8,nn_zero_one,2,0.125,0.0,0.125
uniform8,nn_zero_one,3,0.125,0.0,0.125
uniform8,nn_zero_one,4,0.125,0.0,0.125
uniform8,nn_zero_one,5,0.125,0.0,0.125
uniform8,nn_zero_one,6,0.125,0.0,0.125
uniform8,nn_zero_one,7,0.125,0.0,0.125
uniform8,nn_zero_one,8,0.0625,-0.5,-0.4375
uniform8,dn_omitted,0,0.0625,0.0,0.0625
uniform8,dn_omitted,1,0.125,0.0,0.125
uniform8,dn_omitted,2,0.125,0.0,0.125
uniform8,dn_omitted,3,0.125,0.0,0.125
uniform8,dn_omitted,4,0.125,0.0,0.125
uniform8,dn_omitted,5,0.125,0.0,0.125
uniform8,dn_omitted,6,0.125,0.0,0.125
uniform8,dn_omitted,7,0.125,0.0,0.125
uniform8,dn_omitted,8,0.0625,0.0,0.0625
uniform8,dn_wrong_sign,0,0.0625,0.0,0.0625
uniform8,dn_wrong_sign,1,0.125,0.0,0.125
uniform8,dn_wrong_sign,2,0.125,0.0,0.125
uniform8,dn_wrong_sign,3,0.125,0.0,0.125
uniform8,dn_wrong_sign,4,0.125,0.0,0.125
uniform8,dn_wrong_sign,5,0.125,0.0,0.125
uniform8,dn_wrong_sign,6,0.125,0.0,0.125
uniform8,dn_wrong_sign,7,0.125,0.0,0.125
uniform8,dn_wrong_sign,8,0.0625,0.5,0.5625
uniform8,dn_zero,0,0.0,0.0,0.0
uniform8,dn_zero,1,0.0,0.0,0.0
uniform8,dn_zero,2,0.0,0.0,0.0
uniform8,dn_zero,3,0.0,0.0,0.0
uniform8,dn_zero,4,0.0,0.0,0.0
uniform8,dn_zero,5,0.0,0.0,0.0
uniform8,dn_zero,6,0.0,0.0,0.0
uniform8,dn_zero,7,0.0,0.0,0.0
uniform8,dn_zero,8,0.0,2.0,2.0
uniform8,dd_x,0,0.0026041666666666665,0.0,0.0026041666666666665
uniform8,dd_x,1,0.015625,0.0,0.015625
uniform8,dd_x,2,0.03125,0.0,0.03125
uniform8,dd_x,3,0.046875,0.0,0.046875
uniform8,dd_x,4,0.0625,0.0,0.0625
uniform8,dd_x,5,0.078125,0.0,0.078125
uniform8,dd_x,6,0.09375,0.0,0.09375
uniform8,dd_x,7,0.109375,0.0,0.109375
uniform8,dd_x,8,0.059895833333333336,0.0,0.059895833333333336
uniform8,nn_zero_x,0,0.0026041666666666665,0.0,0.0026041666666666665
uniform8,nn_zero_x,1,0.015625,0.0,0.015625
uniform8,nn_zero_x,2,0.03125,0.0,0.03125
uniform8,nn_zero_x,3,0.046875,0.0,0.046875
uniform8,nn_zero_x,4,0.0625,0.0,0.0625
uniform8,nn_zero_x,5,0.078125,0.0,0.078125
uniform8,nn_zero_x,6,0.09375,0.0,0.09375
uniform8,nn_zero_x,7,0.109375,0.0,0.109375
uniform8,nn_zero_x,8,0.059895833333333336,-0.5,-0.4401041666666667
uniform16,dd_one,0,0.03125,0.0,0.03125
uniform16,dd_one,1,0.0625,0.0,0.0625
uniform16,dd_one,2,0.0625,0.0,0.0625
uniform16,dd_one,3,0.0625,0.0,0.0625
uniform16,dd_one,4,0.0625,0.0,0.0625
uniform16,dd_one,5,0.0625,0.0,0.0625
uniform16,dd_one,6,0.0625,0.0,0.0625
uniform16,dd_one,7,0.0625,0.0,0.0625
uniform16,dd_one,8,0.0625,0.0,0.0625
uniform16,dd_one,9,0.0625,0.0,0.0625
uniform16,dd_one,10,0.0625,0.0,0.0625
uniform16,dd_one,11,0.0625,0.0,0.0625
uniform16,dd_one,12,0.0625,0.0,0.0625
uniform16,dd_one,13,0.0625,0.0,0.0625
uniform16,dd_one,14,0.0625,0.0,0.0625
uniform16,dd_one,15,0.0625,0.0,0.0625
uniform16,dd_one,16,0.03125,0.0,0.03125
uniform16,dn_one,0,0.03125,0.0,0.03125
uniform16,dn_one,1,0.0625,0.0,0.0625
uniform16,dn_one,2,0.0625,0.0,0.0625
uniform16,dn_one,3,0.0625,0.0,0.0625
uniform16,dn_one,4,0.0625,0.0,0.0625
uniform16,dn_one,5,0.0625,0.0,0.0625
uniform16,dn_one,6,0.0625,0.0,0.0625
uniform16,dn_one,7,0.0625,0.0,0.0625
uniform16,dn_one,8,0.0625,0.0,0.0625
uniform16,dn_one,9,0.0625,0.0,0.0625
uniform16,dn_one,10,0.0625,0.0,0.0625
uniform16,dn_one,11,0.0625,0.0,0.0625
uniform16,dn_one,12,0.0625,0.0,0.0625
uniform16,dn_one,13,0.0625,0.0,0.0625
uniform16,dn_one,14,0.0625,0.0,0.0625
uniform16,dn_one,15,0.0625,0.0,0.0625
uniform16,dn_one,16,0.03125,-0.5,-0.46875
uniform16,nd_one,0,0.03125,-1.0,-0.96875
uniform16,nd_one,1,0.0625,0.0,0.0625
uniform16,nd_one,2,0.0625,0.0,0.0625
uniform16,nd_one,3,0.0625,0.0,0.0625
uniform16,nd_one,4,0.0625,0.0,0.0625
uniform16,nd_one,5,0.0625,0.0,0.0625
uniform16,nd_one,6,0.0625,0.0,0.0625
uniform16,nd_one,7,0.0625,0.0,0.0625
uniform16,nd_one,8,0.0625,0.0,0.0625
uniform16,nd_one,9,0.0625,0.0,0.0625
uniform16,nd_one,10,0.0625,0.0,0.0625
uniform16,nd_one,11,0.0625,0.0,0.0625
uniform16,nd_one,12,0.0625,0.0,0.0625
uniform16,nd_one,13,0.0625,0.0,0.0625
uniform16,nd_one,14,0.0625,0.0,0.0625
uniform16,nd_one,15,0.0625,0.0,0.0625
uniform16,nd_one,16,0.03125,0.0,0.03125
uniform16,nn_pin_one,0,0.03125,-0.5,-0.46875
uniform16,nn_pin_one,1,0.0625,0.0,0.0625
uniform16,nn_pin_one,2,0.0625,0.0,0.0625
uniform16,nn_pin_one,3,0.0625,0.0,0.0625
uniform16,nn_pin_one,4,0.0625,0.0,0.0625
uniform16,nn_pin_one,5,0.0625,0.0,0.0625
uniform16,nn_pin_one,6,0.0625,0.0,0.0625
uniform16,nn_pin_one,7,0.0625,0.0,0.0625
uniform16,nn_pin_one,8,0.0625,0.0,0.0625
uniform16,nn_pin_one,9,0.0625,0.0,0.0625
uniform16,nn_pin_one,10,0.0625,0.0,0.0625
uniform16,nn_pin_one,11,0.0625,0.0,0.0625
uniform16,nn_pin_one,12,0.0625,0.0,0.0625
uniform16,nn_pin_one,13,0.0625,0.0,0.0625
uniform16,nn_pin_one,14,0.0625,0.0,0.0625
uniform16,nn_pin_one,15,0.0625,0.0,0.0625
uniform16,nn_pin_one,16,0.03125,-0.5,-0.46875
uniform16,nn_zero_one,0,0.03125,-0.5,-0.46875
uniform16,nn_zero_one,1,0.0625,0.0,0.0625
uniform16,nn_zero_one,2,0.0625,0.0,0.0625
uniform16,nn_zero_one,3,0.0625,0.0,0.0625
uniform16,nn_zero_one,4,0.0625,0.0,0.0625
uniform16,nn_zero_one,5,0.0625,0.0,0.0625
uniform16,nn_zero_one,6,0.0625,0.0,0.0625
uniform16,nn_zero_one,7,0.0625,0.0,0.0625
uniform16,nn_zero_one,8,0.0625,0.0,0.0625
uniform16,nn_zero_one,9,0.0625,0.0,0.0625
uniform16,nn_zero_one,10,0.0625,0.0,0.0625
uniform16,nn_zero_one,11,0.0625,0.0,0.0625
uniform16,nn_zero_one,12,0.0625,0.0,0.0625
uniform16,nn_zero_one,13,0.0625,0.0,0.0625
uniform16,nn_zero_one,14,0.0625,0.0,0.0625
uniform16,nn_zero_one,15,0.0625,0.0,0.0625
uniform16,nn_zero_one,16,0.03125,-0.5,-0.46875
uniform16,dn_omitted,0,0.03125,0.0,0.03125
uniform16,dn_omitted,1,0.0625,0.0,0.0625
uniform16,dn_omitted,2,0.0625,0.0,0.0625
uniform16,dn_omitted,3,0.0625,0.0,0.0625
uniform16,dn_omitted,4,0.0625,0.0,0.0625
uniform16,dn_omitted,5,0.0625,0.0,0.0625
uniform16,dn_omitted,6,0.0625,0.0,0.0625
uniform16,dn_omitted,7,0.0625,0.0,0.0625
uniform16,dn_omitted,8,0.0625,0.0,0.0625
uniform16,dn_omitted,9,0.0625,0.0,0.0625
uniform16,dn_omitted,10,0.0625,0.0,0.0625
uniform16,dn_omitted,11,0.0625,0.0,0.0625
uniform16,dn_omitted,12,0.0625,0.0,0.0625
uniform16,dn_omitted,13,0.0625,0.0,0.0625
uniform16,dn_omitted,14,0.0625,0.0,0.0625
uniform16,dn_omitted,15,0.0625,0.0,0.0625
uniform16,dn_omitted,16,0.03125,0.0,0.03125
uniform16,dn_wrong_sign,0,0.03125,0.0,0.03125
uniform16,dn_wrong_sign,1,0.0625,0.0,0.0625
uniform16,dn_wrong_sign,2,0.0625,0.0,0.0625
uniform16,dn_wrong_sign,3,0.0625,0.0,0.0625
uniform16,dn_wrong_sign,4,0.0625,0.0,0.0625
uniform16,dn_wrong_sign,5,0.0625,0.0,0.0625
uniform16,dn_wrong_sign,6,0.0625,0.0,0.0625
uniform16,dn_wrong_sign,7,0.0625,0.0,0.0625
uniform16,dn_wrong_sign,8,0.0625,0.0,0.0625
uniform16,dn_wrong_sign,9,0.0625,0.0,0.0625
uniform16,dn_wrong_sign,10,0.0625,0.0,0.0625
uniform16,dn_wrong_sign,11,0.0625,0.0,0.0625
uniform16,dn_wrong_sign,12,0.0625,0.0,0.0625
uniform16,dn_wrong_sign,13,0.0625,0.0,0.0625
uniform16,dn_wrong_sign,14,0.0625,0.0,0.0625
uniform16,dn_wrong_sign,15,0.0625,0.0,0.0625
uniform16,dn_wrong_sign,16,0.03125,0.5,0.53125
uniform16,dn_zero,0,0.0,0.0,0.0
uniform16,dn_zero,1,0.0,0.0,0.0
uniform16,dn_zero,2,0.0,0.0,0.0
uniform16,dn_zero,3,0.0,0.0,0.0
uniform16,dn_zero,4,0.0,0.0,0.0
uniform16,dn_zero,5,0.0,0.0,0.0
uniform16,dn_zero,6,0.0,0.0,0.0
uniform16,dn_zero,7,0.0,0.0,0.0
uniform16,dn_zero,8,0.0,0.0,0.0
uniform16,dn_zero,9,0.0,0.0,0.0
uniform16,dn_zero,10,0.0,0.0,0.0
uniform16,dn_zero,11,0.0,0.0,0.0
uniform16,dn_zero,12,0.0,0.0,0.0
uniform16,dn_zero,13,0.0,0.0,0.0
uniform16,dn_zero,14,0.0,0.0,0.0
uniform16,dn_zero,15,0.0,0.0,0.0
uniform16,dn_zero,16,0.0,2.0,2.0
uniform16,dd_x,0,0.0006510416666666666,0.0,0.0006510416666666666
uniform16,dd_x,1,0.00390625,0.0,0.00390625
uniform16,dd_x,2,0.0078125,0.0,0.0078125
uniform16,dd_x,3,0.01171875,0.0,0.01171875
uniform16,dd_x,4,0.015625,0.0,0.015625
uniform16,dd_x,5,0.01953125,0.0,0.01953125
uniform16,dd_x,6,0.0234375,0.0,0.0234375
uniform16,dd_x,7,0.02734375,0.0,0.02734375
uniform16,dd_x,8,0.03125,0.0,0.03125
uniform16,dd_x,9,0.03515625,0.0,0.03515625
uniform16,dd_x,10,0.0390625,0.0,0.0390625
uniform16,dd_x,11,0.04296875,0.0,0.04296875
uniform16,dd_x,12,0.046875,0.0,0.046875
uniform16,dd_x,13,0.05078125,0.0,0.05078125
uniform16,dd_x,14,0.0546875,0.0,0.0546875
uniform16,dd_x,15,0.05859375,0.0,0.05859375
uniform16,dd_x,16,0.030598958333333332,0.0,0.030598958333333332
uniform16,nn_zero_x,0,0.0006510416666666666,0.0,0.0006510416666666666
uniform16,nn_zero_x,1,0.00390625,0.0,0.00390625
uniform16,nn_zero_x,2,0.0078125,0.0,0.0078125
uniform16,nn_zero_x,3,0.01171875,0.0,0.01171875
uniform16,nn_zero_x,4,0.015625,0.0,0.015625
uniform16,nn_zero_x,5,0.01953125,0.0,0.01953125
uniform16,nn_zero_x,6,0.0234375,0.0,0.0234375
uniform16,nn_zero_x,7,0.02734375,0.0,0.02734375
uniform16,nn_zero_x,8,0.03125,0.0,0.03125
uniform16,nn_zero_x,9,0.03515625,0.0,0.03515625
uniform16,nn_zero_x,10,0.0390625,0.0,0.0390625
uniform16,nn_zero_x,11,0.04296875,0.0,0.04296875
uniform16,nn_zero_x,12,0.046875,0.0,0.046875
uniform16,nn_zero_x,13,0.05078125,0.0,0.05078125
uniform16,nn_zero_x,14,0.0546875,0.0,0.0546875
uniform16,nn_zero_x,15,0.05859375,0.0,0.05859375
uniform16,nn_zero_x,16,0.030598958333333332,-0.5,-0.4694010416666667
graded4,dd_one,0,0.03125,0.0,0.03125
graded4,dd_one,1,0.125,0.0,0.125
graded4,dd_one,2,0.25,0.0,0.25
graded4,dd_one,3,0.375,0.0,0.375
graded4,dd_one,4,0.21875,0.0,0.21875
graded4,dn_one,0,0.03125,0.0,0.03125
graded4,dn_one,1,0.125,0.0,0.125
graded4,dn_one,2,0.25,0.0,0.25
graded4,dn_one,3,0.375,0.0,0.375
graded4,dn_one,4,0.21875,-0.5,-0.28125
graded4,nd_one,0,0.03125,-1.0,-0.96875
graded4,nd_one,1,0.125,0.0,0.125
graded4,nd_one,2,0.25,0.0,0.25
graded4,nd_one,3,0.375,0.0,0.375
graded4,nd_one,4,0.21875,0.0,0.21875
graded4,nn_pin_one,0,0.03125,-0.5,-0.46875
graded4,nn_pin_one,1,0.125,0.0,0.125
graded4,nn_pin_one,2,0.25,0.0,0.25
graded4,nn_pin_one,3,0.375,0.0,0.375
graded4,nn_pin_one,4,0.21875,-0.5,-0.28125
graded4,nn_zero_one,0,0.03125,-0.5,-0.46875
graded4,nn_zero_one,1,0.125,0.0,0.125
graded4,nn_zero_one,2,0.25,0.0,0.25
graded4,nn_zero_one,3,0.375,0.0,0.375
graded4,nn_zero_one,4,0.21875,-0.5,-0.28125
graded4,dn_omitted,0,0.03125,0.0,0.03125
graded4,dn_omitted,1,0.125,0.0,0.125
graded4,dn_omitted,2,0.25,0.0,0.25
graded4,dn_omitted,3,0.375,0.0,0.375
graded4,dn_omitted,4,0.21875,0.0,0.21875
graded4,dn_wrong_sign,0,0.03125,0.0,0.03125
graded4,dn_wrong_sign,1,0.125,0.0,0.125
graded4,dn_wrong_sign,2,0.25,0.0,0.25
graded4,dn_wrong_sign,3,0.375,0.0,0.375
graded4,dn_wrong_sign,4,0.21875,0.5,0.71875
graded4,dn_zero,0,0.0,0.0,0.0
graded4,dn_zero,1,0.0,0.0,0.0
graded4,dn_zero,2,0.0,0.0,0.0
graded4,dn_zero,3,0.0,0.0,0.0
graded4,dn_zero,4,0.0,2.0,2.0
graded4,dd_x,0,0.0006510416666666666,0.0,0.0006510416666666666
graded4,dd_x,1,0.013020833333333334,0.0,0.013020833333333334
graded4,dd_x,2,0.07291666666666666,0.0,0.07291666666666666
graded4,dd_x,3,0.2265625,0.0,0.2265625
graded4,dd_x,4,0.18684895833333334,0.0,0.18684895833333334
graded4,nn_zero_x,0,0.0006510416666666666,0.0,0.0006510416666666666
graded4,nn_zero_x,1,0.013020833333333334,0.0,0.013020833333333334
graded4,nn_zero_x,2,0.07291666666666666,0.0,0.07291666666666666
graded4,nn_zero_x,3,0.2265625,0.0,0.2265625
graded4,nn_zero_x,4,0.18684895833333334,-0.5,-0.31315104166666663
