mesh,case,element,h,slope
nonuniform,dd_one,1,0.25,1.375
nonuniform,dd_one,2,0.25,1.125
nonuniform,dd_one,3,0.5,0.75
nonuniform,dn_one,1,0.25,0.375
nonuniform,dn_one,2,0.25,0.125
nonuniform,dn_one,3,0.5,-0.25
nonuniform,nd_one,1,0.25,0.875
nonuniform,nd_one,2,0.25,0.625
nonuniform,nd_one,3,0.5,0.25
nonuniform,nn_pin_one,1,0.25,0.375
nonuniform,nn_pin_one,2,0.25,0.125
nonuniform,nn_pin_one,3,0.5,-0.25
nonuniform,nn_zero_one,1,0.25,0.375
nonuniform,nn_zero_one,2,0.25,0.125
nonuniform,nn_zero_one,3,0.5,-0.25
nonuniform,dn_omitted,1,0.25,0.875
nonuniform,dn_omitted,2,0.25,0.625
nonuniform,dn_omitted,3,0.5,0.25
nonuniform,dn_wrong_sign,1,0.25,1.375
nonuniform,dn_wrong_sign,2,0.25,1.125
nonuniform,dn_wrong_sign,3,0.5,0.75
nonuniform,dn_zero,1,0.25,2.0
nonuniform,dn_zero,2,0.25,2.0
nonuniform,dn_zero,3,0.5,2.0
nonuniform,dd_x,1,0.25,0.15625
nonuniform,dd_x,2,0.25,0.09375
nonuniform,dd_x,3,0.5,-0.125
nonuniform,nn_zero_x,1,0.25,-0.01041666666666663
nonuniform,nn_zero_x,2,0.25,-0.07291666666666663
nonuniform,nn_zero_x,3,0.5,-0.29166666666666663
single,dd_one,1,1,1.0
single,dn_one,1,1,0.0
single,nd_one,1,1,0.5
single,nn_pin_one,1,1,0.0
single,nn_zero_one,1,1,0.0
single,dn_omitted,1,1,0.5
single,dn_wrong_sign,1,1,1.0
single,dn_zero,1,1,2.0
single,dd_x,1,1,0.0
single,nn_zero_x,1,1,-0.16666666666666669
uniform2,dd_one,1,0.5,1.25
uniform2,dd_one,2,0.5,0.75
uniform2,dn_one,1,0.5,0.25
uniform2,dn_one,2,0.5,-0.25
uniform2,nd_one,1,0.5,0.75
uniform2,nd_one,2,0.5,0.25
uniform2,nn_pin_one,1,0.5,0.25
uniform2,nn_pin_one,2,0.5,-0.25
uniform2,nn_zero_one,1,0.5,0.25
uniform2,nn_zero_one,2,0.5,-0.25
uniform2,dn_omitted,1,0.5,0.75
uniform2,dn_omitted,2,0.5,0.25
uniform2,dn_wrong_sign,1,0.5,1.25
uniform2,dn_wrong_sign,2,0.5,0.75
uniform2,dn_zero,1,0.5,2.0
uniform2,dn_zero,2,0.5,2.0
uniform2,dd_x,1,0.5,0.125
uniform2,dd_x,2,0.5,-0.125
uniform2,nn_zero_x,1,0.5,-0.04166666666666663
uniform2,nn_zero_x,2,0.5,-0.29166666666666663
uniform4,dd_one,1,0.25,1.375
uniform4,dd_one,2,0.25,1.125
uniform4,dd_one,3,0.25,0.875
uniform4,dd_one,4,0.25,0.625
uniform4,dn_one,1,0.25,0.3749999999999991
uniform4,dn_one,2,0.25,0.12499999999999911
uniform4,dn_one,3,0.25,-0.1250000000000009
uniform4,dn_one,4,0.25,-0.375
uniform4,nd_one,1,0.25,0.875
uniform4,nd_one,2,0.25,0.625
uniform4,nd_one,3,0.25,0.375
uniform4,nd_one,4,0.25,0.125
uniform4,nn_pin_one,1,0.25,0.3749999999999999
uniform4,nn_pin_one,2,0.25,0.12499999999999994
uniform4,nn_pin_one,3,0.25,-0.12500000000000006
uniform4,nn_pin_one,4,0.25,-0.375
uniform4,nn_zero_one,1,0.25,0.3749999999999999
uniform4,nn_zero_one,2,0.25,0.12499999999999994
uniform4,nn_zero_one,3,0.25,-0.12500000000000006
uniform4,nn_zero_one,4,0.25,-0.375
uniform4,dn_omitted,1,0.25,0.8749999999999982
uniform4,dn_omitted,2,0.25,0.6249999999999991
uniform4,dn_omitted,3,0.25,0.3749999999999991
uniform4,dn_omitted,4,0.25,0.125
uniform4,dn_wrong_sign,1,0.25,1.3749999999999982
uniform4,dn_wrong_sign,2,0.25,1.1249999999999991
uniform4,dn_wrong_sign,3,0.25,0.8749999999999982
uniform4,dn_wrong_sign,4,0.25,0.625
uniform4,dn_zero,1,0.25,1.9999999999999982
uniform4,dn_zero,2,0.25,1.9999999999999982
uniform4,dn_zero,3,0.25,1.9999999999999982
uniform4,dn_zero,4,0.25,2.0
uniform4,dd_x,1,0.25,0.15625
uniform4,dd_x,2,0.25,0.09374999999999997
uniform4,dd_x,3,0.25,-0.03125000000000003
uniform4,dd_x,4,0.25,-0.21874999999999994
uniform4,nn_zero_x,1,0.25,-0.010416666666666657
uniform4,nn_zero_x,2,0.25,-0.07291666666666664
uniform4,nn_zero_x,3,0.25,-0.19791666666666663
uniform4,nn_zero_x,4,0.25,-0.38541666666666674
uniform8,dd_one,1,0.125,1.4375
uniform8,dd_one,2,0.125,1.3125
uniform8,dd_one,3,0.125,1.1874999999999982
uniform8,dd_one,4,0.125,1.0625000000000018
uniform8,dd_one,5,0.125,0.9375000000000018
uniform8,dd_one,6,0.125,0.8124999999999982
uniform8,dd_one,7,0.125,0.6875
uniform8,dd_one,8,0.125,0.5625
uniform8,dn_one,1,0.125,0.4375
uniform8,dn_one,2,0.125,0.3124999999999982
uniform8,dn_one,3,0.125,0.1875
uniform8,dn_one,4,0.125,0.06250000000000178
uniform8,dn_one,5,0.125,-0.0625
uniform8,dn_one,6,0.125,-0.1875
uniform8,dn_one,7,0.125,-0.3125
uniform8,dn_one,8,0.125,-0.4375
uniform8,nd_one,1,0.125,0.9375
uniform8,nd_one,2,0.125,0.8125
uniform8,nd_one,3,0.125,0.6875
uniform8,nd_one,4,0.125,0.5625
uniform8,nd_one,5,0.125,0.4375
uniform8,nd_one,6,0.125,0.3125
uniform8,nd_one,7,0.125,0.1875
uniform8,nd_one,8,0.125,0.0625
uniform8,nn_pin_one,1,0.125,0.4375
uniform8,nn_pin_one,2,0.125,0.3125
uniform8,nn_pin_one,3,0.125,0.1874999999999999
uniform8,nn_pin_one,4,0.125,0.06250000000000011
uniform8,nn_pin_one,5,0.125,-0.0625
uniform8,nn_pin_one,6,0.125,-0.1874999999999999
uniform8,nn_pin_one,7,0.125,-0.3125000000000001
uniform8,nn_pin_one,8,0.125,-0.4375
uniform8,nn_zero_one,1,0.125,0.4375
uniform8,nn_zero_one,2,0.125,0.3125
uniform8,nn_zero_one,3,0.125,0.1874999999999999
uniform8,nn_zero_one,4,0.125,0.06250000000000011
uniform8,nn_zero_one,5,0.125,-0.0625
uniform8,nn_zero_one,6,0.125,-0.1874999999999999
uniform8,nn_zero_one,7,0.125,-0.3125000000000001
uniform8,nn_zero_one,8,0.125,-0.4375
uniform8,dn_omitted,1,0.125,0.9375
uniform8,dn_omitted,2,0.125,0.8124999999999982
uniform8,dn_omitted,3,0.125,0.6875
uniform8,dn_omitted,4,0.125,0.5625000000000018
uniform8,dn_omitted,5,0.125,0.4375
uniform8,dn_omitted,6,0.125,0.3125
uniform8,dn_omitted,7,0.125,0.1875
uniform8,dn_omitted,8,0.125,0.0625
uniform8,dn_wrong_sign,1,0.125,1.4375
uniform8,dn_wrong_sign,2,0.125,1.3125
uniform8,dn_wrong_sign,3,0.125,1.1874999999999982
uniform8,dn_wrong_sign,4,0.125,1.0625000000000018
uniform8,dn_wrong_sign,5,0.125,0.9375000000000018
uniform8,dn_wrong_sign,6,0.125,0.8124999999999982
uniform8,dn_wrong_sign,7,0.125,0.6875
uniform8,dn_wrong_sign,8,0.125,0.5625
uniform8,dn_zero,1,0.125,2.0
uniform8,dn_zero,2,0.125,2.0
uniform8,dn_zero,3,0.125,2.0000000000000018
uniform8,dn_zero,4,0.125,2.0000000000000018
uniform8,dn_zero,5,0.125,2.0
uniform8,dn_zero,6,0.125,1.9999999999999964
uniform8,dn_zero,7,0.125,2.0
uniform8,dn_zero,8,0.125,2.0
uniform8,dd_x,1,0.125,0.1640625
uniform8,dd_x,2,0.125,0.1484375
uniform8,dd_x,3,0.125,0.1171875
uniform8,dd_x,4,0.125,0.07031250000000011
uniform8,dd_x,5,0.125,0.0078125
uniform8,dd_x,6,0.125,-0.0703125
uniform8,dd_x,7,0.125,-0.1640625000000001
uniform8,dd_x,8,0.125,-0.2734375
uniform8,nn_zero_x,1,0.125,-0.002604166666666685
uniform8,nn_zero_x,2,0.125,-0.01822916666666674
uniform8,nn_zero_x,3,0.125,-0.049479166666666685
uniform8,nn_zero_x,4,0.125,-0.09635416666666671
uniform8,nn_zero_x,5,0.125,-0.1588541666666667
uniform8,nn_zero_x,6,0.125,-0.23697916666666669
uniform8,nn_zero_x,7,0.125,-0.3307291666666666
uniform8,nn_zero_x,8,0.125,-0.44010416666666674
uniform16,dd_one,1,0.0625,1.46875
uniform16,dd_one,2,0.0625,1.4062499999999964
uniform16,dd_one,3,0.0625,1.34375
uniform16,dd_one,4,0.0625,1.2812500000000036
uniform16,dd_one,5,0.0625,1.21875
uniform16,dd_one,6,0.0625,1.15625
uniform16,dd_one,7,0.0625,1.09375
uniform16,dd_one,8,0.0625,1.03125
uniform16,dd_one,9,0.0625,0.96875
uniform16,dd_one,10,0.0625,0.90625
uniform16,dd_one,11,0.0625,0.8437500000000036
uniform16,dd_one,12,0.0625,0.78125
uniform16,dd_one,13,0.0625,0.71875
uniform16,dd_one,14,0.0625,0.65625
uniform16,dd_one,15,0.0625,0.59375
uniform16,dd_one,16,0.0625,0.5312499999999964
uniform16,dn_one,1,0.0625,0.46875
uniform16,dn_one,2,0.0625,0.40624999999999645
uniform16,dn_one,3,0.0625,0.34375
uniform16,dn_one,4,0.0625,0.28125000000000355
uniform16,dn_one,5,0.0625,0.21875
uniform16,dn_one,6,0.0625,0.15625
uniform16,dn_one,7,0.0625,0.09375
uniform16,dn_one,8,0.0625,0.03125
uniform16,dn_one,9,0.0625,-0.03125
uniform16,dn_one,10,0.0625,-0.09375
uniform16,dn_one,11,0.0625,-0.15625
uniform16,dn_one,12,0.0625,-0.21875
uniform16,dn_one,13,0.0625,-0.28125
uniform16,dn_one,14,0.0625,-0.34375
uniform16,dn_one,15,0.0625,-0.40625
uniform16,dn_one,16,0.0625,-0.46875
uniform16,nd_one,1,0.0625,0.96875
uniform16,nd_one,2,0.0625,0.90625
uniform16,nd_one,3,0.0625,0.84375
uniform16,nd_one,4,0.0625,0.78125
uniform16,nd_one,5,0.0625,0.71875
uniform16,nd_one,6,0.0625,0.65625
uniform16,nd_one,7,0.0625,0.59375
uniform16,nd_one,8,0.0625,0.53125
uniform16,nd_one,9,0.0625,0.46875
uniform16,nd_one,10,0.0625,0.40625
uniform16,nd_one,11,0.0625,0.34375
uniform16,nd_one,12,0.0625,0.28125
uniform16,nd_one,13,0.0625,0.21875
uniform16,nd_one,14,0.0625,0.15625
uniform16,nd_one,15,0.0625,0.09375
uniform16,nd_one,16,0.0625,0.03125
uniform16,nn_pin_one,1,0.0625,0.46874999999999994
uniform16,nn_pin_one,2,0.0625,0.40624999999999994
uniform16,nn_pin_one,3,0.0625,0.3437499999999999
uniform16,nn_pin_one,4,0.0625,0.2812500000000002
uniform16,nn_pin_one,5,0.0625,0.21875
uniform16,nn_pin_one,6,0.0625,0.15625000000000022
uniform16,nn_pin_one,7,0.0625,0.09374999999999978
uniform16,nn_pin_one,8,0.0625,0.03125
uniform16,nn_pin_one,9,0.0625,-0.03125
uniform16,nn_pin_one,10,0.0625,-0.09375000000000022
uniform16,nn_pin_one,11,0.0625,-0.15624999999999956
uniform16,nn_pin_one,12,0.0625,-0.21875000000000022
uniform16,nn_pin_one,13,0.0625,-0.28125
uniform16,nn_pin_one,14,0.0625,-0.34375
uniform16,nn_pin_one,15,0.0625,-0.40625
uniform16,nn_pin_one,16,0.0625,-0.46875
uniform16,nn_zero_one,1,0.0625,0.46875
uniform16,nn_zero_one,2,0.0625,0.4062499999999999
uniform16,nn_zero_one,3,0.0625,0.3437499999999999
uniform16,nn_zero_one,4,0.0625,0.2812500000000002
uniform16,nn_zero_one,5,0.0625,0.21875
uniform16,nn_zero_one,6,0.0625,0.15625000000000022
uniform16,nn_zero_one,7,0.0625,0.09374999999999978
uniform16,nn_zero_one,8,0.0625,0.03125
uniform16,nn_zero_one,9,0.0625,-0.03125
uniform16,nn_zero_one,10,0.0625,-0.09375000000000022
uniform16,nn_zero_one,11,0.0625,-0.15624999999999956
uniform16,nn_zero_one,12,0.0625,-0.21875000000000022
uniform16,nn_zero_one,13,0.0625,-0.28125
uniform16,nn_zero_one,14,0.0625,-0.34375
uniform16,nn_zero_one,15,0.0625,-0.40625
uniform16,nn_zero_one,16,0.0625,-0.46875
uniform16,dn_omitted,1,0.0625,0.96875
uniform16,dn_omitted,2,0.0625,0.9062499999999964
uniform16,dn_omitted,3,0.0625,0.84375
uniform16,dn_omitted,4,0.0625,0.7812500000000036
uniform16,dn_omitted,5,0.0625,0.71875
uniform16,dn_omitted,6,0.0625,0.65625
uniform16,dn_omitted,7,0.0625,0.59375
uniform16,dn_omitted,8,0.0625,0.53125
uniform16,dn_omitted,9,0.0625,0.46875
uniform16,dn_omitted,10,0.0625,0.40625
uniform16,dn_omitted,11,0.0625,0.34375
uniform16,dn_omitted,12,0.0625,0.28125
uniform16,dn_omitted,13,0.0625,0.21875
uniform16,dn_omitted,14,0.0625,0.15625
uniform16,dn_omitted,15,0.0625,0.09375
uniform16,dn_omitted,16,0.0625,0.03125
uniform16,dn_wrong_sign,1,0.0625,1.46875
uniform16,dn_wrong_sign,2,0.0625,1.4062499999999964
uniform16,dn_wrong_sign,3,0.0625,1.34375
uniform16,dn_wrong_sign,4,0.0625,1.2812500000000036
uniform16,dn_wrong_sign,5,0.0625,1.21875
uniform16,dn_wrong_sign,6,0.0625,1.15625
uniform16,dn_wrong_sign,7,0.0625,1.09375
uniform16,dn_wrong_sign,8,0.0625,1.03125
uniform16,dn_wrong_sign,9,0.0625,0.96875
uniform16,dn_wrong_sign,10,0.0625,0.90625
uniform16,dn_wrong_sign,11,0.0625,0.8437500000000036
uniform16,dn_wrong_sign,12,0.0625,0.78125
uniform16,dn_wrong_sign,13,0.0625,0.71875
uniform16,dn_wrong_sign,14,0.0625,0.65625
uniform16,dn_wrong_sign,15,0.0625,0.59375
uniform16,dn_wrong_sign,16,0.0625,0.5312499999999964
uniform16,dn_zero,1,0.0625,2.0
uniform16,dn_zero,2,0.0625,2.0000000000000036
uniform16,dn_zero,3,0.0625,2.0
uniform16,dn_zero,4,0.0625,2.0000000000000036
uniform16,dn_zero,5,0.0625,2.0000000000000036
uniform16,dn_zero,6,0.0625,2.0000000000000036
uniform16,dn_zero,7,0.0625,2.0
uniform16,dn_zero,8,0.0625,2.0
uniform16,dn_zero,9,0.0625,2.0
uniform16,dn_zero,10,0.0625,2.0
uniform16,dn_zero,11,0.0625,2.000000000000007
uniform16,dn_zero,12,0.0625,2.0
uniform16,dn_zero,13,0.0625,1.999999999999993
uniform16,dn_zero,14,0.0625,2.0
uniform16,dn_zero,15,0.0625,1.999999999999993
uniform16,dn_zero,16,0.0625,1.999999999999993
uniform16,dd_x,1,0.0625,0.16601562500000003
uniform16,dd_x,2,0.0625,0.16210937500000003
uniform16,dd_x,3,0.0625,0.15429687500000006
uniform16,dd_x,4,0.0625,0.1425781250000001
uniform16,dd_x,5,0.0625,0.126953125
uniform16,dd_x,6,0.0625,0.107421875
uniform16,dd_x,7,0.0625,0.08398437499999978
uniform16,dd_x,8,0.0625,0.056640625
uniform16,dd_x,9,0.0625,0.025390625
uniform16,dd_x,10,0.0625,-0.009765625
uniform16,dd_x,11,0.0625,-0.04882812499999989
uniform16,dd_x,12,0.0625,-0.091796875
uniform16,dd_x,13,0.0625,-0.1386718750000001
uniform16,dd_x,14,0.0625,-0.189453125
uniform16,dd_x,15,0.0625,-0.244140625
uniform16,dd_x,16,0.0625,-0.302734375
uniform16,nn_zero_x,1,0.0625,-0.0006510416666667407
uniform16,nn_zero_x,2,0.0625,-0.004557291666666741
uniform16,nn_zero_x,3,0.0625,-0.01236979166666663
uniform16,nn_zero_x,4,0.0625,-0.02408854166666674
uniform16,nn_zero_x,5,0.0625,-0.03971354166666674
uniform16,nn_zero_x,6,0.0625,-0.05924479166666674
uniform16,nn_zero_x,7,0.0625,-0.08268229166666663
uniform16,nn_zero_x,8,0.0625,-0.11002604166666674
uniform16,nn_zero_x,9,0.0625,-0.14127604166666669
uniform16,nn_zero_x,10,0.0625,-0.17643229166666669
uniform16,nn_zero_x,11,0.0625,-0.21549479166666674
uniform16,nn_zero_x,12,0.0625,-0.25846354166666663
uniform16,nn_zero_x,13,0.0625,-0.30533854166666674
uniform16,nn_zero_x,14,0.0625,-0.3561197916666665
uniform16,nn_zero_x,15,0.0625,-0.41080729166666674
uniform16,nn_zero_x,16,0.0625,-0.4694010416666665
graded4,dd_one,1,0.0625,1.46875
graded4,dd_one,2,0.1875,1.34375
graded4,dd_one,3,0.3125,1.09375
graded4,dd_one,4,0.4375,0.71875
graded4,dn_one,1,0.0625,0.46875
graded4,dn_one,2,0.1875,0.34375
graded4,dn_one,3,0.3125,0.09375
graded4,dn_one,4,0.4375,-0.28125
graded4,nd_one,1,0.0625,0.96875
graded4,nd_one,2,0.1875,0.8437499999999988
graded4,nd_one,3,0.3125,0.5937499999999986
graded4,nd_one,4,0.4375,0.21874999999999847
graded4,nn_pin_one,1,0.0625,0.46875
graded4,nn_pin_one,2,0.1875,0.34375
graded4,nn_pin_one,3,0.3125,0.09375
graded4,nn_pin_one,4,0.4375,-0.28125
graded4,nn_zero_one,1,0.0625,0.46875
graded4,nn_zero_one,2,0.1875,0.34375
graded4,nn_zero_one,3,0.3125,0.09375
graded4,nn_zero_one,4,0.4375,-0.28125
graded4,dn_omitted,1,0.0625,0.96875
graded4,dn_omitted,2,0.1875,0.84375
graded4,dn_omitted,3,0.3125,0.59375
graded4,dn_omitted,4,0.4375,0.21875
graded4,dn_wrong_sign,1,0.0625,1.46875
graded4,dn_wrong_sign,2,0.1875,1.34375
graded4,dn_wrong_sign,3,0.3125,1.09375
graded4,dn_wrong_sign,4,0.4375,0.71875
graded4,dn_zero,1,0.0625,2.0
graded4,dn_zero,2,0.1875,2.0
graded4,dn_zero,3,0.3125,2.0
graded4,dn_zero,4,0.4375,2.0
graded4,dd_x,1,0.0625,0.16601562500000006
graded4,dd_x,2,0.1875,0.15299479166666669
graded4,dd_x,3,0.3125,0.08007812500000003
graded4,dd_x,4,0.4375,-0.14648437500000003
graded4,nn_zero_x,1,0.0625,-0.0006510416666666297
graded4,nn_zero_x,2,0.1875,-0.013671874999999925
graded4,nn_zero_x,3,0.3125,-0.0865885416666666
graded4,nn_zero_x,4,0.4375,-0.31315104166666663
