target,variant,iteration,i,x,u,exact,error
0.02,adaptive,0,0,0,0,0,0
0.02,adaptive,0,1,0.25,0.0039062499999999549,0.00390625,-4.5102810375396984e-17
0.02,adaptive,0,2,0.5,0.062499999999999924,0.0625,-7.6327832942979512e-17
0.02,adaptive,0,3,0.75,0.31640624999999989,0.31640625,-1.1102230246251565e-16
0.02,adaptive,0,4,1,1,1,0
0.02,adaptive,1,0,0,0,0,0
0.02,adaptive,1,1,0.25,0.0039062499999999202,0.00390625,-7.9797279894933126e-17
0.02,adaptive,1,2,0.5,0.062499999999999854,0.0625,-1.457167719820518e-16
0.02,adaptive,1,3,0.75,0.31640624999999978,0.31640625,-2.2204460492503131e-16
0.02,adaptive,1,4,0.875,0.58618164062499989,0.586181640625,-1.1102230246251565e-16
0.02,adaptive,1,5,1,1,1,0
0.02,adaptive,2,0,0,0,0,0
0.02,adaptive,2,1,0.25,0.003906249999999948,0.00390625,-5.2041704279304213e-17
0.02,adaptive,2,2,0.5,0.06249999999999991,0.0625,-9.0205620750793969e-17
0.02,adaptive,2,3,0.625,0.15258789062499986,0.152587890625,-1.3877787807814457e-16
0.02,adaptive,2,4,0.75,0.31640624999999983,0.31640625,-1.6653345369377348e-16
0.02,adaptive,2,5,0.875,0.58618164062499989,0.586181640625,-1.1102230246251565e-16
0.02,adaptive,2,6,1,1,1,0
0.02,adaptive,3,0,0,0,0,0
0.02,adaptive,3,1,0.25,0.0039062499999999493,0.00390625,-5.0740661672321608e-17
0.02,adaptive,3,2,0.375,0.019775390624999924,0.019775390625,-7.6327832942979512e-17
0.02,adaptive,3,3,0.5,0.06249999999999991,0.0625,-9.0205620750793969e-17
0.02,adaptive,3,4,0.625,0.15258789062499986,0.152587890625,-1.3877787807814457e-16
0.02,adaptive,3,5,0.75,0.31640624999999983,0.31640625,-1.6653345369377348e-16
0.02,adaptive,3,6,0.875,0.58618164062499989,0.586181640625,-1.1102230246251565e-16
0.02,adaptive,3,7,1,1,1,0
0.02,adaptive,4,0,0,0,0,0
0.02,adaptive,4,1,0.25,0.0039062499999999952,0.00390625,-4.7704895589362195e-18
0.02,adaptive,4,2,0.375,0.019775390624999993,0.019775390625,-6.9388939039072284e-18
0.02,adaptive,4,3,0.5,0.0625,0.0625,0
0.02,adaptive,4,4,0.625,0.15258789062499997,0.152587890625,-2.7755575615628914e-17
0.02,adaptive,4,5,0.75,0.31640624999999994,0.31640625,-5.5511151231257827e-17
0.02,adaptive,4,6,0.875,0.586181640625,0.586181640625,0
0.02,adaptive,4,7,0.9375,0.7724761962890625,0.7724761962890625,0
0.02,adaptive,4,8,1,1,1,0
0.02,uniform_same_count,0,0,0,0,0,0
0.02,uniform_same_count,0,1,0.125,0.0002441406249999742,0.000244140625,-2.5804011705155006e-17
0.02,uniform_same_count,0,2,0.25,0.0039062499999999493,0.00390625,-5.0740661672321608e-17
0.02,uniform_same_count,0,3,0.375,0.019775390624999924,0.019775390625,-7.6327832942979512e-17
0.02,uniform_same_count,0,4,0.5,0.06249999999999991,0.0625,-9.0205620750793969e-17
0.02,uniform_same_count,0,5,0.625,0.15258789062499986,0.152587890625,-1.3877787807814457e-16
0.02,uniform_same_count,0,6,0.75,0.31640624999999983,0.31640625,-1.6653345369377348e-16
0.02,uniform_same_count,0,7,0.875,0.58618164062499989,0.586181640625,-1.1102230246251565e-16
0.02,uniform_same_count,0,8,1,1,1,0
0.02,uniform_bound,0,0,0,0,0,0
0.02,uniform_bound,0,1,0.1111111111111111,0.00015241579027590844,0.00015241579027587256,3.5887091909270197e-17
0.02,uniform_bound,0,2,0.22222222222222221,0.0024386526444140303,0.0024386526444139609,6.9388939039072284e-17
0.02,uniform_bound,0,3,0.33333333333333331,0.012345679012345774,0.012345679012345677,9.7144514654701197e-17
0.02,uniform_bound,0,4,0.44444444444444442,0.039018442310623493,0.039018442310623375,1.1796119636642288e-16
0.02,uniform_bound,0,5,0.55555555555555558,0.09525986892242061,0.095259868922420374,2.3592239273284576e-16
0.02,uniform_bound,0,6,0.66666666666666663,0.19753086419753099,0.19753086419753083,1.6653345369377348e-16
0.02,uniform_bound,0,7,0.77777777777777779,0.36595031245237042,0.36595031245237009,3.3306690738754696e-16
0.02,uniform_bound,0,8,0.88888888888888884,0.62429507696997377,0.62429507696997399,-2.2204460492503131e-16
0.02,uniform_bound,0,9,1,1,1,0
0.0050000000000000001,adaptive,0,0,0,0,0,0
0.0050000000000000001,adaptive,0,1,0.25,0.0039062499999999549,0.00390625,-4.5102810375396984e-17
0.0050000000000000001,adaptive,0,2,0.5,0.062499999999999924,0.0625,-7.6327832942979512e-17
0.0050000000000000001,adaptive,0,3,0.75,0.31640624999999989,0.31640625,-1.1102230246251565e-16
0.0050000000000000001,adaptive,0,4,1,1,1,0
0.0050000000000000001,adaptive,1,0,0,0,0,0
0.0050000000000000001,adaptive,1,1,0.25,0.0039062499999999202,0.00390625,-7.9797279894933126e-17
0.0050000000000000001,adaptive,1,2,0.5,0.062499999999999854,0.0625,-1.457167719820518e-16
0.0050000000000000001,adaptive,1,3,0.75,0.31640624999999978,0.31640625,-2.2204460492503131e-16
0.0050000000000000001,adaptive,1,4,0.875,0.58618164062499989,0.586181640625,-1.1102230246251565e-16
0.0050000000000000001,adaptive,1,5,1,1,1,0
0.0050000000000000001,adaptive,2,0,0,0,0,0
0.0050000000000000001,adaptive,2,1,0.25,0.003906249999999948,0.00390625,-5.2041704279304213e-17
0.0050000000000000001,adaptive,2,2,0.5,0.06249999999999991,0.0625,-9.0205620750793969e-17
0.0050000000000000001,adaptive,2,3,0.625,0.15258789062499986,0.152587890625,-1.3877787807814457e-16
0.0050000000000000001,adaptive,2,4,0.75,0.31640624999999983,0.31640625,-1.6653345369377348e-16
0.0050000000000000001,adaptive,2,5,0.875,0.58618164062499989,0.586181640625,-1.1102230246251565e-16
0.0050000000000000001,adaptive,2,6,1,1,1,0
0.0050000000000000001,adaptive,3,0,0,0,0,0
0.0050000000000000001,adaptive,3,1,0.25,0.0039062499999999493,0.00390625,-5.0740661672321608e-17
0.0050000000000000001,adaptive,3,2,0.375,0.019775390624999924,0.019775390625,-7.6327832942979512e-17
0.0050000000000000001,adaptive,3,3,0.5,0.06249999999999991,0.0625,-9.0205620750793969e-17
0.0050000000000000001,adaptive,3,4,0.625,0.15258789062499986,0.152587890625,-1.3877787807814457e-16
0.0050000000000000001,adaptive,3,5,0.75,0.31640624999999983,0.31640625,-1.6653345369377348e-16
0.0050000000000000001,adaptive,3,6,0.875,0.58618164062499989,0.586181640625,-1.1102230246251565e-16
0.0050000000000000001,adaptive,3,7,1,1,1,0
0.0050000000000000001,adaptive,4,0,0,0,0,0
0.0050000000000000001,adaptive,4,1,0.25,0.0039062499999999952,0.00390625,-4.7704895589362195e-18
0.0050000000000000001,adaptive,4,2,0.375,0.019775390624999993,0.019775390625,-6.9388939039072284e-18
0.0050000000000000001,adaptive,4,3,0.5,0.0625,0.0625,0
0.0050000000000000001,adaptive,4,4,0.625,0.15258789062499997,0.152587890625,-2.7755575615628914e-17
0.0050000000000000001,adaptive,4,5,0.75,0.31640624999999994,0.31640625,-5.5511151231257827e-17
0.0050000000000000001,adaptive,4,6,0.875,0.586181640625,0.586181640625,0
0.0050000000000000001,adaptive,4,7,0.9375,0.7724761962890625,0.7724761962890625,0
0.0050000000000000001,adaptive,4,8,1,1,1,0
0.0050000000000000001,adaptive,5,0,0,0,0,0
0.0050000000000000001,adaptive,5,1,0.25,0.0039062499999999952,0.00390625,-4.7704895589362195e-18
0.0050000000000000001,adaptive,5,2,0.375,0.019775390624999993,0.019775390625,-6.9388939039072284e-18
0.0050000000000000001,adaptive,5,3,0.5,0.0625,0.0625,0
0.0050000000000000001,adaptive,5,4,0.625,0.15258789062499997,0.152587890625,-2.7755575615628914e-17
0.0050000000000000001,adaptive,5,5,0.75,0.31640624999999994,0.31640625,-5.5511151231257827e-17
0.0050000000000000001,adaptive,5,6,0.8125,0.43580627441406244,0.4358062744140625,-5.5511151231257827e-17
0.0050000000000000001,adaptive,5,7,0.875,0.586181640625,0.586181640625,0
0.0050000000000000001,adaptive,5,8,0.9375,0.7724761962890625,0.7724761962890625,0
0.0050000000000000001,adaptive,5,9,1,1,1,0
0.0050000000000000001,adaptive,6,0,0,0,0,0
0.0050000000000000001,adaptive,6,1,0.25,0.0039062500000000095,0.00390625,9.540979117872439e-18
0.0050000000000000001,adaptive,6,2,0.375,0.019775390625000014,0.019775390625,1.3877787807814457e-17
0.0050000000000000001,adaptive,6,3,0.5,0.062500000000000028,0.0625,2.7755575615628914e-17
0.0050000000000000001,adaptive,6,4,0.625,0.152587890625,0.152587890625,0
0.0050000000000000001,adaptive,6,5,0.6875,0.22340393066406247,0.2234039306640625,-2.7755575615628914e-17
0.0050000000000000001,adaptive,6,6,0.75,0.31640624999999994,0.31640625,-5.5511151231257827e-17
0.0050000000000000001,adaptive,6,7,0.8125,0.43580627441406244,0.4358062744140625,-5.5511151231257827e-17
0.0050000000000000001,adaptive,6,8,0.875,0.586181640625,0.586181640625,0
0.0050000000000000001,adaptive,6,9,0.9375,0.7724761962890625,0.7724761962890625,0
0.0050000000000000001,adaptive,6,10,1,1,1,0
0.0050000000000000001,adaptive,7,0,0,0,0,0
0.0050000000000000001,adaptive,7,1,0.25,0.0039062499999999952,0.00390625,-4.7704895589362195e-18
0.0050000000000000001,adaptive,7,2,0.375,0.019775390624999993,0.019775390625,-6.9388939039072284e-18
0.0050000000000000001,adaptive,7,3,0.5,0.0625,0.0625,0
0.0050000000000000001,adaptive,7,4,0.5625,0.1001129150390625,0.1001129150390625,0
0.0050000000000000001,adaptive,7,5,0.625,0.152587890625,0.152587890625,0
0.0050000000000000001,adaptive,7,6,0.6875,0.2234039306640625,0.2234039306640625,0
0.0050000000000000001,adaptive,7,7,0.75,0.31640624999999994,0.31640625,-5.5511151231257827e-17
0.0050000000000000001,adaptive,7,8,0.8125,0.43580627441406244,0.4358062744140625,-5.5511151231257827e-17
0.0050000000000000001,adaptive,7,9,0.875,0.586181640625,0.586181640625,0
0.0050000000000000001,adaptive,7,10,0.9375,0.7724761962890625,0.7724761962890625,0
0.0050000000000000001,adaptive,7,11,1,1,1,0
0.0050000000000000001,adaptive,8,0,0,0,0,0
0.0050000000000000001,adaptive,8,1,0.125,0.00024414062499999718,0.000244140625,-2.8189256484623115e-18
0.0050000000000000001,adaptive,8,2,0.25,0.0039062499999999952,0.00390625,-4.7704895589362195e-18
0.0050000000000000001,adaptive,8,3,0.375,0.019775390624999993,0.019775390625,-6.9388939039072284e-18
0.0050000000000000001,adaptive,8,4,0.5,0.0625,0.0625,0
0.0050000000000000001,adaptive,8,5,0.5625,0.1001129150390625,0.1001129150390625,0
0.0050000000000000001,adaptive,8,6,0.625,0.152587890625,0.152587890625,0
0.0050000000000000001,adaptive,8,7,0.6875,0.2234039306640625,0.2234039306640625,0
0.0050000000000000001,adaptive,8,8,0.75,0.31640624999999994,0.31640625,-5.5511151231257827e-17
0.0050000000000000001,adaptive,8,9,0.8125,0.43580627441406244,0.4358062744140625,-5.5511151231257827e-17
0.0050000000000000001,adaptive,8,10,0.875,0.586181640625,0.586181640625,0
0.0050000000000000001,adaptive,8,11,0.9375,0.7724761962890625,0.7724761962890625,0
0.0050000000000000001,adaptive,8,12,1,1,1,0
0.0050000000000000001,adaptive,9,0,0,0,0,0
0.0050000000000000001,adaptive,9,1,0.125,0.00024414062499999501,0.000244140625,-4.9873299934333204e-18
0.0050000000000000001,adaptive,9,2,0.25,0.0039062499999999909,0.00390625,-9.1072982488782372e-18
0.0050000000000000001,adaptive,9,3,0.375,0.019775390624999986,0.019775390625,-1.3877787807814457e-17
0.0050000000000000001,adaptive,9,4,0.4375,0.036636352539062493,0.0366363525390625,-6.9388939039072284e-18
0.0050000000000000001,adaptive,9,5,0.5,0.0625,0.0625,0
0.0050000000000000001,adaptive,9,6,0.5625,0.1001129150390625,0.1001129150390625,0
0.0050000000000000001,adaptive,9,7,0.625,0.152587890625,0.152587890625,0
0.0050000000000000001,adaptive,9,8,0.6875,0.2234039306640625,0.2234039306640625,0
0.0050000000000000001,adaptive,9,9,0.75,0.31640624999999994,0.31640625,-5.5511151231257827e-17
0.0050000000000000001,adaptive,9,10,0.8125,0.43580627441406244,0.4358062744140625,-5.5511151231257827e-17
0.0050000000000000001,adaptive,9,11,0.875,0.586181640625,0.586181640625,0
0.0050000000000000001,adaptive,9,12,0.9375,0.7724761962890625,0.7724761962890625,0
0.0050000000000000001,adaptive,9,13,1,1,1,0
0.0050000000000000001,adaptive,10,0,0,0,0,0
0.0050000000000000001,adaptive,10,1,0.125,0.00024414062500000867,0.000244140625,8.6736173798840355e-18
0.0050000000000000001,adaptive,10,2,0.25,0.0039062500000000182,0.00390625,1.8214596497756474e-17
0.0050000000000000001,adaptive,10,3,0.375,0.019775390625000028,0.019775390625,2.7755575615628914e-17
0.0050000000000000001,adaptive,10,4,0.4375,0.036636352539062542,0.0366363525390625,4.163336342344337e-17
0.0050000000000000001,adaptive,10,5,0.5,0.062500000000000056,0.0625,5.5511151231257827e-17
0.0050000000000000001,adaptive,10,6,0.5625,0.10011291503906257,0.1001129150390625,6.9388939039072284e-17
0.0050000000000000001,adaptive,10,7,0.625,0.15258789062500008,0.152587890625,8.3266726846886741e-17
0.0050000000000000001,adaptive,10,8,0.6875,0.22340393066406258,0.2234039306640625,8.3266726846886741e-17
0.0050000000000000001,adaptive,10,9,0.75,0.31640625000000006,0.31640625,5.5511151231257827e-17
0.0050000000000000001,adaptive,10,10,0.8125,0.43580627441406256,0.4358062744140625,5.5511151231257827e-17
0.0050000000000000001,adaptive,10,11,0.875,0.58618164062500011,0.586181640625,1.1102230246251565e-16
0.0050000000000000001,adaptive,10,12,0.9375,0.77247619628906261,0.7724761962890625,1.1102230246251565e-16
0.0050000000000000001,adaptive,10,13,0.96875,0.88073825836181641,0.88073825836181641,0
0.0050000000000000001,adaptive,10,14,1,1,1,0
0.0050000000000000001,adaptive,11,0,0,0,0,0
0.0050000000000000001,adaptive,11,1,0.125,0.00024414062500005031,0.000244140625,5.0306980803327406e-17
0.0050000000000000001,adaptive,11,2,0.25,0.0039062500000001015,0.00390625,1.0148132334464322e-16
0.0050000000000000001,adaptive,11,3,0.375,0.019775390625000153,0.019775390625,1.5265566588595902e-16
0.0050000000000000001,adaptive,11,4,0.4375,0.036636352539062687,0.0366363525390625,1.8735013540549517e-16
0.0050000000000000001,adaptive,11,5,0.5,0.062500000000000222,0.0625,2.2204460492503131e-16
0.0050000000000000001,adaptive,11,6,0.5625,0.10011291503906275,0.1001129150390625,2.4980018054066022e-16
0.0050000000000000001,adaptive,11,7,0.625,0.15258789062500028,0.152587890625,2.7755575615628914e-16
0.0050000000000000001,adaptive,11,8,0.6875,0.22340393066406281,0.2234039306640625,3.0531133177191805e-16
0.0050000000000000001,adaptive,11,9,0.75,0.31640625000000028,0.31640625,2.7755575615628914e-16
0.0050000000000000001,adaptive,11,10,0.8125,0.43580627441406278,0.4358062744140625,2.7755575615628914e-16
0.0050000000000000001,adaptive,11,11,0.875,0.58618164062500033,0.586181640625,3.3306690738754696e-16
0.0050000000000000001,adaptive,11,12,0.90625,0.67451572418212913,0.67451572418212891,2.2204460492503131e-16
0.0050000000000000001,adaptive,11,13,0.9375,0.77247619628906261,0.7724761962890625,1.1102230246251565e-16
0.0050000000000000001,adaptive,11,14,0.96875,0.88073825836181641,0.88073825836181641,0
0.0050000000000000001,adaptive,11,15,1,1,1,0
0.0050000000000000001,uniform_same_count,0,0,0,0,0,0
0.0050000000000000001,uniform_same_count,0,1,0.066666666666666666,1.9753086419743078e-05,1.9753086419753087e-05,-1.0008541304756813e-17
0.0050000000000000001,uniform_same_count,0,2,0.13333333333333333,0.00031604938271602933,0.00031604938271604939,-2.0057740190981832e-17
0.0050000000000000001,uniform_same_count,0,3,0.20000000000000001,0.0015999999999999717,0.0016000000000000003,-2.8622937353617317e-17
0.0050000000000000001,uniform_same_count,0,4,0.26666666666666666,0.0050567901234567511,0.0050567901234567902,-3.903127820947816e-17
0.0050000000000000001,uniform_same_count,0,5,0.33333333333333331,0.012345679012345623,0.012345679012345677,-5.377642775528102e-17
0.0050000000000000001,uniform_same_count,0,6,0.40000000000000002,0.025599999999999956,0.025600000000000005,-4.8572257327350599e-17
0.0050000000000000001,uniform_same_count,0,7,0.46666666666666667,0.047427160493827093,0.047427160493827163,-6.9388939039072284e-17
0.0050000000000000001,uniform_same_count,0,8,0.53333333333333333,0.080908641975308532,0.080908641975308643,-1.1102230246251565e-16
0.0050000000000000001,uniform_same_count,0,9,0.59999999999999998,0.1295999999999998,0.12959999999999999,-1.9428902930940239e-16
0.0050000000000000001,uniform_same_count,0,10,0.66666666666666663,0.19753086419753063,0.19753086419753083,-1.9428902930940239e-16
0.0050000000000000001,uniform_same_count,0,11,0.73333333333333328,0.28920493827160465,0.28920493827160487,-2.2204460492503131e-16
0.0050000000000000001,uniform_same_count,0,12,0.80000000000000004,0.40960000000000019,0.40960000000000008,1.1102230246251565e-16
0.0050000000000000001,uniform_same_count,0,13,0.8666666666666667,0.56416790123456817,0.56416790123456795,2.2204460492503131e-16
0.0050000000000000001,uniform_same_count,0,14,0.93333333333333335,0.75883456790123482,0.7588345679012346,2.2204460492503131e-16
0.0050000000000000001,uniform_same_count,0,15,1,1,1,0
0.0050000000000000001,uniform_bound,0,0,0,0,0,0
0.0050000000000000001,uniform_bound,0,1,0.055555555555555552,9.5259868922730701e-06,9.5259868922420348e-06,3.1035287187397564e-17
0.0050000000000000001,uniform_bound,0,2,0.1111111111111111,0.00015241579027593447,0.00015241579027587256,6.1907944048922303e-17
0.0050000000000000001,uniform_bound,0,3,0.16666666666666666,0.00077160493827169727,0.00077160493827160479,9.2482445313013528e-17
0.0050000000000000001,uniform_bound,0,4,0.22222222222222221,0.0024386526444140836,0.0024386526444139609,1.227316859253591e-16
0.0050000000000000001,uniform_bound,0,5,0.27777777777777779,0.0059537418076514321,0.0059537418076512734,1.5872719805187785e-16
0.0050000000000000001,uniform_bound,0,6,0.33333333333333331,0.012345679012345859,0.012345679012345677,1.8214596497756474e-16
0.0050000000000000001,uniform_bound,0,7,0.3888888888888889,0.022871894528273352,0.02287189452827313,2.2204460492503131e-16
0.0050000000000000001,uniform_bound,0,8,0.44444444444444442,0.03901844231062359,0.039018442310623375,2.1510571102112408e-16
0.0050000000000000001,uniform_bound,0,9,0.5,0.06250000000000025,0.0625,2.4980018054066022e-16
0.0050000000000000001,uniform_bound,0,10,0.55555555555555558,0.095259868922420679,0.095259868922420374,3.0531133177191805e-16
0.0050000000000000001,uniform_bound,0,11,0.61111111111111116,0.13946997408931594,0.13946997408931569,2.4980018054066022e-16
0.0050000000000000001,uniform_bound,0,12,0.66666666666666663,0.19753086419753094,0.19753086419753083,1.1102230246251565e-16
0.0050000000000000001,uniform_bound,0,13,0.72222222222222221,0.27207171162932509,0.27207171162932475,3.3306690738754696e-16
0.0050000000000000001,uniform_bound,0,14,0.77777777777777779,0.36595031245237025,0.36595031245237009,1.6653345369377348e-16
0.0050000000000000001,uniform_bound,0,15,0.83333333333333337,0.4822530864197534,0.48225308641975317,2.2204460492503131e-16
0.0050000000000000001,uniform_bound,0,16,0.88888888888888884,0.62429507696997377,0.62429507696997399,-2.2204460492503131e-16
0.0050000000000000001,uniform_bound,0,17,0.94444444444444442,0.79561995122694695,0.79561995122694706,-1.1102230246251565e-16
0.0050000000000000001,uniform_bound,0,18,1,1,1,0
0.001,adaptive,0,0,0,0,0,0
0.001,adaptive,0,1,0.25,0.0039062499999999549,0.00390625,-4.5102810375396984e-17
0.001,adaptive,0,2,0.5,0.062499999999999924,0.0625,-7.6327832942979512e-17
0.001,adaptive,0,3,0.75,0.31640624999999989,0.31640625,-1.1102230246251565e-16
0.001,adaptive,0,4,1,1,1,0
0.001,adaptive,1,0,0,0,0,0
0.001,adaptive,1,1,0.25,0.0039062499999999202,0.00390625,-7.9797279894933126e-17
0.001,adaptive,1,2,0.5,0.062499999999999854,0.0625,-1.457167719820518e-16
0.001,adaptive,1,3,0.75,0.31640624999999978,0.31640625,-2.2204460492503131e-16
0.001,adaptive,1,4,0.875,0.58618164062499989,0.586181640625,-1.1102230246251565e-16
0.001,adaptive,1,5,1,1,1,0
0.001,adaptive,2,0,0,0,0,0
0.001,adaptive,2,1,0.25,0.003906249999999948,0.00390625,-5.2041704279304213e-17
0.001,adaptive,2,2,0.5,0.06249999999999991,0.0625,-9.0205620750793969e-17
0.001,adaptive,2,3,0.625,0.15258789062499986,0.152587890625,-1.3877787807814457e-16
0.001,adaptive,2,4,0.75,0.31640624999999983,0.31640625,-1.6653345369377348e-16
0.001,adaptive,2,5,0.875,0.58618164062499989,0.586181640625,-1.1102230246251565e-16
0.001,adaptive,2,6,1,1,1,0
0.001,adaptive,3,0,0,0,0,0
0.001,adaptive,3,1,0.25,0.0039062499999999493,0.00390625,-5.0740661672321608e-17
0.001,adaptive,3,2,0.375,0.019775390624999924,0.019775390625,-7.6327832942979512e-17
0.001,adaptive,3,3,0.5,0.06249999999999991,0.0625,-9.0205620750793969e-17
0.001,adaptive,3,4,0.625,0.15258789062499986,0.152587890625,-1.3877787807814457e-16
0.001,adaptive,3,5,0.75,0.31640624999999983,0.31640625,-1.6653345369377348e-16
0.001,adaptive,3,6,0.875,0.58618164062499989,0.586181640625,-1.1102230246251565e-16
0.001,adaptive,3,7,1,1,1,0
0.001,adaptive,4,0,0,0,0,0
0.001,adaptive,4,1,0.25,0.0039062499999999952,0.00390625,-4.7704895589362195e-18
0.001,adaptive,4,2,0.375,0.019775390624999993,0.019775390625,-6.9388939039072284e-18
0.001,adaptive,4,3,0.5,0.0625,0.0625,0
0.001,adaptive,4,4,0.625,0.15258789062499997,0.152587890625,-2.7755575615628914e-17
0.001,adaptive,4,5,0.75,0.31640624999999994,0.31640625,-5.5511151231257827e-17
0.001,adaptive,4,6,0.875,0.586181640625,0.586181640625,0
0.001,adaptive,4,7,0.9375,0.7724761962890625,0.7724761962890625,0
0.001,adaptive,4,8,1,1,1,0
0.001,adaptive,5,0,0,0,0,0
0.001,adaptive,5,1,0.25,0.0039062499999999952,0.00390625,-4.7704895589362195e-18
0.001,adaptive,5,2,0.375,0.019775390624999993,0.019775390625,-6.9388939039072284e-18
0.001,adaptive,5,3,0.5,0.0625,0.0625,0
0.001,adaptive,5,4,0.625,0.15258789062499997,0.152587890625,-2.7755575615628914e-17
0.001,adaptive,5,5,0.75,0.31640624999999994,0.31640625,-5.5511151231257827e-17
0.001,adaptive,5,6,0.8125,0.43580627441406244,0.4358062744140625,-5.5511151231257827e-17
0.001,adaptive,5,7,0.875,0.586181640625,0.586181640625,0
0.001,adaptive,5,8,0.9375,0.7724761962890625,0.7724761962890625,0
0.001,adaptive,5,9,1,1,1,0
0.001,adaptive,6,0,0,0,0,0
0.001,adaptive,6,1,0.25,0.0039062500000000095,0.00390625,9.540979117872439e-18
0.001,adaptive,6,2,0.375,0.019775390625000014,0.019775390625,1.3877787807814457e-17
0.001,adaptive,6,3,0.5,0.062500000000000028,0.0625,2.7755575615628914e-17
0.001,adaptive,6,4,0.625,0.152587890625,0.152587890625,0
0.001,adaptive,6,5,0.6875,0.22340393066406247,0.2234039306640625,-2.7755575615628914e-17
0.001,adaptive,6,6,0.75,0.31640624999999994,0.31640625,-5.5511151231257827e-17
0.001,adaptive,6,7,0.8125,0.43580627441406244,0.4358062744140625,-5.5511151231257827e-17
0.001,adaptive,6,8,0.875,0.586181640625,0.586181640625,0
0.001,adaptive,6,9,0.9375,0.7724761962890625,0.7724761962890625,0
0.001,adaptive,6,10,1,1,1,0
0.001,adaptive,7,0,0,0,0,0
0.001,adaptive,7,1,0.25,0.0039062499999999952,0.00390625,-4.7704895589362195e-18
0.001,adaptive,7,2,0.375,0.019775390624999993,0.019775390625,-6.9388939039072284e-18
0.001,adaptive,7,3,0.5,0.0625,0.0625,0
0.001,adaptive,7,4,0.5625,0.1001129150390625,0.1001129150390625,0
0.001,adaptive,7,5,0.625,0.152587890625,0.152587890625,0
0.001,adaptive,7,6,0.6875,0.2234039306640625,0.2234039306640625,0
0.001,adaptive,7,7,0.75,0.31640624999999994,0.31640625,-5.5511151231257827e-17
0.001,adaptive,7,8,0.8125,0.43580627441406244,0.4358062744140625,-5.5511151231257827e-17
0.001,adaptive,7,9,0.875,0.586181640625,0.586181640625,0
0.001,adaptive,7,10,0.9375,0.7724761962890625,0.7724761962890625,0
0.001,adaptive,7,11,1,1,1,0
0.001,adaptive,8,0,0,0,0,0
0.001,adaptive,8,1,0.125,0.00024414062499999718,0.000244140625,-2.8189256484623115e-18
0.001,adaptive,8,2,0.25,0.0039062499999999952,0.00390625,-4.7704895589362195e-18
0.001,adaptive,8,3,0.375,0.019775390624999993,0.019775390625,-6.9388939039072284e-18
0.001,adaptive,8,4,0.5,0.0625,0.0625,0
0.001,adaptive,8,5,0.5625,0.1001129150390625,0.1001129150390625,0
0.001,adaptive,8,6,0.625,0.152587890625,0.152587890625,0
0.001,adaptive,8,7,0.6875,0.2234039306640625,0.2234039306640625,0
0.001,adaptive,8,8,0.75,0.31640624999999994,0.31640625,-5.5511151231257827e-17
0.001,adaptive,8,9,0.8125,0.43580627441406244,0.4358062744140625,-5.5511151231257827e-17
0.001,adaptive,8,10,0.875,0.586181640625,0.586181640625,0
0.001,adaptive,8,11,0.9375,0.7724761962890625,0.7724761962890625,0
0.001,adaptive,8,12,1,1,1,0
0.001,adaptive,9,0,0,0,0,0
0.001,adaptive,9,1,0.125,0.00024414062499999501,0.000244140625,-4.9873299934333204e-18
0.001,adaptive,9,2,0.25,0.0039062499999999909,0.00390625,-9.1072982488782372e-18
0.001,adaptive,9,3,0.375,0.019775390624999986,0.019775390625,-1.3877787807814457e-17
0.001,adaptive,9,4,0.4375,0.036636352539062493,0.0366363525390625,-6.9388939039072284e-18
0.001,adaptive,9,5,0.5,0.0625,0.0625,0
0.001,adaptive,9,6,0.5625,0.1001129150390625,0.1001129150390625,0
0.001,adaptive,9,7,0.625,0.152587890625,0.152587890625,0
0.001,adaptive,9,8,0.6875,0.2234039306640625,0.2234039306640625,0
0.001,adaptive,9,9,0.75,0.31640624999999994,0.31640625,-5.5511151231257827e-17
0.001,adaptive,9,10,0.8125,0.43580627441406244,0.4358062744140625,-5.5511151231257827e-17
0.001,adaptive,9,11,0.875,0.586181640625,0.586181640625,0
0.001,adaptive,9,12,0.9375,0.7724761962890625,0.7724761962890625,0
0.001,adaptive,9,13,1,1,1,0
0.001,adaptive,10,0,0,0,0,0
0.001,adaptive,10,1,0.125,0.00024414062500000867,0.000244140625,8.6736173798840355e-18
0.001,adaptive,10,2,0.25,0.0039062500000000182,0.00390625,1.8214596497756474e-17
0.001,adaptive,10,3,0.375,0.019775390625000028,0.019775390625,2.7755575615628914e-17
0.001,adaptive,10,4,0.4375,0.036636352539062542,0.0366363525390625,4.163336342344337e-17
0.001,adaptive,10,5,0.5,0.062500000000000056,0.0625,5.5511151231257827e-17
0.001,adaptive,10,6,0.5625,0.10011291503906257,0.1001129150390625,6.9388939039072284e-17
0.001,adaptive,10,7,0.625,0.15258789062500008,0.152587890625,8.3266726846886741e-17
0.001,adaptive,10,8,0.6875,0.22340393066406258,0.2234039306640625,8.3266726846886741e-17
0.001,adaptive,10,9,0.75,0.31640625000000006,0.31640625,5.5511151231257827e-17
0.001,adaptive,10,10,0.8125,0.43580627441406256,0.4358062744140625,5.5511151231257827e-17
0.001,adaptive,10,11,0.875,0.58618164062500011,0.586181640625,1.1102230246251565e-16
0.001,adaptive,10,12,0.9375,0.77247619628906261,0.7724761962890625,1.1102230246251565e-16
0.001,adaptive,10,13,0.96875,0.88073825836181641,0.88073825836181641,0
0.001,adaptive,10,14,1,1,1,0
0.001,adaptive,11,0,0,0,0,0
0.001,adaptive,11,1,0.125,0.00024414062500005031,0.000244140625,5.0306980803327406e-17
0.001,adaptive,11,2,0.25,0.0039062500000001015,0.00390625,1.0148132334464322e-16
0.001,adaptive,11,3,0.375,0.019775390625000153,0.019775390625,1.5265566588595902e-16
0.001,adaptive,11,4,0.4375,0.036636352539062687,0.0366363525390625,1.8735013540549517e-16
0.001,adaptive,11,5,0.5,0.062500000000000222,0.0625,2.2204460492503131e-16
0.001,adaptive,11,6,0.5625,0.10011291503906275,0.1001129150390625,2.4980018054066022e-16
0.001,adaptive,11,7,0.625,0.15258789062500028,0.152587890625,2.7755575615628914e-16
0.001,adaptive,11,8,0.6875,0.22340393066406281,0.2234039306640625,3.0531133177191805e-16
0.001,adaptive,11,9,0.75,0.31640625000000028,0.31640625,2.7755575615628914e-16
0.001,adaptive,11,10,0.8125,0.43580627441406278,0.4358062744140625,2.7755575615628914e-16
0.001,adaptive,11,11,0.875,0.58618164062500033,0.586181640625,3.3306690738754696e-16
0.001,adaptive,11,12,0.90625,0.67451572418212913,0.67451572418212891,2.2204460492503131e-16
0.001,adaptive,11,13,0.9375,0.77247619628906261,0.7724761962890625,1.1102230246251565e-16
0.001,adaptive,11,14,0.96875,0.88073825836181641,0.88073825836181641,0
0.001,adaptive,11,15,1,1,1,0
0.001,adaptive,12,0,0,0,0,0
0.001,adaptive,12,1,0.125,0.00024414062500005031,0.000244140625,5.0306980803327406e-17
0.001,adaptive,12,2,0.25,0.0039062500000001015,0.00390625,1.0148132334464322e-16
0.001,adaptive,12,3,0.375,0.019775390625000153,0.019775390625,1.5265566588595902e-16
0.001,adaptive,12,4,0.4375,0.036636352539062687,0.0366363525390625,1.8735013540549517e-16
0.001,adaptive,12,5,0.5,0.062500000000000222,0.0625,2.2204460492503131e-16
0.001,adaptive,12,6,0.5625,0.10011291503906275,0.1001129150390625,2.4980018054066022e-16
0.001,adaptive,12,7,0.625,0.15258789062500028,0.152587890625,2.7755575615628914e-16
0.001,adaptive,12,8,0.6875,0.22340393066406281,0.2234039306640625,3.0531133177191805e-16
0.001,adaptive,12,9,0.75,0.31640625000000028,0.31640625,2.7755575615628914e-16
0.001,adaptive,12,10,0.8125,0.43580627441406278,0.4358062744140625,2.7755575615628914e-16
0.001,adaptive,12,11,0.84375,0.50682163238525413,0.50682163238525391,2.2204460492503131e-16
0.001,adaptive,12,12,0.875,0.58618164062500011,0.586181640625,1.1102230246251565e-16
0.001,adaptive,12,13,0.90625,0.67451572418212891,0.67451572418212891,0
0.001,adaptive,12,14,0.9375,0.77247619628906239,0.7724761962890625,-1.1102230246251565e-16
0.001,adaptive,12,15,0.96875,0.8807382583618163,0.88073825836181641,-1.1102230246251565e-16
0.001,adaptive,12,16,1,1,1,0
0.001,adaptive,13,0,0,0,0,0
0.001,adaptive,13,1,0.125,0.00024414062500006418,0.000244140625,6.4184768611141862e-17
0.001,adaptive,13,2,0.25,0.0039062500000001292,0.00390625,1.2923689896027213e-16
0.001,adaptive,13,3,0.375,0.019775390625000194,0.019775390625,1.9428902930940239e-16
0.001,adaptive,13,4,0.4375,0.036636352539062736,0.0366363525390625,2.3592239273284576e-16
0.001,adaptive,13,5,0.5,0.062500000000000278,0.0625,2.7755575615628914e-16
0.001,adaptive,13,6,0.5625,0.10011291503906282,0.1001129150390625,3.1918911957973251e-16
0.001,adaptive,13,7,0.625,0.15258789062500036,0.152587890625,3.6082248300317588e-16
0.001,adaptive,13,8,0.6875,0.22340393066406289,0.2234039306640625,3.8857805861880479e-16
0.001,adaptive,13,9,0.75,0.31640625000000039,0.31640625,3.8857805861880479e-16
0.001,adaptive,13,10,0.78125,0.37252902984619174,0.37252902984619141,3.3306690738754696e-16
0.001,adaptive,13,11,0.8125,0.43580627441406278,0.4358062744140625,2.7755575615628914e-16
0.001,adaptive,13,12,0.84375,0.50682163238525413,0.50682163238525391,2.2204460492503131e-16
0.001,adaptive,13,13,0.875,0.58618164062500011,0.586181640625,1.1102230246251565e-16
0.001,adaptive,13,14,0.90625,0.67451572418212891,0.67451572418212891,0
0.001,adaptive,13,15,0.9375,0.77247619628906239,0.7724761962890625,-1.1102230246251565e-16
0.001,adaptive,13,16,0.96875,0.8807382583618163,0.88073825836181641,-1.1102230246251565e-16
0.001,adaptive,13,17,1,1,1,0
0.001,adaptive,14,0,0,0,0,0
0.001,adaptive,14,1,0.125,0.00024414062500006635,0.000244140625,6.6353172956112871e-17
0.001,adaptive,14,2,0.25,0.0039062500000001336,0.00390625,1.3357370765021415e-16
0.001,adaptive,14,3,0.3125,0.0095367431640626648,0.0095367431640625,1.6479873021779667e-16
0.001,adaptive,14,4,0.375,0.019775390625000198,0.019775390625,1.9775847626135601e-16
0.001,adaptive,14,5,0.4375,0.036636352539062736,0.0366363525390625,2.3592239273284576e-16
0.001,adaptive,14,6,0.5,0.062500000000000278,0.0625,2.7755575615628914e-16
0.001,adaptive,14,7,0.5625,0.10011291503906282,0.1001129150390625,3.1918911957973251e-16
0.001,adaptive,14,8,0.625,0.15258789062500036,0.152587890625,3.6082248300317588e-16
0.001,adaptive,14,9,0.6875,0.22340393066406289,0.2234039306640625,3.8857805861880479e-16
0.001,adaptive,14,10,0.75,0.31640625000000039,0.31640625,3.8857805861880479e-16
0.001,adaptive,14,11,0.78125,0.37252902984619174,0.37252902984619141,3.3306690738754696e-16
0.001,adaptive,14,12,0.8125,0.43580627441406278,0.4358062744140625,2.7755575615628914e-16
0.001,adaptive,14,13,0.84375,0.50682163238525413,0.50682163238525391,2.2204460492503131e-16
0.001,adaptive,14,14,0.875,0.58618164062500011,0.586181640625,1.1102230246251565e-16
0.001,adaptive,14,15,0.90625,0.67451572418212891,0.67451572418212891,0
0.001,adaptive,14,16,0.9375,0.77247619628906239,0.7724761962890625,-1.1102230246251565e-16
0.001,adaptive,14,17,0.96875,0.8807382583618163,0.88073825836181641,-1.1102230246251565e-16
0.001,adaptive,14,18,1,1,1,0
0.001,adaptive,15,0,0,0,0,0
0.001,adaptive,15,1,0.125,0.00024414062500006635,0.000244140625,6.6353172956112871e-17
0.001,adaptive,15,2,0.25,0.0039062500000001336,0.00390625,1.3357370765021415e-16
0.001,adaptive,15,3,0.3125,0.0095367431640626648,0.0095367431640625,1.6479873021779667e-16
0.001,adaptive,15,4,0.375,0.019775390625000198,0.019775390625,1.9775847626135601e-16
0.001,adaptive,15,5,0.4375,0.036636352539062736,0.0366363525390625,2.3592239273284576e-16
0.001,adaptive,15,6,0.5,0.062500000000000278,0.0625,2.7755575615628914e-16
0.001,adaptive,15,7,0.5625,0.10011291503906282,0.1001129150390625,3.1918911957973251e-16
0.001,adaptive,15,8,0.625,0.15258789062500036,0.152587890625,3.6082248300317588e-16
0.001,adaptive,15,9,0.6875,0.22340393066406289,0.2234039306640625,3.8857805861880479e-16
0.001,adaptive,15,10,0.71875,0.26687717437744179,0.26687717437744141,3.8857805861880479e-16
0.001,adaptive,15,11,0.75,0.31640625000000039,0.31640625,3.8857805861880479e-16
0.001,adaptive,15,12,0.78125,0.37252902984619174,0.37252902984619141,3.3306690738754696e-16
0.001,adaptive,15,13,0.8125,0.43580627441406278,0.4358062744140625,2.7755575615628914e-16
0.001,adaptive,15,14,0.84375,0.50682163238525413,0.50682163238525391,2.2204460492503131e-16
0.001,adaptive,15,15,0.875,0.58618164062500011,0.586181640625,1.1102230246251565e-16
0.001,adaptive,15,16,0.90625,0.67451572418212891,0.67451572418212891,0
0.001,adaptive,15,17,0.9375,0.77247619628906239,0.7724761962890625,-1.1102230246251565e-16
0.001,adaptive,15,18,0.96875,0.8807382583618163,0.88073825836181641,-1.1102230246251565e-16
0.001,adaptive,15,19,1,1,1,0
0.001,adaptive,16,0,0,0,0,0
0.001,adaptive,16,1,0.125,0.00024414062500005855,0.000244140625,5.8546917314217239e-17
0.001,adaptive,16,2,0.25,0.003906250000000118,0.00390625,1.1796119636642288e-16
0.001,adaptive,16,3,0.3125,0.0095367431640626457,0.0095367431640625,1.457167719820518e-16
0.001,adaptive,16,4,0.375,0.019775390625000173,0.019775390625,1.7347234759768071e-16
0.001,adaptive,16,5,0.4375,0.036636352539062708,0.0366363525390625,2.0816681711721685e-16
0.001,adaptive,16,6,0.5,0.06250000000000025,0.0625,2.4980018054066022e-16
0.001,adaptive,16,7,0.5625,0.10011291503906279,0.1001129150390625,2.9143354396410359e-16
0.001,adaptive,16,8,0.625,0.15258789062500033,0.152587890625,3.3306690738754696e-16
0.001,adaptive,16,9,0.65625,0.18547153472900427,0.18547153472900391,3.6082248300317588e-16
0.001,adaptive,16,10,0.6875,0.22340393066406289,0.2234039306640625,3.8857805861880479e-16
0.001,adaptive,16,11,0.71875,0.26687717437744179,0.26687717437744141,3.8857805861880479e-16
0.001,adaptive,16,12,0.75,0.31640625000000039,0.31640625,3.8857805861880479e-16
0.001,adaptive,16,13,0.78125,0.37252902984619174,0.37252902984619141,3.3306690738754696e-16
0.001,adaptive,16,14,0.8125,0.43580627441406278,0.4358062744140625,2.7755575615628914e-16
0.001,adaptive,16,15,0.84375,0.50682163238525413,0.50682163238525391,2.2204460492503131e-16
0.001,adaptive,16,16,0.875,0.58618164062500011,0.586181640625,1.1102230246251565e-16
0.001,adaptive,16,17,0.90625,0.67451572418212891,0.67451572418212891,0
0.001,adaptive,16,18,0.9375,0.77247619628906239,0.7724761962890625,-1.1102230246251565e-16
0.001,adaptive,16,19,0.96875,0.8807382583618163,0.88073825836181641,-1.1102230246251565e-16
0.001,adaptive,16,20,1,1,1,0
0.001,adaptive,17,0,0,0,0,0
0.001,adaptive,17,1,0.125,0.00024414062499986079,0.000244140625,-1.3921155894713877e-16
0.001,adaptive,17,2,0.25,0.0039062499999997224,0.00390625,-2.7755575615628914e-16
0.001,adaptive,17,3,0.3125,0.0095367431640621513,0.0095367431640625,-3.4867941867133823e-16
0.001,adaptive,17,4,0.375,0.01977539062499958,0.019775390625,-4.1980308118638732e-16
0.001,adaptive,17,5,0.4375,0.036636352539062014,0.0366363525390625,-4.8572257327350599e-16
0.001,adaptive,17,6,0.5,0.062499999999999459,0.0625,-5.4123372450476381e-16
0.001,adaptive,17,7,0.5625,0.1001129150390619,0.1001129150390625,-5.9674487573602164e-16
0.001,adaptive,17,8,0.59375,0.12428379058837828,0.12428379058837891,-6.2450045135165055e-16
0.001,adaptive,17,9,0.625,0.15258789062499936,0.152587890625,-6.3837823915946501e-16
0.001,adaptive,17,10,0.65625,0.18547153472900327,0.18547153472900391,-6.3837823915946501e-16
0.001,adaptive,17,11,0.6875,0.22340393066406186,0.2234039306640625,-6.3837823915946501e-16
0.001,adaptive,17,12,0.71875,0.2668771743774408,0.26687717437744141,-6.106226635438361e-16
0.001,adaptive,17,13,0.75,0.31640624999999939,0.31640625,-6.106226635438361e-16
0.001,adaptive,17,14,0.78125,0.3725290298461908,0.37252902984619141,-6.106226635438361e-16
0.001,adaptive,17,15,0.8125,0.43580627441406189,0.4358062744140625,-6.106226635438361e-16
0.001,adaptive,17,16,0.84375,0.50682163238525335,0.50682163238525391,-5.5511151231257827e-16
0.001,adaptive,17,17,0.875,0.58618164062499944,0.586181640625,-5.5511151231257827e-16
0.001,adaptive,17,18,0.90625,0.67451572418212846,0.67451572418212891,-4.4408920985006262e-16
0.001,adaptive,17,19,0.9375,0.77247619628906217,0.7724761962890625,-3.3306690738754696e-16
0.001,adaptive,17,20,0.96875,0.88073825836181618,0.88073825836181641,-2.2204460492503131e-16
0.001,adaptive,17,21,1,1,1,0
0.001,adaptive,18,0,0,0,0,0
0.001,adaptive,18,1,0.125,0.00024414062499986296,0.000244140625,-1.3704315460216776e-16
0.001,adaptive,18,2,0.25,0.0039062499999997268,0.00390625,-2.7321894746634712e-16
0.001,adaptive,18,3,0.3125,0.0095367431640621565,0.0095367431640625,-3.434752482434078e-16
0.001,adaptive,18,4,0.375,0.019775390624999587,0.019775390625,-4.1286418728248009e-16
0.001,adaptive,18,5,0.4375,0.036636352539062021,0.0366363525390625,-4.7878367936959876e-16
0.001,adaptive,18,6,0.5,0.062499999999999466,0.0625,-5.3429483060085659e-16
0.001,adaptive,18,7,0.53125,0.079651832580565837,0.079651832580566406,-5.6898930012039273e-16
0.001,adaptive,18,8,0.5625,0.1001129150390619,0.1001129150390625,-5.9674487573602164e-16
0.001,adaptive,18,9,0.59375,0.12428379058837828,0.12428379058837891,-6.2450045135165055e-16
0.001,adaptive,18,10,0.625,0.15258789062499936,0.152587890625,-6.3837823915946501e-16
0.001,adaptive,18,11,0.65625,0.18547153472900327,0.18547153472900391,-6.3837823915946501e-16
0.001,adaptive,18,12,0.6875,0.22340393066406186,0.2234039306640625,-6.3837823915946501e-16
0.001,adaptive,18,13,0.71875,0.2668771743774408,0.26687717437744141,-6.106226635438361e-16
0.001,adaptive,18,14,0.75,0.31640624999999939,0.31640625,-6.106226635438361e-16
0.001,adaptive,18,15,0.78125,0.3725290298461908,0.37252902984619141,-6.106226635438361e-16
0.001,adaptive,18,16,0.8125,0.43580627441406189,0.4358062744140625,-6.106226635438361e-16
0.001,adaptive,18,17,0.84375,0.50682163238525335,0.50682163238525391,-5.5511151231257827e-16
0.001,adaptive,18,18,0.875,0.58618164062499944,0.586181640625,-5.5511151231257827e-16
0.001,adaptive,18,19,0.90625,0.67451572418212846,0.67451572418212891,-4.4408920985006262e-16
0.001,adaptive,18,20,0.9375,0.77247619628906217,0.7724761962890625,-3.3306690738754696e-16
0.001,adaptive,18,21,0.96875,0.88073825836181618,0.88073825836181641,-2.2204460492503131e-16
0.001,adaptive,18,22,1,1,1,0
0.001,adaptive,19,0,0,0,0,0
0.001,adaptive,19,1,0.125,0.00024414062499986309,0.000244140625,-1.3690762933060707e-16
0.001,adaptive,19,2,0.1875,0.0012359619140622947,0.0012359619140625,-2.0534789146875454e-16
0.001,adaptive,19,3,0.25,0.0039062499999997268,0.00390625,-2.7321894746634712e-16
0.001,adaptive,19,4,0.3125,0.0095367431640621565,0.0095367431640625,-3.434752482434078e-16
0.001,adaptive,19,5,0.375,0.019775390624999587,0.019775390625,-4.1286418728248009e-16
0.001,adaptive,19,6,0.4375,0.036636352539062021,0.0366363525390625,-4.7878367936959876e-16
0.001,adaptive,19,7,0.5,0.062499999999999466,0.0625,-5.3429483060085659e-16
0.001,adaptive,19,8,0.53125,0.079651832580565837,0.079651832580566406,-5.6898930012039273e-16
0.001,adaptive,19,9,0.5625,0.1001129150390619,0.1001129150390625,-5.9674487573602164e-16
0.001,adaptive,19,10,0.59375,0.12428379058837828,0.12428379058837891,-6.2450045135165055e-16
0.001,adaptive,19,11,0.625,0.15258789062499936,0.152587890625,-6.3837823915946501e-16
0.001,adaptive,19,12,0.65625,0.18547153472900327,0.18547153472900391,-6.3837823915946501e-16
0.001,adaptive,19,13,0.6875,0.22340393066406186,0.2234039306640625,-6.3837823915946501e-16
0.001,adaptive,19,14,0.71875,0.2668771743774408,0.26687717437744141,-6.106226635438361e-16
0.001,adaptive,19,15,0.75,0.31640624999999939,0.31640625,-6.106226635438361e-16
0.001,adaptive,19,16,0.78125,0.3725290298461908,0.37252902984619141,-6.106226635438361e-16
0.001,adaptive,19,17,0.8125,0.43580627441406189,0.4358062744140625,-6.106226635438361e-16
0.001,adaptive,19,18,0.84375,0.50682163238525335,0.50682163238525391,-5.5511151231257827e-16
0.001,adaptive,19,19,0.875,0.58618164062499944,0.586181640625,-5.5511151231257827e-16
0.001,adaptive,19,20,0.90625,0.67451572418212846,0.67451572418212891,-4.4408920985006262e-16
0.001,adaptive,19,21,0.9375,0.77247619628906217,0.7724761962890625,-3.3306690738754696e-16
0.001,adaptive,19,22,0.96875,0.88073825836181618,0.88073825836181641,-2.2204460492503131e-16
0.001,adaptive,19,23,1,1,1,0
0.001,adaptive,20,0,0,0,0,0
0.001,adaptive,20,1,0.125,0.00024414062499986656,0.000244140625,-1.3343818237865346e-16
0.001,adaptive,20,2,0.1875,0.0012359619140622999,0.0012359619140625,-2.0014372104082412e-16
0.001,adaptive,20,3,0.25,0.0039062499999997337,0.00390625,-2.6628005356243989e-16
0.001,adaptive,20,4,0.3125,0.0095367431640621652,0.0095367431640625,-3.3480163086352377e-16
0.001,adaptive,20,5,0.375,0.019775390624999598,0.019775390625,-4.0245584642661925e-16
0.001,adaptive,20,6,0.4375,0.036636352539062035,0.0366363525390625,-4.649058915617843e-16
0.001,adaptive,20,7,0.46875,0.048279762268065907,0.048279762268066406,-4.9960036108132044e-16
0.001,adaptive,20,8,0.5,0.062499999999999466,0.0625,-5.3429483060085659e-16
0.001,adaptive,20,9,0.53125,0.079651832580565837,0.079651832580566406,-5.6898930012039273e-16
0.001,adaptive,20,10,0.5625,0.1001129150390619,0.1001129150390625,-5.9674487573602164e-16
0.001,adaptive,20,11,0.59375,0.12428379058837828,0.12428379058837891,-6.2450045135165055e-16
0.001,adaptive,20,12,0.625,0.15258789062499936,0.152587890625,-6.3837823915946501e-16
0.001,adaptive,20,13,0.65625,0.18547153472900327,0.18547153472900391,-6.3837823915946501e-16
0.001,adaptive,20,14,0.6875,0.22340393066406186,0.2234039306640625,-6.3837823915946501e-16
0.001,adaptive,20,15,0.71875,0.2668771743774408,0.26687717437744141,-6.106226635438361e-16
0.001,adaptive,20,16,0.75,0.31640624999999939,0.31640625,-6.106226635438361e-16
0.001,adaptive,20,17,0.78125,0.3725290298461908,0.37252902984619141,-6.106226635438361e-16
0.001,adaptive,20,18,0.8125,0.43580627441406189,0.4358062744140625,-6.106226635438361e-16
0.001,adaptive,20,19,0.84375,0.50682163238525335,0.50682163238525391,-5.5511151231257827e-16
0.001,adaptive,20,20,0.875,0.58618164062499944,0.586181640625,-5.5511151231257827e-16
0.001,adaptive,20,21,0.90625,0.67451572418212846,0.67451572418212891,-4.4408920985006262e-16
0.001,adaptive,20,22,0.9375,0.77247619628906217,0.7724761962890625,-3.3306690738754696e-16
0.001,adaptive,20,23,0.96875,0.88073825836181618,0.88073825836181641,-2.2204460492503131e-16
0.001,adaptive,20,24,1,1,1,0
0.001,adaptive,21,0,0,0,0,0
0.001,adaptive,21,1,0.125,0.00024414062499986656,0.000244140625,-1.3343818237865346e-16
0.001,adaptive,21,2,0.1875,0.0012359619140622999,0.0012359619140625,-2.0014372104082412e-16
0.001,adaptive,21,3,0.25,0.0039062499999997337,0.00390625,-2.6628005356243989e-16
0.001,adaptive,21,4,0.3125,0.0095367431640621652,0.0095367431640625,-3.3480163086352377e-16
0.001,adaptive,21,5,0.375,0.019775390624999598,0.019775390625,-4.0245584642661925e-16
0.001,adaptive,21,6,0.4375,0.036636352539062035,0.0366363525390625,-4.649058915617843e-16
0.001,adaptive,21,7,0.46875,0.048279762268065907,0.048279762268066406,-4.9960036108132044e-16
0.001,adaptive,21,8,0.5,0.062499999999999466,0.0625,-5.3429483060085659e-16
0.001,adaptive,21,9,0.53125,0.079651832580565837,0.079651832580566406,-5.6898930012039273e-16
0.001,adaptive,21,10,0.5625,0.1001129150390619,0.1001129150390625,-5.9674487573602164e-16
0.001,adaptive,21,11,0.59375,0.12428379058837828,0.12428379058837891,-6.2450045135165055e-16
0.001,adaptive,21,12,0.625,0.15258789062499936,0.152587890625,-6.3837823915946501e-16
0.001,adaptive,21,13,0.65625,0.18547153472900327,0.18547153472900391,-6.3837823915946501e-16
0.001,adaptive,21,14,0.6875,0.22340393066406186,0.2234039306640625,-6.3837823915946501e-16
0.001,adaptive,21,15,0.71875,0.2668771743774408,0.26687717437744141,-6.106226635438361e-16
0.001,adaptive,21,16,0.75,0.31640624999999939,0.31640625,-6.106226635438361e-16
0.001,adaptive,21,17,0.78125,0.3725290298461908,0.37252902984619141,-6.106226635438361e-16
0.001,adaptive,21,18,0.8125,0.43580627441406189,0.4358062744140625,-6.106226635438361e-16
0.001,adaptive,21,19,0.84375,0.50682163238525335,0.50682163238525391,-5.5511151231257827e-16
0.001,adaptive,21,20,0.875,0.58618164062499956,0.586181640625,-4.4408920985006262e-16
0.001,adaptive,21,21,0.90625,0.67451572418212857,0.67451572418212891,-3.3306690738754696e-16
0.001,adaptive,21,22,0.9375,0.77247619628906228,0.7724761962890625,-2.2204460492503131e-16
0.001,adaptive,21,23,0.96875,0.8807382583618163,0.88073825836181641,-1.1102230246251565e-16
0.001,adaptive,21,24,0.984375,0.93894964456558228,0.93894964456558228,0
0.001,adaptive,21,25,1,1,1,0
0.001,adaptive,22,0,0,0,0,0
0.001,adaptive,22,1,0.125,0.00024414062499986656,0.000244140625,-1.3343818237865346e-16
0.001,adaptive,22,2,0.1875,0.0012359619140622999,0.0012359619140625,-2.0014372104082412e-16
0.001,adaptive,22,3,0.25,0.0039062499999997337,0.00390625,-2.6628005356243989e-16
0.001,adaptive,22,4,0.3125,0.0095367431640621652,0.0095367431640625,-3.3480163086352377e-16
0.001,adaptive,22,5,0.375,0.019775390624999598,0.019775390625,-4.0245584642661925e-16
0.001,adaptive,22,6,0.4375,0.036636352539062035,0.0366363525390625,-4.649058915617843e-16
0.001,adaptive,22,7,0.46875,0.048279762268065907,0.048279762268066406,-4.9960036108132044e-16
0.001,adaptive,22,8,0.5,0.062499999999999466,0.0625,-5.3429483060085659e-16
0.001,adaptive,22,9,0.53125,0.079651832580565837,0.079651832580566406,-5.6898930012039273e-16
0.001,adaptive,22,10,0.5625,0.1001129150390619,0.1001129150390625,-5.9674487573602164e-16
0.001,adaptive,22,11,0.59375,0.12428379058837828,0.12428379058837891,-6.2450045135165055e-16
0.001,adaptive,22,12,0.625,0.15258789062499936,0.152587890625,-6.3837823915946501e-16
0.001,adaptive,22,13,0.65625,0.18547153472900327,0.18547153472900391,-6.3837823915946501e-16
0.001,adaptive,22,14,0.6875,0.22340393066406186,0.2234039306640625,-6.3837823915946501e-16
0.001,adaptive,22,15,0.71875,0.2668771743774408,0.26687717437744141,-6.106226635438361e-16
0.001,adaptive,22,16,0.75,0.31640624999999939,0.31640625,-6.106226635438361e-16
0.001,adaptive,22,17,0.78125,0.3725290298461908,0.37252902984619141,-6.106226635438361e-16
0.001,adaptive,22,18,0.8125,0.43580627441406189,0.4358062744140625,-6.106226635438361e-16
0.001,adaptive,22,19,0.84375,0.50682163238525335,0.50682163238525391,-5.5511151231257827e-16
0.001,adaptive,22,20,0.875,0.58618164062499956,0.586181640625,-4.4408920985006262e-16
0.001,adaptive,22,21,0.90625,0.67451572418212857,0.67451572418212891,-3.3306690738754696e-16
0.001,adaptive,22,22,0.9375,0.77247619628906228,0.7724761962890625,-2.2204460492503131e-16
0.001,adaptive,22,23,0.953125,0.82527643442153908,0.82527643442153931,-2.2204460492503131e-16
0.001,adaptive,22,24,0.96875,0.8807382583618163,0.88073825836181641,-1.1102230246251565e-16
0.001,adaptive,22,25,0.984375,0.93894964456558228,0.93894964456558228,0
0.001,adaptive,22,26,1,1,1,0
0.001,adaptive,23,0,0,0,0,0
0.001,adaptive,23,1,0.125,0.00024414062499986656,0.000244140625,-1.3343818237865346e-16
0.001,adaptive,23,2,0.1875,0.0012359619140622999,0.0012359619140625,-2.0014372104082412e-16
0.001,adaptive,23,3,0.25,0.0039062499999997337,0.00390625,-2.6628005356243989e-16
0.001,adaptive,23,4,0.3125,0.0095367431640621652,0.0095367431640625,-3.3480163086352377e-16
0.001,adaptive,23,5,0.375,0.019775390624999598,0.019775390625,-4.0245584642661925e-16
0.001,adaptive,23,6,0.4375,0.036636352539062035,0.0366363525390625,-4.649058915617843e-16
0.001,adaptive,23,7,0.46875,0.048279762268065907,0.048279762268066406,-4.9960036108132044e-16
0.001,adaptive,23,8,0.5,0.062499999999999466,0.0625,-5.3429483060085659e-16
0.001,adaptive,23,9,0.53125,0.079651832580565837,0.079651832580566406,-5.6898930012039273e-16
0.001,adaptive,23,10,0.5625,0.1001129150390619,0.1001129150390625,-5.9674487573602164e-16
0.001,adaptive,23,11,0.59375,0.12428379058837828,0.12428379058837891,-6.2450045135165055e-16
0.001,adaptive,23,12,0.625,0.15258789062499936,0.152587890625,-6.3837823915946501e-16
0.001,adaptive,23,13,0.65625,0.18547153472900327,0.18547153472900391,-6.3837823915946501e-16
0.001,adaptive,23,14,0.6875,0.22340393066406186,0.2234039306640625,-6.3837823915946501e-16
0.001,adaptive,23,15,0.71875,0.2668771743774408,0.26687717437744141,-6.106226635438361e-16
0.001,adaptive,23,16,0.75,0.31640624999999939,0.31640625,-6.106226635438361e-16
0.001,adaptive,23,17,0.78125,0.3725290298461908,0.37252902984619141,-6.106226635438361e-16
0.001,adaptive,23,18,0.8125,0.43580627441406189,0.4358062744140625,-6.106226635438361e-16
0.001,adaptive,23,19,0.84375,0.50682163238525335,0.50682163238525391,-5.5511151231257827e-16
0.001,adaptive,23,20,0.875,0.58618164062499944,0.586181640625,-5.5511151231257827e-16
0.001,adaptive,23,21,0.90625,0.67451572418212846,0.67451572418212891,-4.4408920985006262e-16
0.001,adaptive,23,22,0.921875,0.72225099802017179,0.72225099802017212,-3.3306690738754696e-16
0.001,adaptive,23,23,0.9375,0.77247619628906228,0.7724761962890625,-2.2204460492503131e-16
0.001,adaptive,23,24,0.953125,0.82527643442153908,0.82527643442153931,-2.2204460492503131e-16
0.001,adaptive,23,25,0.96875,0.8807382583618163,0.88073825836181641,-1.1102230246251565e-16
0.001,adaptive,23,26,0.984375,0.93894964456558228,0.93894964456558228,0
0.001,adaptive,23,27,1,1,1,0
0.001,adaptive,24,0,0,0,0,0
0.001,adaptive,24,1,0.125,0.00024414062499996907,0.000244140625,-3.0926866970149014e-17
0.001,adaptive,24,2,0.1875,0.0012359619140624536,0.0012359619140625,-4.640385298237959e-17
0.001,adaptive,24,3,0.25,0.0039062499999999389,0.00390625,-6.114900252818245e-17
0.001,adaptive,24,4,0.3125,0.0095367431640624219,0.0095367431640625,-7.8062556418956319e-17
0.001,adaptive,24,5,0.375,0.019775390624999906,0.019775390625,-9.3675067702747583e-17
0.001,adaptive,24,6,0.4375,0.036636352539062396,0.0366363525390625,-1.0408340855860843e-16
0.001,adaptive,24,7,0.46875,0.048279762268066295,0.048279762268066406,-1.1102230246251565e-16
0.001,adaptive,24,8,0.5,0.062499999999999882,0.0625,-1.1796119636642288e-16
0.001,adaptive,24,9,0.53125,0.079651832580566281,0.079651832580566406,-1.2490009027033011e-16
0.001,adaptive,24,10,0.5625,0.10011291503906238,0.1001129150390625,-1.2490009027033011e-16
0.001,adaptive,24,11,0.59375,0.12428379058837878,0.12428379058837891,-1.2490009027033011e-16
0.001,adaptive,24,12,0.625,0.15258789062499989,0.152587890625,-1.1102230246251565e-16
0.001,adaptive,24,13,0.65625,0.18547153472900382,0.18547153472900391,-8.3266726846886741e-17
0.001,adaptive,24,14,0.6875,0.22340393066406244,0.2234039306640625,-5.5511151231257827e-17
0.001,adaptive,24,15,0.71875,0.26687717437744141,0.26687717437744141,0
0.001,adaptive,24,16,0.75,0.31640625000000011,0.31640625,1.1102230246251565e-16
0.001,adaptive,24,17,0.78125,0.37252902984619157,0.37252902984619141,1.6653345369377348e-16
0.001,adaptive,24,18,0.8125,0.43580627441406272,0.4358062744140625,2.2204460492503131e-16
0.001,adaptive,24,19,0.84375,0.50682163238525424,0.50682163238525391,3.3306690738754696e-16
0.001,adaptive,24,20,0.875,0.58618164062500044,0.586181640625,4.4408920985006262e-16
0.001,adaptive,24,21,0.890625,0.62918668985366877,0.62918668985366821,5.5511151231257827e-16
0.001,adaptive,24,22,0.90625,0.67451572418212946,0.67451572418212891,5.5511151231257827e-16
0.001,adaptive,24,23,0.921875,0.72225099802017267,0.72225099802017212,5.5511151231257827e-16
0.001,adaptive,24,24,0.9375,0.77247619628906306,0.7724761962890625,5.5511151231257827e-16
0.001,adaptive,24,25,0.953125,0.82527643442153986,0.82527643442153931,5.5511151231257827e-16
0.001,adaptive,24,26,0.96875,0.88073825836181685,0.88073825836181641,4.4408920985006262e-16
0.001,adaptive,24,27,0.984375,0.9389496445655825,0.93894964456558228,2.2204460492503131e-16
0.001,adaptive,24,28,1,1,1,0
0.001,adaptive,25,0,0,0,0,0
0.001,adaptive,25,1,0.125,0.00024414062499996907,0.000244140625,-3.0926866970149014e-17
0.001,adaptive,25,2,0.1875,0.0012359619140624536,0.0012359619140625,-4.640385298237959e-17
0.001,adaptive,25,3,0.25,0.0039062499999999389,0.00390625,-6.114900252818245e-17
0.001,adaptive,25,4,0.3125,0.0095367431640624219,0.0095367431640625,-7.8062556418956319e-17
0.001,adaptive,25,5,0.375,0.019775390624999906,0.019775390625,-9.3675067702747583e-17
0.001,adaptive,25,6,0.40625,0.027237892150878806,0.027237892150878906,-1.0061396160665481e-16
0.001,adaptive,25,7,0.4375,0.036636352539062396,0.0366363525390625,-1.0408340855860843e-16
0.001,adaptive,25,8,0.46875,0.048279762268066295,0.048279762268066406,-1.1102230246251565e-16
0.001,adaptive,25,9,0.5,0.062499999999999882,0.0625,-1.1796119636642288e-16
0.001,adaptive,25,10,0.53125,0.079651832580566281,0.079651832580566406,-1.2490009027033011e-16
0.001,adaptive,25,11,0.5625,0.10011291503906238,0.1001129150390625,-1.2490009027033011e-16
0.001,adaptive,25,12,0.59375,0.12428379058837878,0.12428379058837891,-1.2490009027033011e-16
0.001,adaptive,25,13,0.625,0.15258789062499989,0.152587890625,-1.1102230246251565e-16
0.001,adaptive,25,14,0.65625,0.18547153472900382,0.18547153472900391,-8.3266726846886741e-17
0.001,adaptive,25,15,0.6875,0.22340393066406244,0.2234039306640625,-5.5511151231257827e-17
0.001,adaptive,25,16,0.71875,0.26687717437744141,0.26687717437744141,0
0.001,adaptive,25,17,0.75,0.31640625000000011,0.31640625,1.1102230246251565e-16
0.001,adaptive,25,18,0.78125,0.37252902984619157,0.37252902984619141,1.6653345369377348e-16
0.001,adaptive,25,19,0.8125,0.43580627441406272,0.4358062744140625,2.2204460492503131e-16
0.001,adaptive,25,20,0.84375,0.50682163238525424,0.50682163238525391,3.3306690738754696e-16
0.001,adaptive,25,21,0.875,0.58618164062500044,0.586181640625,4.4408920985006262e-16
0.001,adaptive,25,22,0.890625,0.62918668985366877,0.62918668985366821,5.5511151231257827e-16
0.001,adaptive,25,23,0.90625,0.67451572418212946,0.67451572418212891,5.5511151231257827e-16
0.001,adaptive,25,24,0.921875,0.72225099802017267,0.72225099802017212,5.5511151231257827e-16
0.001,adaptive,25,25,0.9375,0.77247619628906306,0.7724761962890625,5.5511151231257827e-16
0.001,adaptive,25,26,0.953125,0.82527643442153986,0.82527643442153931,5.5511151231257827e-16
0.001,adaptive,25,27,0.96875,0.88073825836181685,0.88073825836181641,4.4408920985006262e-16
0.001,adaptive,25,28,0.984375,0.9389496445655825,0.93894964456558228,2.2204460492503131e-16
0.001,adaptive,25,29,1,1,1,0
0.001,adaptive,26,0,0,0,0,0
0.001,adaptive,26,1,0.125,0.00024414062499996907,0.000244140625,-3.0926866970149014e-17
0.001,adaptive,26,2,0.1875,0.0012359619140624536,0.0012359619140625,-4.640385298237959e-17
0.001,adaptive,26,3,0.25,0.0039062499999999389,0.00390625,-6.114900252818245e-17
0.001,adaptive,26,4,0.3125,0.0095367431640624219,0.0095367431640625,-7.8062556418956319e-17
0.001,adaptive,26,5,0.375,0.019775390624999906,0.019775390625,-9.3675067702747583e-17
0.001,adaptive,26,6,0.40625,0.027237892150878806,0.027237892150878906,-1.0061396160665481e-16
0.001,adaptive,26,7,0.4375,0.036636352539062396,0.0366363525390625,-1.0408340855860843e-16
0.001,adaptive,26,8,0.46875,0.048279762268066295,0.048279762268066406,-1.1102230246251565e-16
0.001,adaptive,26,9,0.5,0.062499999999999882,0.0625,-1.1796119636642288e-16
0.001,adaptive,26,10,0.53125,0.079651832580566281,0.079651832580566406,-1.2490009027033011e-16
0.001,adaptive,26,11,0.5625,0.10011291503906238,0.1001129150390625,-1.2490009027033011e-16
0.001,adaptive,26,12,0.59375,0.12428379058837878,0.12428379058837891,-1.2490009027033011e-16
0.001,adaptive,26,13,0.625,0.15258789062499989,0.152587890625,-1.1102230246251565e-16
0.001,adaptive,26,14,0.65625,0.18547153472900382,0.18547153472900391,-8.3266726846886741e-17
0.001,adaptive,26,15,0.6875,0.22340393066406244,0.2234039306640625,-5.5511151231257827e-17
0.001,adaptive,26,16,0.71875,0.26687717437744141,0.26687717437744141,0
0.001,adaptive,26,17,0.75,0.31640625000000011,0.31640625,1.1102230246251565e-16
0.001,adaptive,26,18,0.78125,0.37252902984619157,0.37252902984619141,1.6653345369377348e-16
0.001,adaptive,26,19,0.8125,0.43580627441406272,0.4358062744140625,2.2204460492503131e-16
0.001,adaptive,26,20,0.84375,0.50682163238525424,0.50682163238525391,3.3306690738754696e-16
0.001,adaptive,26,21,0.859375,0.54541975259780917,0.54541975259780884,3.3306690738754696e-16
0.001,adaptive,26,22,0.875,0.58618164062500044,0.586181640625,4.4408920985006262e-16
0.001,adaptive,26,23,0.890625,0.62918668985366877,0.62918668985366821,5.5511151231257827e-16
0.001,adaptive,26,24,0.90625,0.67451572418212946,0.67451572418212891,5.5511151231257827e-16
0.001,adaptive,26,25,0.921875,0.72225099802017267,0.72225099802017212,5.5511151231257827e-16
0.001,adaptive,26,26,0.9375,0.77247619628906306,0.7724761962890625,5.5511151231257827e-16
0.001,adaptive,26,27,0.953125,0.82527643442153986,0.82527643442153931,5.5511151231257827e-16
0.001,adaptive,26,28,0.96875,0.88073825836181685,0.88073825836181641,4.4408920985006262e-16
0.001,adaptive,26,29,0.984375,0.9389496445655825,0.93894964456558228,2.2204460492503131e-16
0.001,adaptive,26,30,1,1,1,0
0.001,adaptive,27,0,0,0,0,0
0.001,adaptive,27,1,0.125,0.00024414062499996907,0.000244140625,-3.0926866970149014e-17
0.001,adaptive,27,2,0.1875,0.0012359619140624536,0.0012359619140625,-4.640385298237959e-17
0.001,adaptive,27,3,0.25,0.0039062499999999389,0.00390625,-6.114900252818245e-17
0.001,adaptive,27,4,0.3125,0.0095367431640624219,0.0095367431640625,-7.8062556418956319e-17
0.001,adaptive,27,5,0.375,0.019775390624999906,0.019775390625,-9.3675067702747583e-17
0.001,adaptive,27,6,0.40625,0.027237892150878806,0.027237892150878906,-1.0061396160665481e-16
0.001,adaptive,27,7,0.4375,0.036636352539062396,0.0366363525390625,-1.0408340855860843e-16
0.001,adaptive,27,8,0.46875,0.048279762268066295,0.048279762268066406,-1.1102230246251565e-16
0.001,adaptive,27,9,0.5,0.062499999999999882,0.0625,-1.1796119636642288e-16
0.001,adaptive,27,10,0.53125,0.079651832580566281,0.079651832580566406,-1.2490009027033011e-16
0.001,adaptive,27,11,0.5625,0.10011291503906238,0.1001129150390625,-1.2490009027033011e-16
0.001,adaptive,27,12,0.59375,0.12428379058837878,0.12428379058837891,-1.2490009027033011e-16
0.001,adaptive,27,13,0.625,0.15258789062499989,0.152587890625,-1.1102230246251565e-16
0.001,adaptive,27,14,0.65625,0.18547153472900382,0.18547153472900391,-8.3266726846886741e-17
0.001,adaptive,27,15,0.6875,0.22340393066406244,0.2234039306640625,-5.5511151231257827e-17
0.001,adaptive,27,16,0.71875,0.26687717437744141,0.26687717437744141,0
0.001,adaptive,27,17,0.75,0.31640625000000006,0.31640625,5.5511151231257827e-17
0.001,adaptive,27,18,0.78125,0.37252902984619152,0.37252902984619141,1.1102230246251565e-16
0.001,adaptive,27,19,0.8125,0.43580627441406267,0.4358062744140625,1.6653345369377348e-16
0.001,adaptive,27,20,0.828125,0.47030931711196922,0.47030931711196899,2.2204460492503131e-16
0.001,adaptive,27,21,0.84375,0.50682163238525424,0.50682163238525391,3.3306690738754696e-16
0.001,adaptive,27,22,0.859375,0.54541975259780917,0.54541975259780884,3.3306690738754696e-16
0.001,adaptive,27,23,0.875,0.58618164062500044,0.586181640625,4.4408920985006262e-16
0.001,adaptive,27,24,0.890625,0.62918668985366877,0.62918668985366821,5.5511151231257827e-16
0.001,adaptive,27,25,0.90625,0.67451572418212946,0.67451572418212891,5.5511151231257827e-16
0.001,adaptive,27,26,0.921875,0.72225099802017267,0.72225099802017212,5.5511151231257827e-16
0.001,adaptive,27,27,0.9375,0.77247619628906306,0.7724761962890625,5.5511151231257827e-16
0.001,adaptive,27,28,0.953125,0.82527643442153986,0.82527643442153931,5.5511151231257827e-16
0.001,adaptive,27,29,0.96875,0.88073825836181685,0.88073825836181641,4.4408920985006262e-16
0.001,adaptive,27,30,0.984375,0.9389496445655825,0.93894964456558228,2.2204460492503131e-16
0.001,adaptive,27,31,1,1,1,0
0.001,uniform_same_count,0,0,0,0,0,0
0.001,uniform_same_count,0,1,0.032258064516129031,1.082812410316847e-06,1.0828124103295972e-06,-1.2750175196782169e-17
0.001,uniform_same_count,0,2,0.064516129032258063,1.7324998565248059e-05,1.7324998565273555e-05,-2.549569171235444e-17
0.001,uniform_same_count,0,3,0.096774193548387094,8.770780523665915e-05,8.7707805236697368e-05,-3.8218126580114031e-17
0.001,uniform_same_count,0,4,0.12903225806451613,0.00027719997704432609,0.00027719997704437688,-5.0794871780945883e-17
0.001,uniform_same_count,0,5,0.16129032258064516,0.0006767577564559344,0.00067675775645599826,-6.3859507959396211e-17
0.001,uniform_same_count,0,6,0.19354838709677419,0.001403324883787082,0.0014033248837871579,-7.589415207398531e-17
0.001,uniform_same_count,0,7,0.22580645161290322,0.0025998325972012735,0.0025998325972013629,-8.9338259012805565e-17
0.001,uniform_same_count,0,8,0.25806451612903225,0.0044351996327099295,0.0044351996327100301,-1.0061396160665481e-16
0.001,uniform_same_count,0,9,0.29032258064516131,0.0071043322241723748,0.0071043322241724893,-1.1449174941446927e-16
0.001,uniform_same_count,0,10,0.32258064516129031,0.010828124103295837,0.010828124103295972,-1.3530843112619095e-16
0.001,uniform_same_count,0,11,0.35483870967741937,0.015853456499635491,0.015853456499635637,-1.457167719820518e-16
0.001,uniform_same_count,0,12,0.38709677419354838,0.022453198140594363,0.022453198140594526,-1.6306400674181987e-16
0.001,uniform_same_count,0,13,0.41935483870967744,0.030926205251423439,0.030926205251423634,-1.9428902930940239e-16
0.001,uniform_same_count,0,14,0.45161290322580644,0.04159732155522157,0.041597321555221806,-2.3592239273284576e-16
0.001,uniform_same_count,0,15,0.4838709677419355,0.054817378272935598,0.054817378272935868,-2.7061686225238191e-16
0.001,uniform_same_count,0,16,0.5161290322580645,0.07096319412336019,0.070963194123360482,-2.9143354396410359e-16
0.001,uniform_same_count,0,17,0.54838709677419351,0.090437575323137995,0.090437575323138258,-2.6367796834847468e-16
0.001,uniform_same_count,0,18,0.58064516129032262,0.1136693155867595,0.11366931558675983,-3.3306690738754696e-16
0.001,uniform_same_count,0,19,0.61290322580645162,0.14111319612656312,0.14111319612656345,-3.3306690738754696e-16
0.001,uniform_same_count,0,20,0.64516129032258063,0.17324998565273511,0.17324998565273556,-4.4408920985006262e-16
0.001,uniform_same_count,0,21,0.67741935483870963,0.21058644037331001,0.21058644037331034,-3.3306690738754696e-16
0.001,uniform_same_count,0,22,0.70967741935483875,0.2536553039941698,0.25365530399417019,-3.8857805861880479e-16
0.001,uniform_same_count,0,23,0.74193548387096775,0.30301530771904445,0.30301530771904484,-3.8857805861880479e-16
0.001,uniform_same_count,0,24,0.77419354838709675,0.35925117024951198,0.35925117024951242,-4.4408920985006262e-16
0.001,uniform_same_count,0,25,0.80645161290322576,0.42297359778499849,0.42297359778499882,-3.3306690738754696e-16
0.001,uniform_same_count,0,26,0.83870967741935487,0.49481928402277769,0.49481928402277814,-4.4408920985006262e-16
0.001,uniform_same_count,0,27,0.87096774193548387,0.57545091015797112,0.57545091015797156,-4.4408920985006262e-16
0.001,uniform_same_count,0,28,0.90322580645161288,0.66555714488354845,0.66555714488354889,-4.4408920985006262e-16
0.001,uniform_same_count,0,29,0.93548387096774188,0.76585264439032763,0.76585264439032774,-1.1102230246251565e-16
0.001,uniform_same_count,0,30,0.967741935483871,0.87707805236697389,0.87707805236697389,0
0.001,uniform_same_count,0,31,1,1,1,0
0.001,uniform_bound,0,0,0,0,0,0
0.001,uniform_bound,0,1,0.02564102564102564,4.3225653907279361e-07,4.3225653906885883e-07,3.9347856773514454e-18
0.001,uniform_bound,0,2,0.05128205128205128,6.9161046251096085e-06,6.9161046251017412e-06,7.8672420140979415e-18
0.001,uniform_bound,0,3,0.076923076923076927,3.5012779664589362e-05,3.5012779664577579e-05,1.1783922362201826e-17
0.001,uniform_bound,0,4,0.10256410256410256,0.00011065767400164358,0.00011065767400162786,1.5720931501039814e-17
0.001,uniform_bound,0,5,0.12820512820512819,0.00027016033691805631,0.00027016033691803674,1.9569849213363355e-17
0.001,uniform_bound,0,6,0.15384615384615385,0.00056020447463326468,0.00056020447463324126,2.3418766925686896e-17
0.001,uniform_bound,0,7,0.17948717948717949,0.0010378479503043577,0.0010378479503043302,2.7538735181131813e-17
0.001,uniform_bound,0,8,0.20512820512820512,0.0017705227840260768,0.0017705227840260458,3.1008182133085427e-17
0.001,uniform_bound,0,9,0.23076923076923078,0.0028360351528308185,0.0028360351528307838,3.4694469519536142e-17
0.001,uniform_bound,0,10,0.25641025641025639,0.004322565390688626,0.0043225653906885878,3.8163916471489756e-17
0.001,uniform_bound,0,11,0.28205128205128205,0.0063286679885072054,0.0063286679885071629,4.2500725161431774e-17
0.001,uniform_bound,0,12,0.30769230769230771,0.0089632715941319052,0.0089632715941318601,4.5102810375396984e-17
0.001,uniform_bound,0,13,0.33333333333333331,0.012345679012345723,0.012345679012345677,4.6837533851373792e-17
0.001,uniform_bound,0,14,0.35897435897435898,0.016605567204869342,0.016605567204869283,5.8980598183211441e-17
0.001,uniform_bound,0,15,0.38461538461538464,0.02188298729036104,0.021882987290360988,5.2041704279304213e-17
0.001,uniform_bound,0,16,0.41025641025641024,0.028328364544416798,0.028328364544416732,6.591949208711867e-17
0.001,uniform_bound,0,17,0.4358974358974359,0.036102498399570249,0.036102498399570165,8.3266726846886741e-17
0.001,uniform_bound,0,18,0.46153846153846156,0.045376562445292604,0.045376562445292541,6.2450045135165055e-17
0.001,uniform_bound,0,19,0.48717948717948717,0.056332104427992843,0.056332104427992753,9.0205620750793969e-17
0.001,uniform_bound,0,20,0.51282051282051277,0.069161046251017474,0.069161046251017405,6.9388939039072284e-17
0.001,uniform_bound,0,21,0.53846153846153844,0.084065683974650779,0.084065683974650737,4.163336342344337e-17
0.001,uniform_bound,0,22,0.5641025641025641,0.1012586878161147,0.10125868781611461,9.7144514654701197e-17
0.001,uniform_bound,0,23,0.58974358974358976,0.12096310214956868,0.12096310214956855,1.2490009027033011e-16
0.001,uniform_bound,0,24,0.61538461538461542,0.14341234550610987,0.14341234550610976,1.1102230246251565e-16
0.001,uniform_bound,0,25,0.64102564102564108,0.1688502105737732,0.16885021057377306,1.3877787807814457e-16
0.001,uniform_bound,0,26,0.66666666666666663,0.19753086419753094,0.19753086419753083,1.1102230246251565e-16
0.001,uniform_bound,0,27,0.69230769230769229,0.22971884737929368,0.22971884737929341,2.7755575615628914e-16
0.001,uniform_bound,0,28,0.71794871794871795,0.26568907527790886,0.26568907527790853,3.3306690738754696e-16
0.001,uniform_bound,0,29,0.74358974358974361,0.30572683720916199,0.30572683720916161,3.8857805861880479e-16
0.001,uniform_bound,0,30,0.76923076923076927,0.35012779664577603,0.35012779664577581,2.2204460492503131e-16
0.001,uniform_bound,0,31,0.79487179487179482,0.39919799121741201,0.39919799121741156,4.4408920985006262e-16
0.001,uniform_bound,0,32,0.82051282051282048,0.45325383271066816,0.45325383271066771,4.4408920985006262e-16
0.001,uniform_bound,0,33,0.84615384615384615,0.51262210706908085,0.51262210706908018,6.6613381477509392e-16
0.001,uniform_bound,0,34,0.87179487179487181,0.57763997439312331,0.57763997439312265,6.6613381477509392e-16
0.001,uniform_bound,0,35,0.89743589743589747,0.64865496894020702,0.64865496894020647,5.5511151231257827e-16
0.001,uniform_bound,0,36,0.92307692307692313,0.72602499912468077,0.72602499912468066,1.1102230246251565e-16
0.001,uniform_bound,0,37,0.94871794871794868,0.81011834751783185,0.81011834751783152,3.3306690738754696e-16
0.001,uniform_bound,0,38,0.97435897435897434,0.90131367084788427,0.90131367084788405,2.2204460492503131e-16
0.001,uniform_bound,0,39,1,1,1,0
