direction,N,M,fine_N,fine_M,difference_inf,fine_error_estimate,observed_order
space,8,10,16,10,0.0033829041637921109,0.001127634721264037,2.0015947772542284
time,8,10,8,20,0.0084342732770393836,0.0084342732770393836,0.95710430979022365
space,8,20,16,20,0.0034644137271175879,0.0011548045757058627,2.0015878938334195
time,8,20,8,40,0.0043444075739181853,0.0043444075739181853,0.97813540228288109
space,8,40,16,40,0.0035069074010037893,0.0011689691336679298,2.0015842049532511
time,8,40,8,80,0.0022053750971089414,0.0022053750971089414,0.98895972210237015
space,8,80,16,80,0.0035286130012782135,0.0011762043337594046,2.0015822934728025
time,8,80,8,160,0.0011111582763104755,0.0011111582763104755,0.99445236936763193
space,8,160,16,160,0.0035395836887665011,0.0011798612295888338,2.0015813202345281
time,8,160,8,320,0.00055771963305567551,0.00055771963305567551,0.99721924818126861
space,8,320,16,320,0.003545098916692635,0.0011816996388975449,2.0015808291432662
time,8,320,8,640,0.00027939782887215214,0.00027939782887215214,0.99860788222811081
space,8,640,16,640,0.0035478640541067308,0.0011826213513689103,2.0015805824685224
time,8,640,8,1280,0.0001398337809157546,0.0001398337809157546,0.99930350611891405
space,8,1280,16,1280,0.0035492485103318927,0.0011830828367772976,2.0015804590469375
time,8,1280,8,2560,6.9950652577810413e-05,6.9950652577810413e-05,
space,8,2560,16,2560,0.0035499412111140716,0.0011833137370380238,2.0015803969707435
space,16,10,32,10,0.00084479167891843288,0.00028159722630614431,2.0004062339202187
time,16,10,16,20,0.0085157828403648606,0.0085157828403648606,0.95693692966583788
space,16,20,32,20,0.00086515068453207888,0.00028838356151069294,2.0004048935181094
time,16,20,16,40,0.0043869012478043867,0.0043869012478043867,0.97804839610087935
space,16,40,32,40,0.00087576465610483822,0.00029192155203494607,2.0004041749902099
time,16,40,16,80,0.0022270806973833657,0.0022270806973833657,0.98891534332993247
space,16,80,32,80,0.00088118626829913893,0.00029372875609971299,2.0004038026470621
time,16,80,16,160,0.001122128963798763,0.001122128963798763,0.99442995488981845
space,16,160,32,160,0.00088392653005547883,0.00029464217668515963,2.000403613102244
time,16,160,16,320,0.00056323486098180942,0.00056323486098180942,0.99720798368758268
space,16,320,32,320,0.00088530412792781066,0.00029510137597593689,2.000403517296264
time,16,320,16,640,0.00028216296628624793,0.00028216296628624793,0.99860223503111067
space,16,640,32,640,0.00088599480671230912,0.00029533160223743637,2.0004034691044295
time,16,640,16,1280,0.00014121823714091652,0.00014121823714091652,0.9993006796783892
space,16,1280,32,1280,0.0008863406176077282,0.0002954468725359094,2.0004034445843279
time,16,1280,16,2560,7.064335335998928e-05,7.064335335998928e-05,
space,16,2560,32,2560,0.00088651364134018085,0.00029550454711339363,2.0004034322778401
space,24,10,48,10,0.00037538473876852496,0.000125128246256175,2.0001811693531173
time,24,10,24,20,0.0085308643374640836,0.0085308643374640836,0.95690628038241388
space,24,20,48,20,0.00038443156890183294,0.00012814385630061098,2.0001806051322424
time,24,20,24,40,0.0043947638368629915,0.0043947638368629915,0.9780324651603266
space,24,40,48,40,0.00038914805570372524,0.0001297160185679084,2.0001803026095524
time,24,40,24,80,0.002231096903400509,0.002231096903400509,0.98890721777255908
space,24,80,48,80,0.00039155723761624683,0.00013051907920541561,2.0001801457588244
time,24,80,24,160,0.0011241588865644747,0.0011241588865644747,0.99442585092290492
space,24,160,48,160,0.00039277491831413158,0.00013092497277137719,2.0001800656035571
time,24,160,24,320,0.00056425535367238266,0.00056425535367238266,0.99720592137176012
space,24,320,48,320,0.00039338707693287178,0.0001311290256442906,2.0001800260817113
time,24,320,24,640,0.00028267460513609066,0.00028267460513609066,0.99860120104340078
space,24,640,48,640,0.0003936939916250326,0.00013123133054167754,2.0001800061807149
time,24,640,24,1280,0.00014147440593381688,0.00014147440593381688,0.99930016151165035
space,24,1280,48,1280,0.00039384765847205738,0.00013128255282401913,2.0001799945947103
time,24,1280,24,2560,7.0771525276791536e-05,7.0771525276791536e-05,
space,24,2560,48,2560,0.00039392454447551017,0.00013130818149183673,2.0001799888595562
space,32,10,64,10,0.00021113845901310491,7.0379486337701636e-05,2.0001020298118801
time,32,10,32,20,0.0085361418459785066,0.0085361418459785066,0.95689557904409561
space,32,20,64,20,0.00021622697834211557,7.2075659447371862e-05,2.0001017190683901
time,32,20,32,40,0.0043975152193771461,0.0043975152193771461,0.9780269028844264
space,32,40,64,40,0.0002188798356470012,7.2959945215667066e-05,2.0001015522994114
time,32,40,32,80,0.0022325023095776664,0.0022325023095776664,0.98890438072763698
space,32,80,64,80,0.00022023491586897759,7.3411638622992534e-05,2.0001014654288589
time,32,80,32,160,0.0011248692255551029,0.0011248692255551029,0.99442441806686677
space,32,160,64,160,0.00022091981861371845,7.3639939537906152e-05,2.0001014211506831
time,32,160,32,320,0.00056461245885414124,0.00056461245885414124,0.99720520115792644
space,32,320,64,320,0.00022126413643858145,7.3754712146193821e-05,2.0001013995436554
time,32,320,32,640,0.0002828536450707464,0.0002828536450707464,0.99860084132863236
space,32,640,64,640,0.00022143676524316591,7.3812255081055308e-05,2.0001013882776499
time,32,640,32,1280,0.0001415640480363356,0.0001415640480363356,0.99929997781785362
space,32,1280,64,1280,0.00022152319755774919,7.3841065852583057e-05,2.0001013810928652
time,32,1280,32,2560,7.0816377092441929e-05,7.0816377092441929e-05,
space,32,2560,64,2560,0.00022156644328619191,7.3855481095397302e-05,2.0001013770872613
time,40,10,40,20,0.0085385843976402698,0.0085385843976402698,0.9568906304119571
time,40,20,40,40,0.004398788623095562,0.004398788623095562,0.97802433073059269
time,40,40,40,80,0.0022331527644490201,0.0022331527644490201,0.98890306882420731
time,40,80,40,160,0.0011251979871143569,0.0011251979871143569,0.99442375546350603
time,40,160,40,320,0.0005647777355371475,0.0005647777355371475,0.99720486819748089
time,40,320,40,640,0.00028293650895405698,0.00028293650895405698,0.99860067374251493
time,40,640,40,1280,0.00014160553662828645,0.00014160553662828645,0.99929989472016811
time,40,1280,40,2560,7.0837135536516715e-05,7.0837135536516715e-05,
space,48,10,96,10,9.3834400507253335e-05,3.1278133502417781e-05,
time,48,10,48,20,0.0085399111675973916,0.0085399111675973916,0.95688794347975004
space,48,20,96,20,9.6095861621847689e-05,3.2031953873949227e-05,
time,48,20,48,40,0.0043994803236648838,0.0043994803236648838,0.97802293413822738
space,48,40,96,40,9.7274856119933251e-05,3.242495203997775e-05,
time,48,40,48,80,0.0022335060853130306,0.0022335060853130306,0.98890235651378455
space,48,80,96,80,9.7877086971398519e-05,3.2625695657132837e-05,
time,48,80,48,160,0.0011253765672623595,0.0011253765672623595,0.99442339561975457
space,48,160,96,160,9.8181474590952611e-05,3.2727158196984206e-05,
time,48,160,48,320,0.00056486751229112286,0.00056486751229112286,0.99720468749464453
space,48,320,96,320,9.833449783946957e-05,3.2778165946489857e-05,
time,48,320,48,640,0.00028298151982825148,0.00028298151982825148,0.99860058332744317
space,48,640,96,640,9.8411218296068359e-05,3.2803739432022784e-05,
time,48,640,48,1280,0.00014162807278084166,0.00014162807278084166,0.99929984996210008
space,48,1280,96,1280,9.844963100547055e-05,3.2816543668490183e-05,
time,48,1280,48,2560,7.0848411280244328e-05,7.0848411280244328e-05,
space,48,2560,96,2560,9.846885049979992e-05,3.2822950166599973e-05,
space,64,10,128,10,5.2780881868830232e-05,1.7593627289610076e-05,
time,64,10,64,20,0.0085412303653075172,0.0085412303653075172,0.95688527265739409
space,64,20,128,20,5.405293337962247e-05,1.8017644459874155e-05,
time,64,20,64,40,0.0044001680766820317,0.0044001680766820317,0.97802154593130652
space,64,40,128,40,5.4716107271646219e-05,1.8238702423882074e-05,
time,64,40,64,80,0.0022338573897996428,0.0022338573897996428,0.98890164844880979
space,64,80,128,80,5.5054856796799001e-05,1.8351618932266334e-05,
time,64,80,64,160,0.0011255541282998438,0.0011255541282998438,0.99442303802832921
space,64,160,128,160,5.5226072135983184e-05,1.8408690711994396e-05,
time,64,160,64,320,0.00056495677667900424,0.00056495677667900424,0.99720450759951562
space,64,320,128,320,5.5312146369446147e-05,1.8437382123148716e-05,
time,64,320,64,640,0.00028302627387533086,0.00028302627387533086,0.99860049339222989
space,64,640,128,640,5.5355300969672783e-05,1.8451766989890928e-05,
time,64,640,64,1280,0.00014165048035091887,0.00014165048035091887,0.99929980278807096
space,64,1280,128,1280,5.5376907805604336e-05,1.845896926853478e-05,
time,64,1280,64,2560,7.0859622820884649e-05,7.0859622820884649e-05,
space,64,2560,128,2560,5.5387718631783045e-05,1.8462572877261014e-05,
time,96,10,96,20,0.0085421726287119859,0.0085421726287119859,0.95688336544291974
time,96,20,96,40,0.0044006593181629694,0.0044006593181629694,0.97802055461642656
time,96,40,96,80,0.0022341083161644959,0.0022341083161644959,0.98890114282962727
time,96,80,96,160,0.0011256809548819136,0.0011256809548819136,0.99442278279226726
time,96,160,96,320,0.00056502053553963982,0.00056502053553963982,0.99720437943026907
time,96,320,96,640,0.00028305824028485027,0.00028305824028485027,0.998600427989075
time,96,640,96,1280,0.00014166648549024385,0.00014166648549024385,0.99929977226960354
time,96,1280,96,2560,7.0867630774573698e-05,7.0867630774573698e-05,
time,128,10,128,20,0.0085425024168183095,0.0085425024168183095,0.95688269801871983
time,128,20,128,40,0.0044008312505740554,0.0044008312505740554,0.97802020770711617
time,128,40,128,80,0.0022341961393247955,0.0022341961393247955,0.98890096590105059
time,128,80,128,160,0.001125725343639028,0.001125725343639028,0.99442269335587397
time,128,160,128,320,0.0005650428509124672,0.0005650428509124672,0.99720433426292665
time,128,320,128,640,0.00028306942847555749,0.00028306942847555749,0.99860040587355559
time,128,640,128,1280,0.00014167208718685043,0.00014167208718685043,0.9992997587438508
time,128,1280,128,2560,7.0870433647063358e-05,7.0870433647063358e-05,
