target,variant,iteration,cells,max_eta,error_inf,nodal_error_inf,residual_inf,selected_k,status
0.02,adaptive,4,8,0.0179443359375,0.015497830081251385,5.5511151231257827e-17,4.4408920985006262e-16,-1,complete
0.02,uniform_same_count,0,8,0.0234375,0.020624786521101224,1.6653345369377348e-16,4.4408920985006262e-16,-1,complete
0.02,uniform_bound,0,9,0.018518518518518535,0.016533933039752147,3.3306690738754696e-16,1.3322676295501878e-15,-1,complete
0.0050000000000000001,adaptive,11,15,0.004486083984375,0.0041729607234592958,3.3306690738754696e-16,3.5527136788005009e-15,-1,complete
0.0050000000000000001,uniform_same_count,0,15,0.0066666666666666645,0.0062316870254280898,2.2204460492503131e-16,1.4432899320127035e-15,-1,complete
0.0050000000000000001,uniform_bound,0,18,0.0046296296296296337,0.0043769924469465593,3.3306690738754696e-16,1.6653345369377348e-15,-1,complete
0.001,adaptive,27,31,0.0009670257568359375,0.0009302894240451054,5.5511151231257827e-16,7.9936057773011271e-15,-1,complete
0.001,uniform_same_count,0,31,0.0015608740894901118,0.0015110421573290012,4.4408920985006262e-16,3.4416913763379853e-15,-1,complete
0.001,uniform_bound,0,39,0.00098619329388560314,0.00096111340860005612,6.6613381477509392e-16,8.2989171090730451e-15,-1,complete
