stencil,method,previous,average,following,h,slope,left_value,right_value
corner,upwind,0.0,0.0,1.0,1.0,0.0,0.0,0.0
corner,centered,0.0,0.0,1.0,1.0,0.5,-0.25,0.25
corner,minmod,0.0,0.0,1.0,1.0,0.0,0.0,0.0
rising,upwind,0.0,1.0,3.0,1.0,0.0,1.0,1.0
rising,centered,0.0,1.0,3.0,1.0,1.5,0.25,1.75
rising,minmod,0.0,1.0,3.0,1.0,1.0,0.5,1.5
falling,upwind,3.0,1.0,0.0,1.0,0.0,1.0,1.0
falling,centered,3.0,1.0,0.0,1.0,-1.5,1.75,0.25
falling,minmod,3.0,1.0,0.0,1.0,-1.0,1.5,0.5
peak,upwind,0.0,1.0,0.0,1.0,0.0,1.0,1.0
peak,centered,0.0,1.0,0.0,1.0,0.0,1.0,1.0
peak,minmod,0.0,1.0,0.0,1.0,0.0,1.0,1.0
affine,upwind,0.0,1.0,2.0,1.0,0.0,1.0,1.0
affine,centered,0.0,1.0,2.0,1.0,1.0,0.5,1.5
affine,minmod,0.0,1.0,2.0,1.0,1.0,0.5,1.5
valley,upwind,0.0,-1.0,0.0,1.0,0.0,-1.0,-1.0
valley,centered,0.0,-1.0,0.0,1.0,0.0,-1.0,-1.0
valley,minmod,0.0,-1.0,0.0,1.0,0.0,-1.0,-1.0
