N,mode,r,dt,xi,method,measured_amplification,analytic_amplification,abs_error,linear_solves
16,1,0.25,0.0009765625,0.009607359798384776,backward_euler,0.9904840632299833,0.9904840632299834,1.1102230246251565e-16,1
16,1,0.25,0.0009765625,0.009607359798384776,crank_nicolson,0.9904385702495152,0.9904385702495152,0.0,1
16,1,0.25,0.0009765625,0.009607359798384776,rannacher_r1,0.9904614254842333,0.9904614254842335,2.220446049250313e-16,2
16,8,0.25,0.0009765625,0.4999999999999999,backward_euler,0.6666666666666665,0.6666666666666666,1.1102230246251565e-16,1
16,8,0.25,0.0009765625,0.4999999999999999,crank_nicolson,0.5999999999999999,0.6,1.1102230246251565e-16,1
16,8,0.25,0.0009765625,0.4999999999999999,rannacher_r1,0.6399999999999998,0.64,2.220446049250313e-16,2
16,15,0.25,0.0009765625,0.9903926402016151,backward_euler,0.5024134333106788,0.5024134333106788,0.0,1
16,15,0.25,0.0009765625,0.9903926402016151,crank_nicolson,0.3376169892293193,0.33761698922931943,1.1102230246251565e-16,1
16,15,0.25,0.0009765625,0.9903926402016151,rannacher_r1,0.44730480246872717,0.44730480246872734,1.6653345369377348e-16,2
16,1,1.0,0.00390625,0.038429439193539104,backward_euler,0.9629927294594188,0.9629927294594189,1.1102230246251565e-16,1
16,1,1.0,0.00390625,0.038429439193539104,crank_nicolson,0.9622950508321317,0.9622950508321318,1.1102230246251565e-16,1
16,1,1.0,0.00390625,0.038429439193539104,rannacher_r1,0.9626504666300696,0.9626504666300698,2.220446049250313e-16,2
16,8,1.0,0.00390625,1.9999999999999996,backward_euler,0.33333333333333326,0.33333333333333337,1.1102230246251565e-16,1
16,8,1.0,0.00390625,1.9999999999999996,crank_nicolson,6.887995110265715e-33,1.1102230246251568e-16,1.1102230246251568e-16,1
16,8,1.0,0.00390625,1.9999999999999996,rannacher_r1,0.2499999999999999,0.25000000000000006,1.6653345369377348e-16,2
16,15,1.0,0.00390625,3.9615705608064604,backward_euler,0.2015490836509354,0.20154908365093543,2.7755575615628914e-17,1
16,15,1.0,0.00390625,3.9615705608064604,crank_nicolson,-0.3290358707993059,-0.3290358707993059,0.0,1
16,15,1.0,0.00390625,3.9615705608064604,rannacher_r1,0.11254821566851138,0.1125482156685114,2.7755575615628914e-17,2
16,1,10.0,0.0390625,0.38429439193539106,backward_euler,0.7223896924135432,0.7223896924135433,1.1102230246251565e-16,1
16,1,10.0,0.0390625,0.38429439193539106,crank_nicolson,0.6776451823774579,0.6776451823774583,4.440892098500626e-16,1
16,1,10.0,0.0390625,0.38429439193539106,rannacher_r1,0.7036233394885734,0.7036233394885738,4.440892098500626e-16,2
16,8,10.0,0.0390625,19.999999999999996,backward_euler,0.0476190476190476,0.04761904761904763,2.7755575615628914e-17,1
16,8,10.0,0.0390625,19.999999999999996,crank_nicolson,-0.8181818181818182,-0.8181818181818181,1.1102230246251565e-16,1
16,8,10.0,0.0390625,19.999999999999996,rannacher_r1,0.008264462809917356,0.008264462809917359,3.469446951953614e-18,2
16,15,10.0,0.0390625,39.6157056080646,backward_euler,0.024621017535675686,0.02462101753567569,3.469446951953614e-18,1
16,15,10.0,0.0390625,39.6157056080646,crank_nicolson,-0.903882441939784,-0.9038824419397842,2.220446049250313e-16,1
16,15,10.0,0.0390625,39.6157056080646,rannacher_r1,0.0023096462418647403,0.0023096462418647416,1.3010426069826053e-18,2
32,1,0.25,0.000244140625,0.002407636663901557,backward_euler,0.9975981461275433,0.997598146127543,2.220446049250313e-16,1
32,1,0.25,0.000244140625,0.002407636663901557,crank_nicolson,0.997595258208351,0.9975952582083508,2.220446049250313e-16,1
32,1,0.25,0.000244140625,0.002407636663901557,rannacher_r1,0.997596703904122,0.9975967039041221,1.1102230246251565e-16,2
32,16,0.25,0.000244140625,0.4999999999999999,backward_euler,0.6666666666666669,0.6666666666666666,2.220446049250313e-16,1
32,16,0.25,0.000244140625,0.4999999999999999,crank_nicolson,0.6000000000000001,0.6,1.1102230246251565e-16,1
32,16,0.25,0.000244140625,0.4999999999999999,rannacher_r1,0.6400000000000001,0.64,1.1102230246251565e-16,2
32,31,0.25,0.000244140625,0.9975923633360985,backward_euler,0.5006026346285889,0.5006026346285887,2.220446049250313e-16,1
32,31,0.25,0.000244140625,0.9975923633360985,crank_nicolson,0.3344042535350926,0.33440425353509234,2.7755575615628914e-16,1
32,31,0.25,0.000244140625,0.9975923633360985,rannacher_r1,0.4451586779631369,0.44515867796313674,1.6653345369377348e-16,2
32,1,1.0,0.0009765625,0.009630546655606228,backward_euler,0.9904613160848716,0.9904613160848715,1.1102230246251565e-16,1
32,1,1.0,0.0009765625,0.009630546655606228,crank_nicolson,0.9904156048268341,0.9904156048268343,2.220446049250313e-16,1
32,1,1.0,0.0009765625,0.009630546655606228,rannacher_r1,0.9904385699845432,0.9904385699845433,1.1102230246251565e-16,2
32,16,1.0,0.0009765625,1.9999999999999996,backward_euler,0.33333333333333337,0.33333333333333337,0.0,1
32,16,1.0,0.0009765625,1.9999999999999996,crank_nicolson,4.314083075427408e-31,1.1102230246251568e-16,1.1102230246251525e-16,1
32,16,1.0,0.0009765625,1.9999999999999996,rannacher_r1,0.25,0.25000000000000006,5.551115123125783e-17,2
32,31,1.0,0.0009765625,3.990369453344394,backward_euler,0.20038596527754693,0.2003859652775468,1.3877787807814457e-16,1
32,31,1.0,0.0009765625,3.990369453344394,crank_nicolson,-0.332261552287594,-0.3322615522875939,1.1102230246251565e-16,1
32,31,1.0,0.0009765625,3.990369453344394,rannacher_r1,0.1114686586383434,0.11146865863834339,1.3877787807814457e-17,2
32,1,10.0,0.009765625,0.09630546655606227,backward_euler,0.9121545322047909,0.9121545322047908,1.1102230246251565e-16,1
32,1,10.0,0.009765625,0.09630546655606227,crank_nicolson,0.9081188614040316,0.9081188614040312,4.440892098500626e-16,1
32,1,10.0,0.009765625,0.09630546655606227,rannacher_r1,0.9102293973114539,0.9102293973114541,2.220446049250313e-16,2
32,16,10.0,0.009765625,19.999999999999996,backward_euler,0.047619047619047616,0.04761904761904763,1.3877787807814457e-17,1
32,16,10.0,0.009765625,19.999999999999996,crank_nicolson,-0.8181818181818181,-0.8181818181818181,0.0,1
32,16,10.0,0.009765625,19.999999999999996,rannacher_r1,0.008264462809917356,0.008264462809917359,3.469446951953614e-18,2
32,31,10.0,0.009765625,39.90369453344394,backward_euler,0.02444766937085289,0.024447669370852885,3.469446951953614e-18,1
32,31,10.0,0.009765625,39.90369453344394,crank_nicolson,-0.9045430231263373,-0.9045430231263369,3.3306690738754696e-16,1
32,31,10.0,0.009765625,39.90369453344394,rannacher_r1,0.0022780086084647623,0.002278008608464762,4.336808689942018e-19,2
64,1,0.25,6.103515625e-05,0.0006022718974138037,backward_euler,0.9993980906156931,0.9993980906156931,0.0,1
64,1,0.25,6.103515625e-05,0.0006022718974138037,crank_nicolson,0.9993979094137061,0.9993979094137061,0.0,1
64,1,0.25,6.103515625e-05,0.0006022718974138037,rannacher_r1,0.9993980000419748,0.9993980000419747,1.1102230246251565e-16,2
64,32,0.25,6.103515625e-05,0.4999999999999999,backward_euler,0.6666666666666667,0.6666666666666666,1.1102230246251565e-16,1
64,32,0.25,6.103515625e-05,0.4999999999999999,crank_nicolson,0.5999999999999998,0.6,2.220446049250313e-16,1
64,32,0.25,6.103515625e-05,0.4999999999999999,rannacher_r1,0.64,0.64,0.0,2
64,63,0.25,6.103515625e-05,0.9993977281025862,backward_euler,0.5001506133294412,0.5001506133294412,0.0,1
64,63,0.25,6.103515625e-05,0.9993977281025862,crank_nicolson,0.3336010634809653,0.3336010634809652,1.1102230246251565e-16,1
64,63,0.25,6.103515625e-05,0.9993977281025862,rannacher_r1,0.4446229491293903,0.4446229491293904,5.551115123125783e-17,2
64,1,1.0,0.000244140625,0.0024090875896552147,backward_euler,0.9975967021653322,0.9975967021653326,3.3306690738754696e-16,1
64,1,1.0,0.000244140625,0.0024090875896552147,crank_nicolson,0.9975938107706501,0.9975938107706502,1.1102230246251565e-16,1
64,1,1.0,0.000244140625,0.0024090875896552147,rannacher_r1,0.997595258207302,0.997595258207302,0.0,2
64,32,1.0,0.000244140625,1.9999999999999996,backward_euler,0.3333333333333332,0.33333333333333337,1.6653345369377348e-16,1
64,32,1.0,0.000244140625,1.9999999999999996,crank_nicolson,1.4123883953985942e-30,1.1102230246251568e-16,1.1102230246251426e-16,1
64,32,1.0,0.000244140625,1.9999999999999996,rannacher_r1,0.24999999999999994,0.25000000000000006,1.1102230246251565e-16,2
64,63,1.0,0.000244140625,3.997590912410345,backward_euler,0.2000964099555917,0.2000964099555917,0.0,1
64,63,1.0,0.000244140625,3.997590912410345,crank_nicolson,-0.3330655494153304,-0.33306554941533045,5.551115123125783e-17,1
64,63,1.0,0.000244140625,3.997590912410345,rannacher_r1,0.11120039034416873,0.11120039034416873,0.0,2
64,1,10.0,0.00244140625,0.024090875896552146,backward_euler,0.9764758416820563,0.9764758416820563,0.0,1
64,1,10.0,0.00244140625,0.024090875896552146,crank_nicolson,0.9761958554495421,0.9761958554495421,0.0,1
64,1,10.0,0.00244140625,0.024090875896552146,rannacher_r1,0.9763375147739867,0.9763375147739867,0.0,2
64,32,10.0,0.00244140625,19.999999999999996,backward_euler,0.04761904761904761,0.04761904761904763,2.0816681711721685e-17,1
64,32,10.0,0.00244140625,19.999999999999996,crank_nicolson,-0.8181818181818182,-0.8181818181818181,1.1102230246251565e-16,1
64,32,10.0,0.00244140625,19.999999999999996,rannacher_r1,0.008264462809917354,0.008264462809917359,5.204170427930421e-18,2
64,63,10.0,0.00244140625,39.975909124103445,backward_euler,0.024404583604754376,0.024404583604754372,3.469446951953614e-18,1
64,63,10.0,0.00244140625,39.975909124103445,crank_nicolson,-0.9047072455733158,-0.9047072455733158,0.0,1
64,63,10.0,0.00244140625,39.975909124103445,rannacher_r1,0.002270177261556082,0.0022701772615560827,8.673617379884035e-19,2
