N,mode,h,numeric_eigenvalue,analytic_eigenvalue,abs_error,relative_error
16,1,0.0625,-9.837936433545892,-9.83793643354601,1.1901590823981678e-13,1.2097649648760577e-14
16,2,0.0625,-38.97367935422125,-38.973679354221176,7.105427357601002e-14,1.8231348631525663e-15
16,3,0.0625,-86.28755850109677,-86.28755850109681,4.263256414560601e-14,4.940754482590222e-16
16,4,0.0625,-149.96132803248744,-149.96132803248767,2.2737367544323206e-13,1.5162154031736352e-15
16,5,0.0625,-227.54804069396377,-227.54804069396366,1.1368683772161603e-13,4.996168605754639e-16
16,6,0.0625,-316.066082629074,-316.066082629074,0.0,0.0
16,7,0.0625,-412.1137551277425,-412.1137551277423,1.7053025658242404e-13,4.1379413926517696e-16
16,8,0.0625,-511.99999999999983,-511.9999999999999,5.684341886080802e-14,1.1102230246251568e-16
16,9,0.0625,-611.8862448722577,-611.8862448722577,0.0,0.0
16,10,0.0625,-707.933917370926,-707.933917370926,0.0,0.0
16,11,0.0625,-796.4519593060363,-796.4519593060362,1.1368683772161603e-13,1.427416134686561e-16
16,12,0.0625,-874.0386719675123,-874.0386719675123,0.0,0.0
16,13,0.0625,-937.7124414989031,-937.7124414989033,2.2737367544323206e-13,2.424769741561523e-16
16,14,0.0625,-985.026320645779,-985.0263206457788,2.2737367544323206e-13,2.308300506063299e-16
16,15,0.0625,-1014.1620635664542,-1014.1620635664539,3.410605131648481e-13,3.362978417526853e-16
32,1,0.03125,-9.86167977534099,-9.861679775340777,2.1316282072803006e-13,2.1615264902541827e-14
32,2,0.03125,-39.35174573418386,-39.35174573418404,1.8474111129762605e-13,4.694610311459329e-15
32,3,0.03125,-88.18619242043614,-88.18619242043624,9.947598300641403e-14,1.1280222025252277e-15
32,4,0.03125,-155.89471741688416,-155.8947174168847,5.400124791776761e-13,3.4639562399898756e-15
32,5,0.03125,-241.82525061456894,-241.82525061456886,8.526512829121202e-14,3.5258984772897487e-16
32,6,0.03125,-345.1502340043881,-345.15023400438724,8.526512829121202e-13,2.470377241295111e-15
32,7,0.03125,-464.87459151311464,-464.8745915131147,5.684341886080802e-14,1.222768890762325e-16
32,8,0.03125,-599.8453121299502,-599.8453121299507,4.547473508864641e-13,7.581077015868176e-16
32,9,0.03125,-748.7625540328542,-748.762554032854,1.1368683772161603e-13,1.5183296374704616e-16
32,10,0.03125,-910.1921627758543,-910.1921627758546,3.410605131648481e-13,3.7471264543159793e-16
32,11,0.03125,-1082.579482980358,-1082.5794829803565,1.5916157281026244e-12,1.4702068098694093e-15
32,12,0.03125,-1264.2643305162976,-1264.264330516296,1.5916157281026244e-12,1.2589263887977016e-15
32,13,0.03125,-1453.496980982861,-1453.496980982861,0.0,0.0
32,14,0.03125,-1648.4550205109692,-1648.4550205109692,0.0,0.0
32,15,0.03125,-1847.260896605059,-1847.2608966050595,4.547473508864641e-13,2.461738630001911e-16
32,16,0.03125,-2048.0000000000005,-2047.9999999999995,9.094947017729282e-13,4.440892098500627e-16
32,17,0.03125,-2248.73910339494,-2248.7391033949402,4.547473508864641e-13,2.0222325933672264e-16
32,18,0.03125,-2447.5449794890314,-2447.544979489031,4.547473508864641e-13,1.8579734170254178e-16
32,19,0.03125,-2642.5030190171365,-2642.5030190171383,1.8189894035458565e-12,6.883584958863804e-16
32,20,0.03125,-2831.735669483703,-2831.735669483704,9.094947017729282e-13,3.2117923702205996e-16
32,21,0.03125,-3013.4205170196437,-3013.4205170196437,0.0,0.0
32,22,0.03125,-3185.807837224145,-3185.807837224145,0.0,0.0
32,23,0.03125,-3347.2374459671464,-3347.237445967146,4.547473508864641e-13,1.3585751182198251e-16
32,24,0.03125,-3496.154687870049,-3496.154687870049,0.0,0.0
32,25,0.03125,-3631.1254084868856,-3631.1254084868856,0.0,0.0
32,26,0.03125,-3750.849765995614,-3750.8497659956133,4.547473508864641e-13,1.2123848707807614e-16
32,27,0.03125,-3854.1747493854314,-3854.174749385431,4.547473508864641e-13,1.1798825441398993e-16
32,28,0.03125,-3940.1052825831152,-3940.1052825831152,0.0,0.0
32,29,0.03125,-4007.813807579563,-4007.813807579564,9.094947017729282e-13,2.2693037786658026e-16
32,30,0.03125,-4056.6482542658155,-4056.6482542658155,0.0,0.0
32,31,0.03125,-4086.138320224659,-4086.1383202246593,4.547473508864641e-13,1.1129024894621328e-16
64,1,0.015625,-9.867622767227774,-9.86762276722776,1.4210854715202004e-14,1.440149775729058e-15
64,2,0.015625,-39.44671910136229,-39.44671910136311,8.171241461241152e-13,2.0714628864935916e-14
64,3,0.015625,-88.66603036851323,-88.66603036851427,1.0373923942097463e-12,1.1699998183048569e-14
64,4,0.015625,-157.40698293673435,-157.40698293673617,1.8189894035458565e-12,1.1555963843592193e-14
64,5,0.015625,-245.50397383029258,-245.5039738302956,3.0127011996228248e-12,1.2271496679338281e-14
64,6,0.015625,-352.74476968174463,-352.74476968174497,3.410605131648481e-13,9.668761735930523e-16
64,7,0.015625,-478.8710180206953,-478.8710180206937,1.5916157281026244e-12,3.3236835561300245e-15
64,8,0.015625,-623.5788696675392,-623.5788696675388,3.410605131648481e-13,5.469404589457698e-16
64,9,0.015625,-786.5197107327501,-786.5197107327522,2.0463630789890885e-12,2.6017950358581827e-15
64,10,0.015625,-967.301002458277,-967.3010024582754,1.5916157281026244e-12,1.6454192894018829e-15
64,11,0.015625,-1165.487226877767,-1165.487226877771,4.092726157978177e-12,3.511601039972098e-15
64,12,0.015625,-1380.6009360175503,-1380.600936017549,1.3642420526593924e-12,9.881508965180444e-16
64,13,0.015625,-1612.1239021105584,-1612.1239021105573,1.1368683772161603e-12,7.051991324784635e-16
64,14,0.015625,-1859.498366052461,-1859.4983660524588,2.2737367544323206e-12,1.222768890762325e-15
64,15,0.015625,-2122.1283810921723,-2122.1283810921745,2.2737367544323206e-12,1.0714416595579007e-15
64,16,0.015625,-2399.381248519799,-2399.3812485198027,3.637978807091713e-12,1.5162154031736352e-15
64,17,0.015625,-2690.589041893229,-2690.589041893225,4.092726157978177e-12,1.5211264501019236e-15
64,18,0.015625,-2995.050216131415,-2995.050216131416,1.3642420526593924e-12,4.554988912411385e-16
64,19,0.015625,-3312.0312975979896,-3312.031297597985,4.547473508864641e-12,1.3730164664091935e-15
64,20,0.015625,-3640.7686511034167,-3640.7686511034185,1.8189894035458565e-12,4.996168605754639e-16
64,21,0.015625,-3980.4703195691295,-3980.4703195691277,1.8189894035458565e-12,4.569785119620628e-16
64,22,0.015625,-4330.317931921428,-4330.317931921426,1.8189894035458565e-12,4.2005908853411695e-16
64,23,0.015625,-4689.468674619131,-4689.468674619128,2.7284841053187847e-12,5.818322489467078e-16
64,24,0.015625,-5057.057322065182,-5057.057322065184,1.8189894035458565e-12,3.596932539422005e-16
64,25,0.015625,-5432.198321010932,-5432.198321010934,1.8189894035458565e-12,3.3485327597673973e-16
64,26,0.015625,-5813.98792393144,-5813.987923931444,4.547473508864641e-12,7.821608108517742e-16
64,27,0.015625,-6201.50636623246,-6201.506366232462,1.8189894035458565e-12,2.933141233959466e-16
64,28,0.015625,-6593.820082043875,-6593.820082043877,1.8189894035458565e-12,2.7586275951011798e-16
64,29,0.015625,-6989.983953261678,-6989.983953261676,1.8189894035458565e-12,2.602279798792781e-16
64,30,0.015625,-7389.0435864202345,-7389.043586420238,3.637978807091713e-12,4.923477260003822e-16
64,31,0.015625,-7790.037611909793,-7790.037611909789,3.637978807091713e-12,4.670040105492936e-16
64,32,0.015625,-8192.0,-8191.999999999998,1.8189894035458565e-12,2.2204460492503136e-16
64,33,0.015625,-8593.962388090204,-8593.962388090207,3.637978807091713e-12,4.2331798102041294e-16
64,34,0.015625,-8994.956413579765,-8994.956413579761,3.637978807091713e-12,4.0444651867344527e-16
64,35,0.015625,-9394.016046738327,-9394.016046738321,5.4569682106375694e-12,5.808983275616474e-16
64,36,0.015625,-9790.179917956122,-9790.179917956124,1.8189894035458565e-12,1.8579734170254178e-16
64,37,0.015625,-10182.493633767544,-10182.493633767537,7.275957614183426e-12,7.145555770400527e-16
64,38,0.015625,-10570.01207606856,-10570.012076068553,7.275957614183426e-12,6.883584958863804e-16
64,39,0.015625,-10951.801678989064,-10951.801678989066,1.8189894035458565e-12,1.6609042574570824e-16
64,40,0.015625,-11326.942677934816,-11326.942677934816,0.0,0.0
64,41,0.015625,-11694.53132538087,-11694.531325380869,1.8189894035458565e-12,1.5554188132345827e-16
64,42,0.015625,-12053.682068078573,-12053.682068078575,1.8189894035458565e-12,1.5090736534050742e-16
64,43,0.015625,-12403.529680430873,-12403.529680430871,1.8189894035458565e-12,1.46650949399967e-16
64,44,0.015625,-12743.231348896583,-12743.23134889658,3.637978807091713e-12,2.854832269373122e-16
64,45,0.015625,-13071.968702402011,-13071.968702402015,3.637978807091713e-12,2.78303818645406e-16
64,46,0.015625,-13388.949783868582,-13388.949783868584,1.8189894035458565e-12,1.3585751182198251e-16
64,47,0.015625,-13693.410958106779,-13693.410958106775,3.637978807091713e-12,2.656736746031825e-16
64,48,0.015625,-13984.618751480195,-13984.618751480197,1.8189894035458565e-12,1.300707181133076e-16
64,49,0.015625,-14261.871618907826,-14261.871618907824,1.8189894035458565e-12,1.2754212435444395e-16
64,50,0.015625,-14524.50163394754,-14524.501633947542,1.8189894035458565e-12,1.2523592543061199e-16
64,51,0.015625,-14771.87609788944,-14771.876097889442,1.8189894035458565e-12,1.231386853972968e-16
64,52,0.015625,-15003.399063982446,-15003.399063982453,7.275957614183426e-12,4.849539483123046e-16
64,53,0.015625,-15218.512773122227,-15218.512773122227,0.0,0.0
64,54,0.015625,-15416.698997541722,-15416.698997541724,1.8189894035458565e-12,1.1798825441398993e-16
64,55,0.015625,-15597.480289267247,-15597.480289267249,1.8189894035458565e-12,1.1662072141213205e-16
64,56,0.015625,-15760.421130332461,-15760.421130332461,0.0,0.0
64,57,0.015625,-15905.128981979307,-15905.128981979306,1.8189894035458565e-12,1.1436495771941192e-16
64,58,0.015625,-16031.255230318255,-16031.255230318257,1.8189894035458565e-12,1.1346518893329013e-16
64,59,0.015625,-16138.496026169705,-16138.496026169703,1.8189894035458565e-12,1.1271120930948196e-16
64,60,0.015625,-16226.593017063262,-16226.593017063262,0.0,0.0
64,61,0.015625,-16295.333969631489,-16295.333969631485,3.637978807091713e-12,2.232527921104022e-16
64,62,0.015625,-16344.55328089864,-16344.553280898637,3.637978807091713e-12,2.2258049789242657e-16
64,63,0.015625,-16374.132377232776,-16374.132377232772,3.637978807091713e-12,2.221784167416467e-16
