scenario,step,time,i,numerical,exact
two_half_steps,0,0.0,0,0.0,0.0
two_half_steps,0,0.0,1,1.0,1.0
two_half_steps,0,0.0,2,0.0,0.0
two_half_steps,0,0.0,3,0.0,0.0
two_half_steps,1,0.125,0,0.0,0.0
two_half_steps,1,0.125,1,0.5,0.5
two_half_steps,1,0.125,2,0.5,0.5
two_half_steps,1,0.125,3,0.0,0.0
two_half_steps,2,0.25,0,0.0,0.0
two_half_steps,2,0.25,1,0.25,0.0
two_half_steps,2,0.25,2,0.5,1.0
two_half_steps,2,0.25,3,0.25,0.0
one_full_step,0,0.0,0,0.0,0.0
one_full_step,0,0.0,1,1.0,1.0
one_full_step,0,0.0,2,0.0,0.0
one_full_step,0,0.0,3,0.0,0.0
one_full_step,1,0.25,0,0.0,0.0
one_full_step,1,0.25,1,0.0,0.0
one_full_step,1,0.25,2,1.0,1.0
one_full_step,1,0.25,3,0.0,0.0
