case,scheme,step,t,minimum,maximum,total,l2,norm_ratio,predicted_ratio,max_error
pulse_right,upwind,0,0.0,0.0,1.0,0.10229770220468806,0.27285674877665106,1.0,,5.551115123125783e-16
pulse_right,upwind,1,0.008,0.0,0.9947255759284189,0.10229770220468806,0.2721991602951702,0.997589986377727,,0.004208231366630066
pulse_right,upwind,2,0.016,0.0,0.9874794490312838,0.10229770220468806,0.27154883984627487,0.9952066095625629,,0.008371360021615981
pulse_right,upwind,3,0.024,0.0,0.9831494563315566,0.10229770220468806,0.27090565442007253,0.9928493820829932,,0.012591454998917229
pulse_right,upwind,4,0.032,0.0,0.9821874919072622,0.10229770220468806,0.270269474282164,0.9905178284719471,,0.016746315387786814
pulse_right,upwind,5,0.04,0.0,0.9792282956138798,0.10229770220468806,0.2696401728708129,0.9882114848899298,,0.020771704386120193
pulse_right,upwind,6,0.048,0.0,0.9743280422540233,0.10229770220468806,0.2690176266986052,0.9859298987646136,,0.02460576504102574
pulse_right,upwind,7,0.056,0.0,0.9675512139914453,0.10229770220468806,0.26840171525824535,0.9836726284455862,,0.02853474147279056
pulse_right,upwind,8,0.064,0.0,0.9630331041626498,0.10229770220468806,0.2677923209321906,0.9814392428731679,,0.032707807167824066
pulse_right,upwind,9,0.07200000000000001,0.0,0.962220468554184,0.10229770220468806,0.26718932890586894,0.9792293212603613,,0.03671333874086502
pulse_right,upwind,10,0.08,0.0,0.9595090191733614,0.10229770220468806,0.2665926270842605,0.9770424527871286,,0.0404909808266386
pulse_right,upwind,11,0.088,0.0,0.9549504835627131,0.10229770220468806,0.2660021060116433,0.9748782363062654,,0.04398332373233593
pulse_right,upwind,12,0.096,0.0,0.9486043816673211,0.10229770220468806,0.26541765879432855,0.972736280060231,,0.04766565190257843
pulse_right,upwind,13,0.10400000000000001,0.0,0.9439390093539941,0.10229770220468806,0.26483918102622644,0.9706162014083535,,0.051801901976479714
pulse_right,upwind,14,0.112,0.0,0.94325868849758,0.10229770220468806,0.26426657071709736,0.9685176265638742,,0.05567511879746967
pulse_right,upwind,15,0.12,0.0,0.9407715042360075,0.10229770220468806,0.2636997282233552,0.9664401903403481,,0.05922849576399247
pulse_right,upwind,16,0.128,0.0,0.9365251094565347,0.10229770220468806,0.263138556181302,0.9643835359069532,,0.062408697838514327
pulse_right,upwind,17,0.136,0.0,0.93057447069707,0.10229770220468806,0.26258295944267906,0.9623473145522903,,0.0658349175287044
pulse_right,upwind,18,0.14400000000000002,0.0,0.9257976146590431,0.10229770220468806,0.2620328450124312,0.9603311854562928,,0.06994329667143073
pulse_right,upwind,19,0.152,0.0,0.9252343511106355,0.10229770220468806,0.2614881219885844,0.9583348154698841,,0.07369945618441354
pulse_right,upwind,20,0.16,0.0,0.9229501691228623,0.10229770220468806,0.26094870150414745,0.9563578789020497,,0.07704983087713768
pulse_right,upwind,21,0.168,0.0,0.9189889914332419,0.10229770220468806,0.260414496670949,0.9544000573140057,,0.07994481586180713
pulse_right,upwind,22,0.176,0.0,0.9134016092949018,0.10229770220468806,0.2598854225253323,0.9524610393201727,,0.08310816106525865
pulse_right,upwind,23,0.184,0.0,0.9085444475493666,0.10229770220468806,0.2593613959756288,0.9505405203956712,,0.08719646378110724
pulse_right,upwind,24,0.192,0.0,0.9080845894497308,0.10229770220468806,0.2588423357513413,0.9486382026900813,,0.09084921784531885
pulse_right,upwind,25,0.2,0.0,0.9059841838391879,0.10229770220468806,0.2583281623539665,0.946753794847211,,0.09401581616081212
pulse_right,upwind,26,0.20800000000000002,0.0,0.9022837411483359,0.10229770220468806,0.257818798009395,0.9448870118306456,,0.09665006614671312
pulse_right,upwind,27,0.216,0.0,0.8970302263665867,0.10229770220468806,0.25731416662182605,0.9430375747548487,,0.09954614463109257
pulse_right,upwind,28,0.224,0.0,0.8921197841110364,0.10229770220468806,0.25681419372913966,0.9412052107216041,,0.10362112721943739
pulse_right,upwind,29,0.232,0.0,0.8917511424677758,0.10229770220468806,0.2563188064596721,0.9393896526616015,,0.10718266482727323
pulse_right,upwind,30,0.24,0.0,0.889817152116894,0.10229770220468806,0.2558279334903405,0.9375906391809659,,0.11018284788310595
pulse_right,upwind,31,0.248,0.0,0.886355203798687,0.10229770220468806,0.25534150500606895,0.9358079144125574,,0.11257860349636195
pulse_right,upwind,32,0.256,0.0,0.8814087577462228,0.10229770220468806,0.2548594526604661,0.9340412278718575,,0.1152050975365182
pulse_right,upwind,33,0.264,0.0,0.8764683280626226,0.10229770220468806,0.2543817095377108,0.9322903343172825,,0.11927258326785117
pulse_right,upwind,34,0.272,0.0,0.876180042348908,0.10229770220468806,0.25390821011560155,0.9305549936147631,,0.12275376494614099
pulse_right,upwind,35,0.28,0.0,0.8743968085777094,0.10229770220468806,0.2534388902297282,0.9288349706064354,,0.1256031914222906
pulse_right,upwind,36,0.28800000000000003,0.0,0.8711531666254141,0.10229770220468806,0.25297368703872664,0.9271300349833024,,0.1277806406696349
pulse_right,upwind,37,0.296,0.0,0.8664893675489596,0.10229770220468806,0.25251253899057774,0.9254399611617222,,0.13013702894898582
pulse_right,upwind,38,0.304,0.0,0.8615389048931964,0.10229770220468806,0.25205538578991515,0.9237645281635932,,0.13420200643727742
pulse_right,upwind,39,0.312,0.0,0.861321316961011,0.10229770220468806,0.2516021683663064,0.9221035195001067,,0.13761249033403866
pulse_right,upwind,40,0.32,0.0,0.8596747310096974,0.10229770220468806,0.2511528288434739,0.9204567230589445,,0.14032526899030262
pulse_right,upwind,41,0.328,0.0,0.8566310825214324,0.10229770220468806,0.25070731050942385,0.9188239309948028,,0.1423027247736166
pulse_right,upwind,42,0.336,0.0,0.852227684612374,0.10229770220468806,0.2502655577874523,0.9172049396231319,,0.14439002544253654
pulse_right,upwind,43,0.34400000000000003,0.0,0.8472841711110387,0.10229770220468806,0.24982751620799873,0.9155995493169822,,0.1484567402194351
pulse_right,upwind,44,0.352,0.0,0.8471287074088742,0.10229770220468806,0.24939313238131874,0.9140075644068506,,0.1518050998861754
pulse_right,upwind,45,0.36,0.0,0.8456060677268116,0.10229770220468806,0.24896235397094835,0.9124287930834298,,0.15439393227318843
pulse_right,upwind,46,0.368,0.0,0.842745808692448,0.10229770220468806,0.24853512966793387,0.9108630473031626,,0.15618799860260102
pulse_right,upwind,47,0.376,0.0,0.8385825539433538,0.10229770220468806,0.24811140916580213,0.9093101426965091,,0.15800853344992738
pulse_right,upwind,48,0.384,0.0,0.8336603385713215,0.10229770220468806,0.2476911431362463,0.9077698984788378,,0.16208057275915233
pulse_right,upwind,49,0.392,0.0,0.833559400636638,0.10229770220468806,0.24727428320550476,0.9062421373638553,,0.16537440665841097
pulse_right,upwind,50,0.4,0.0,0.8321492799312933,0.10229770220468808,0.24686078193140937,0.9047266854794899,,0.16785072006870672
pulse_left,upwind,0,0.0,0.0,1.0,0.10229770220468806,0.27285674877665106,1.0,,5.551115123125783e-16
pulse_left,upwind,1,0.008,0.0,0.994725575928419,0.10229770220468806,0.2721991602951702,0.997589986377727,,0.0042082313666306215
pulse_left,upwind,2,0.016,0.0,0.9874794490312839,0.10229770220468806,0.2715488398462748,0.9952066095625627,,0.008371360021616425
pulse_left,upwind,3,0.024,0.0,0.9831494563315563,0.10229770220468806,0.27090565442007253,0.9928493820829932,,0.012591454998917562
pulse_left,upwind,4,0.032,0.0,0.982187491907262,0.10229770220468806,0.2702694742821641,0.9905178284719474,,0.016746315387787036
pulse_left,upwind,5,0.04,0.0,0.9792282956138798,0.10229770220468806,0.2696401728708129,0.9882114848899298,,0.020771704386120193
pulse_left,upwind,6,0.048,0.0,0.9743280422540234,0.10229770220468806,0.2690176266986052,0.9859298987646136,,0.02460576504102563
pulse_left,upwind,7,0.056,0.0,0.9675512139914455,0.10229770220468806,0.2684017152582454,0.9836726284455864,,0.028534741472790115
pulse_left,upwind,8,0.064,0.0,0.9630331041626496,0.10229770220468806,0.2677923209321906,0.9814392428731679,,0.03270780716782418
pulse_left,upwind,9,0.07200000000000001,0.0,0.962220468554184,0.10229770220468806,0.26718932890586894,0.9792293212603613,,0.03671333874086502
pulse_left,upwind,10,0.08,0.0,0.9595090191733615,0.10229770220468806,0.26659262708426057,0.9770424527871289,,0.04049098082663849
pulse_left,upwind,11,0.088,0.0,0.9549504835627132,0.10229770220468806,0.26600210601164337,0.9748782363062656,,0.04398332373233582
pulse_left,upwind,12,0.096,0.0,0.9486043816673212,0.10229770220468806,0.26541765879432855,0.972736280060231,,0.047665651902578654
pulse_left,upwind,13,0.10400000000000001,0.0,0.9439390093539939,0.10229770220468806,0.2648391810262265,0.9706162014083537,,0.051801901976479936
pulse_left,upwind,14,0.112,0.0,0.94325868849758,0.10229770220468806,0.26426657071709736,0.9685176265638742,,0.055675118797469
pulse_left,upwind,15,0.12,0.0,0.9407715042360075,0.10229770220468806,0.26369972822335525,0.9664401903403483,,0.05922849576399247
pulse_left,upwind,16,0.128,0.0,0.9365251094565348,0.10229770220468806,0.263138556181302,0.9643835359069532,,0.062408697838514215
pulse_left,upwind,17,0.136,0.0,0.9305744706970702,0.10229770220468806,0.26258295944267906,0.9623473145522903,,0.06583491752870463
pulse_left,upwind,18,0.14400000000000002,0.0,0.925797614659043,0.10229770220468806,0.2620328450124312,0.9603311854562928,,0.06994329667143084
pulse_left,upwind,19,0.152,0.0,0.9252343511106353,0.10229770220468806,0.26148812198858445,0.9583348154698842,,0.07369945618441365
pulse_left,upwind,20,0.16,0.0,0.9229501691228623,0.10229770220468806,0.26094870150414745,0.9563578789020497,,0.07704983087713768
pulse_left,upwind,21,0.168,0.0,0.918988991433242,0.10229770220468806,0.260414496670949,0.9544000573140057,,0.07994481586180702
pulse_left,upwind,22,0.176,0.0,0.913401609294902,0.10229770220468806,0.2598854225253323,0.9524610393201727,,0.0831081610652582
pulse_left,upwind,23,0.184,0.0,0.9085444475493665,0.10229770220468806,0.25936139597562885,0.9505405203956713,,0.08719646378110735
pulse_left,upwind,24,0.192,0.0,0.9080845894497308,0.10229770220468806,0.2588423357513413,0.9486382026900813,,0.09084921784531819
pulse_left,upwind,25,0.2,0.0,0.9059841838391879,0.10229770220468806,0.2583281623539665,0.946753794847211,,0.09401581616081212
pulse_left,upwind,26,0.20800000000000002,0.0,0.902283741148336,0.10229770220468806,0.25781879800939506,0.9448870118306458,,0.09665006614671368
pulse_left,upwind,27,0.216,0.0,0.8970302263665869,0.10229770220468806,0.25731416662182605,0.9430375747548487,,0.09954614463109202
pulse_left,upwind,28,0.224,0.0,0.8921197841110364,0.10229770220468806,0.25681419372913966,0.9412052107216041,,0.10362112721943739
pulse_left,upwind,29,0.232,0.0,0.8917511424677758,0.10229770220468806,0.2563188064596721,0.9393896526616015,,0.10718266482727323
pulse_left,upwind,30,0.24,0.0,0.889817152116894,0.10229770220468806,0.25582793349034055,0.9375906391809661,,0.11018284788310595
pulse_left,upwind,31,0.248,0.0,0.8863552037986872,0.10229770220468806,0.255341505006069,0.9358079144125576,,0.11257860349636184
pulse_left,upwind,32,0.256,0.0,0.8814087577462228,0.10229770220468806,0.2548594526604661,0.9340412278718575,,0.11520509753651831
pulse_left,upwind,33,0.264,0.0,0.8764683280626225,0.10229770220468806,0.2543817095377108,0.9322903343172825,,0.11927258326785128
pulse_left,upwind,34,0.272,0.0,0.8761800423489079,0.10229770220468806,0.25390821011560155,0.9305549936147631,,0.1227537649461411
pulse_left,upwind,35,0.28,0.0,0.8743968085777094,0.10229770220468806,0.25343889022972826,0.9288349706064356,,0.1256031914222906
pulse_left,upwind,36,0.28800000000000003,0.0,0.8711531666254141,0.10229770220468806,0.2529736870387267,0.9271300349833026,,0.12778064066963557
pulse_left,upwind,37,0.296,0.0,0.8664893675489597,0.10229770220468806,0.25251253899057774,0.9254399611617222,,0.13013702894898527
pulse_left,upwind,38,0.304,0.0,0.8615389048931963,0.10229770220468806,0.25205538578991515,0.9237645281635932,,0.13420200643727753
pulse_left,upwind,39,0.312,0.0,0.861321316961011,0.10229770220468808,0.25160216836630644,0.9221035195001069,,0.137612490334038
pulse_left,upwind,40,0.32,0.0,0.8596747310096974,0.10229770220468806,0.25115282884347395,0.9204567230589447,,0.14032526899030262
pulse_left,upwind,41,0.328,0.0,0.8566310825214324,0.10229770220468808,0.25070731050942385,0.9188239309948028,,0.14230272477361727
pulse_left,upwind,42,0.336,0.0,0.852227684612374,0.10229770220468808,0.2502655577874523,0.9172049396231319,,0.1443900254425361
pulse_left,upwind,43,0.34400000000000003,0.0,0.8472841711110386,0.10229770220468806,0.24982751620799876,0.9155995493169823,,0.14845674021943522
pulse_left,upwind,44,0.352,0.0,0.8471287074088741,0.10229770220468808,0.24939313238131877,0.9140075644068507,,0.15180509988617485
pulse_left,upwind,45,0.36,0.0,0.8456060677268116,0.10229770220468806,0.24896235397094837,0.91242879308343,,0.15439393227318843
pulse_left,upwind,46,0.368,0.0,0.842745808692448,0.10229770220468806,0.2485351296679339,0.9108630473031627,,0.15618799860260102
pulse_left,upwind,47,0.376,0.0,0.8385825539433539,0.10229770220468806,0.24811140916580213,0.9093101426965091,,0.15800853344992827
pulse_left,upwind,48,0.384,0.0,0.8336603385713214,0.10229770220468806,0.2476911431362463,0.9077698984788378,,0.16208057275915244
pulse_left,upwind,49,0.392,0.0,0.8335594006366381,0.10229770220468806,0.24727428320550476,0.9062421373638553,,0.16537440665841152
pulse_left,upwind,50,0.4,0.0,0.8321492799312933,0.10229770220468806,0.24686078193140937,0.9047266854794899,,0.16785072006870672
mode_centered,centered,0,0.0,-1e-06,1e-06,0.0,7.071067811865475e-07,1.0,1.0,1.421271165711177e-20
mode_centered,centered,1,0.008,-1e-06,1e-06,0.0,9.055385138137416e-07,1.2806248474865698,1.2806248474865698,6.909830056250677e-07
mode_centered,centered,2,0.016,-1.6e-06,1.6e-06,0.0,1.1596551211459379e-06,1.6400000000000001,1.6400000000000001,1.1690169943749592e-06
mode_centered,centered,3,0.024,-1.888e-06,1.888e-06,0.0,1.4850831626545363e-06,2.1002247498779747,2.1002247498779747,2.475785252292485e-06
mode_centered,centered,4,0.032,-2.4304e-06,2.4304e-06,0.0,1.901834398679338e-06,2.6896,2.6896000000000004,2.7394169943749633e-06
mode_centered,centered,5,0.04,-3.352e-06,3.352e-06,0.0,2.4355363867534395e-06,3.444368589799878,3.4443685897998786,4.352e-06
mode_centered,centered,6,0.048,-3.4739200000000004e-06,3.4739200000000004e-06,0.0,3.1190084138341145e-06,4.410944,4.4109440000000015,4.424976516295158e-06
mode_centered,centered,7,0.056,-5.648435200000001e-06,5.648435200000001e-06,0.0,3.994279674275641e-06,5.648764487271801,5.6487644872718015,6.236220452292482e-06
mode_centered,centered,8,0.064,-5.5996416e-06,5.5996416e-06,0.0,5.115173798687949e-06,7.2339481600000015,7.233948160000002,5.388757154374965e-06
mode_centered,centered,9,0.07200000000000001,-9.05945344e-06,9.05945344e-06,0.0,6.550618665812051e-06,9.263973759125752,9.263973759125756,8.750436445625079e-06
mode_centered,centered,10,0.08,-1.06081330176e-05,1.06081330176e-05,0.0,8.388885029848236e-06,11.863674982400003,11.863674982400005,9.6081330176e-06
mode_centered,centered,11,0.088,-1.3798219694080003e-05,1.3798219694080003e-05,0.0,1.0743014611931765e-05,15.192916964966235,15.19291696496624,1.2847163177784855e-05
mode_centered,centered,12,0.096,-1.888522960896e-05,1.888522960896e-05,0.0,1.3757771448951107e-05,19.456426971136004,19.45642697113601,1.8297444356667538e-05
mode_centered,centered,13,0.10400000000000001,-1.9787997048832004e-05,1.9787997048832004e-05,0.0,1.7618543963568094e-05,24.916383822544628,24.91638382254464,1.8978980054457064e-05
mode_centered,centered,14,0.112,-3.1901100184535044e-05,3.1901100184535044e-05,0.0,2.2562745176279814e-05,31.908540232663047,31.90854023266306,3.221011717890999e-05
mode_centered,centered,15,0.12,-3.1349885208985595e-05,3.1349885208985595e-05,0.0,2.8894412100251674e-05,40.86286946897319,40.86286946897321,3.234988520898559e-05
mode_centered,centered,16,0.128,-5.1289807034253325e-05,5.1289807034253325e-05,0.0,3.70029020890989e-05,52.330005981567396,52.330005981567425,5.224086355054848e-05
mode_centered,centered,17,0.136,-5.95953799265203e-05,5.95953799265203e-05,0.0,4.738683584441275e-05,67.01510592911603,67.01510592911606,6.018316517881278e-05
mode_centered,centered,18,0.14400000000000002,-7.832618345328518e-05,7.832618345328518e-05,0.0,6.068475942612219e-05,85.82120980977052,85.82120980977058,7.913520044766013e-05
mode_centered,centered,19,0.152,-0.0001063865645067773,0.0001063865645067773,0.0,7.771441078483691e-05,109.9047737237503,109.90477372375035,0.00010607754751240237
mode_centered,centered,20,0.16,-0.00011269472205118485,0.00011269472205118485,0.0,9.95230054588404e-05,140.74678408802367,140.74678408802376,0.00011269472205118486
mode_centered,centered,21,0.168,-0.00018014927257131838,0.00018014927257131838,0.0,0.00012745163368713255,180.2438289069505,180.2438289069506,0.00017919821605502322
mode_centered,centered,22,0.176,-0.00017547920097869357,0.00017547920097869357,0.0,0.00016321772895249828,230.82472590435887,230.82472590435898,0.0001748914157264011
mode_centered,centered,23,0.184,-0.0002903403683307906,0.0002903403683307906,0.0,0.00020902067924689742,295.5998794073989,295.59987940739904,0.0002895313513364157
mode_centered,centered,24,0.192,-0.0003347512442831306,0.0003347512442831306,0.0,0.0002676770754820972,378.5525504831486,378.5525504831488,0.0003350602612775056
mode_centered,centered,25,0.2,-0.00044455969515071203,0.00044455969515071203,0.0,0.00034279391396491176,484.78380222813416,484.78380222813445,0.00044455969515071203
mode_centered,centered,26,0.20800000000000002,-0.0005992351227537237,0.0005992351227537237,0.0,0.00043899040379063943,620.8261827923637,620.8261827923641,0.0006001861792700188
mode_centered,centered,27,0.216,-0.000641691569819784,0.000641691569819784,0.0,0.0005621820189024553,795.04543565414,795.0454356541405,0.000642500586814159
mode_centered,centered,28,0.224,-0.0010172054461880077,0.0010172054461880077,0.0,0.0007199442622166488,1018.1549397794766,1018.1549397794772,0.0010180144631823827
mode_centered,centered,29,0.232,-0.0009820367178715696,0.0009820367178715696,0.0,0.0009219785110000267,1303.8745144727898,1303.8745144727907,0.0009817277008771948
mode_centered,centered,30,0.24,-0.0016433546416432096,0.0016433546416432096,0.0,0.001180708590035304,1669.7741012383415,1669.7741012383426,0.0016433546416432096
mode_centered,centered,31,0.248,-0.0018800398448390548,0.0018800398448390548,0.0,0.001512044758040044,2138.3542037353754,2138.354203735377,0.0018790887883227596
mode_centered,centered,32,0.256,-0.002522859085191005,0.002522859085191005,0.0,0.0019363620876578984,2738.42952603088,2738.4295260308822,0.00252205006819663
mode_centered,centered,33,0.264,-0.0033748415470976015,0.0033748415470976015,0.0,0.002479753403185672,3506.900894126015,3506.900894126018,0.0033740325301032264
mode_centered,centered,34,0.272,-0.0036531824284476394,0.0036531824284476394,0.0,0.003175633823758953,4491.024422690643,4491.024422690647,0.0036522313719313444
mode_centered,centered,35,0.28,-0.005742937784033204,0.005742937784033204,0.0,0.004066795581224502,5751.317466366666,5751.3174663666705,0.005742937784033204
mode_centered,centered,36,0.28800000000000003,-0.005494656385412279,0.005494656385412279,0.0,0.005208039470964684,7365.280053212656,7365.280053212662,0.005495607441928574
mode_centered,centered,37,0.296,-0.009300427083832542,0.009300427083832542,0.0,0.006669544753208184,9432.160644841331,9432.16064484134,0.009301236100826917
mode_centered,centered,38,0.304,-0.010557142927840624,0.010557142927840624,0.0,0.00854118473238208,12079.059287268754,12079.059287268767,0.010557951944835
mode_centered,centered,39,0.312,-0.01431516120432843,0.01431516120432843,0.0,0.01093805339526142,15468.743457539782,15468.7434575398,0.014316112260844727
mode_centered,centered,40,0.32,-0.019004429554885134,0.019004429554885134,0.0,0.014007542961106614,19809.65723112076,19809.657231120782,0.019004429554885134
mode_centered,centered,41,0.328,-0.020794087169174975,0.020794087169174975,0.0,0.01793840756822873,25368.739270365244,25368.739270365273,0.02079439618616935
mode_centered,centered,42,0.336,-0.03241968295691229,0.03241968295691229,0.0,0.02297237045621485,32487.83785903805,32487.83785903808,0.032418873939917915
mode_centered,centered,43,0.34400000000000003,-0.03073706295637762,0.03073706295637762,0.0,0.029418988411895122,41604.73240339901,41604.73240339905,0.030736253939383243
mode_centered,centered,44,0.352,-0.05262867173130027,0.05262867173130027,0.0,0.03767468754819236,53280.054088822406,53280.05408882246,0.052627720674783975
mode_centered,centered,45,0.36,-0.059273348422035535,0.059273348422035535,0.0,0.048247140995508,68231.76114157437,68231.76114157445,0.059273348422035535
mode_centered,centered,46,0.368,-0.08121577025924957,0.08121577025924957,0.0,0.061786487579035466,87379.28870566875,87379.28870566885,0.0812154612422552
mode_centered,centered,47,0.376,-0.10700431042304047,0.10700431042304047,0.0,0.07912531123263312,111900.08827218197,111900.08827218211,0.10700511944003484
mode_centered,centered,48,0.384,-0.11834038934109342,0.11834038934109342,0.0,0.10132983962961817,143302.03347729673,143302.0334772969,0.11834097712634571
mode_centered,centered,49,0.392,-0.18299219543782275,0.18299219543782275,0.0,0.12976551042151835,183516.14476637848,183516.14476637868,0.18299314649433904
mode_centered,centered,50,0.4,-0.17190615235625226,0.17190615235625226,0.0,0.16618093699257383,235015.3349027667,235015.33490276698,0.17190615235625226
mode_centered,centered,51,0.40800000000000003,-0.29777623208722315,0.29777623208722315,0.0,0.2128154370912901,300966.4774168607,300966.47741686105,0.29777654110421753
mode_centered,centered,52,0.41600000000000004,-0.3327403154428033,0.3327403154428033,0.0,0.2725367366678211,385425.1492405374,385425.14924053784,0.3327395064258089
mode_centered,centered,53,0.424,-0.460708133829546,0.460708133829546,0.0,0.3490173168297158,493585.02296365163,493585.0229636522,0.4607075460442937
mode_centered,centered,54,0.432,-0.6024102220395945,0.6024102220395945,0.0,0.44696024813522656,632097.2447544814,632097.2447544822,0.6024092709830782
mode_centered,centered,55,0.44,-0.6733670744327518,0.6733670744327518,0.0,0.572388399600734,809479.4376603886,809479.4376603897,0.6733660744327518
mode_centered,centered,56,0.448,-1.0327743581117386,1.0327743581117386,0.0,0.7330148069417716,1036639.4813973494,1036639.4813973508,1.0327740490947441
mode_centered,centered,57,0.456,-0.9612267141537643,0.9612267141537643,0.0,0.9387169753452036,1327546.2777630372,1327546.277763039,0.9612275231707587
mode_centered,centered,58,0.464,-1.6846354127598704,1.6846354127598704,0.0,1.2021442833845055,1700088.7494916532,1700088.7494916555,1.6846360005451226
mode_centered,centered,59,0.47200000000000003,-1.867598197563292,1.867598197563292,0.0,1.5394958395661342,2177175.8955313815,2177175.8955313843,1.8675991486198082
mode_centered,centered,60,0.48,-2.613083407254253,2.613083407254253,0.0,1.9715166247505893,2788145.5491663115,2788145.5491663152,2.613084407254253
mode_centered,centered,61,0.488,-3.3909988618145706,3.3909988618145706,0.0,2.52477317688846,3570568.4686714658,3570568.468671471,3.3909991708315648
mode_centered,centered,62,0.496,-3.8308714970546625,3.8308714970546625,0.0,3.2332872645909667,4572558.700632751,4572558.7006327575,3.830872084839915
mode_centered,centered,63,0.504,-5.828104245640395,5.828104245640395,0.0,4.140628010097075,5855732.288621204,5855732.288621212,5.828103657855142
mode_centered,centered,64,0.512,-5.373579236111143,5.373579236111143,0.0,5.302591113929186,7498996.269037712,7498996.269037723,5.373578285054627
mode_centered,centered,65,0.52,-9.529503047312796,9.529503047312796,0.0,6.790629936559203,9603400.953338776,9603400.953338789,9.529502047312796
mode_centered,centered,66,0.528,-10.480757054810427,10.480757054810427,0.0,8.696249426843863,12298353.881221848,12298353.881221866,10.480756745793432
mode_centered,centered,67,0.536,-14.81914057232654,14.81914057232654,0.0,11.136633095957093,15749577.563475592,15749577.563475616,14.81913998454129
mode_centered,centered,68,0.544,-19.085643861948835,19.085643861948835,0.0,14.261849060023938,20169300.36520383,20169300.36520386,19.085644449734087
mode_centered,centered,69,0.552,-21.790698435392436,21.790698435392436,0.0,18.264078277369634,25829307.204099976,25829307.204100013,21.79069874440943
mode_centered,centered,70,0.56,-32.88501618361815,32.88501618361815,0.0,23.38943245843926,33077652.598934285,33077652.598934337,32.885017183618146
mode_centered,centered,71,0.5680000000000001,-30.033286933192706,30.033286933192706,0.0,29.953088374886203,42360063.81472396,42360063.81472403,30.0332872422097
mode_centered,centered,72,0.5760000000000001,-53.89930405648049,53.89930405648049,0.0,38.35866923184039,54247350.262252234,54247350.262252316,53.89930464426574
mode_centered,centered,73,0.584,-58.807421916681804,58.807421916681804,0.0,49.12306493481337,69470504.65614729,69470504.6561474,58.80742132889655
mode_centered,centered,74,0.592,-84.03023345327819,84.03023345327819,0.0,62.90821754021823,88965654.43009366,88965654.43009381,84.03023314426119
mode_centered,centered,75,0.6,-107.40622159786668,107.40622159786668,0.0,80.56182649309393,113931627.63608156,113931627.63608176,107.40622059786668
mode_centered,centered,76,0.608,-123.92917886018029,123.92917886018029,0.0,103.1694767659579,145903673.2653536,145903673.26535386,123.92917790912377
mode_centered,centered,77,0.616,-185.531467126066,185.531467126066,0.0,132.12139544867404,186847869.32317376,186847869.3231741,185.53146653828074
mode_centered,centered,78,0.624,-170.56565645663994,170.56565645663994,0.0,169.197941896171,239282024.15517995,239282024.15518036,170.56565564762295
mode_centered,centered,79,0.632,-304.820921193789,304.820921193789,0.0,216.67908853582546,306430505.690005,306430505.69000554,304.82092150280596
mode_centered,centered,80,0.64,-329.9141657986885,329.9141657986885,0.0,277.48462470972044,392422519.6144951,392422519.6144958,329.9141667986885
mode_centered,centered,81,0.648,-476.4215138378577,476.4215138378577,0.0,355.35370519875374,502546029.3316082,502546029.33160913,476.4215147889142
mode_centered,centered,82,0.656,-604.3591305095081,604.3591305095081,0.0,455.07478452394156,643572932.167772,643572932.1677732,604.3591310972934
mode_centered,centered,83,0.664,-704.7024946383297,704.7024946383297,0.0,582.7800765259562,824175488.1038376,824175488.103839,704.7024954473467
mode_centered,centered,84,0.672,-1046.6120772982733,1046.6120772982733,0.0,746.3226466192642,1055459608.7551463,1055459608.7551482,1046.6120769892564
mode_centered,centered,85,0.68,-973.664679224353,973.664679224353,0.0,955.7593255025683,1351647800.4902937,1351647800.4902961,973.664679224353
mode_centered,centered,86,0.6880000000000001,-1723.6743299361017,1723.6743299361017,0.0,1223.9691404555933,1730953758.35844,1730953758.358443,1723.6743289850451
mode_centered,centered,87,0.6960000000000001,-1850.5385859442645,1850.5385859442645,0.0,1567.445293824212,2216702392.804082,2216702392.804086,1850.5385853564792
mode_centered,centered,88,0.704,-2700.7900126940895,2700.7900126940895,0.0,2007.309390347173,2838764163.7078414,2838764163.707847,2700.7900118850725
mode_centered,centered,89,0.712,-3400.191029328747,3400.191029328747,0.0,2570.6102818717077,3635391924.1986938,3635391924.1987014,3400.191029637764
mode_centered,centered,90,0.72,-4006.5335628249472,4006.5335628249472,0.0,3291.9874001693634,4655573228.48086,4655573228.480869,4006.5335628249472
mode_centered,centered,91,0.728,-5903.402713096297,5903.402713096297,0.0,4215.800862269601,5962042755.685858,5962042755.685871,5903.402714047354
mode_centered,centered,92,0.736,-5556.862582897808,5556.862582897808,0.0,5398.859336277756,7635140094.708609,7635140094.708627,5556.862583706826
mode_centered,centered,93,0.744,-9745.734889425552,9745.734889425552,0.0,6913.913414122144,9777750119.324806,9777750119.32483,9745.73489023457
mode_centered,centered,94,0.752,-10378.215142898698,10378.215142898698,0.0,8854.129311495519,12521629755.322119,12521629755.32215,10378.21514258968
mode_centered,centered,95,0.76,-15308.559709017969,15308.559709017969,0.0,11338.817999160317,16035510195.692684,16035510195.69272,15308.559709017969
mode_centered,centered,96,0.768,-19127.299762729563,19127.299762729563,0.0,14520.772070852654,20535472798.72828,20535472798.728325,19127.299761778508
mode_centered,centered,97,0.776,-22775.262510258537,22775.262510258537,0.0,18595.661518622925,26298236720.93601,26298236720.936066,22775.26250944952
mode_centered,centered,98,0.784,-33294.11179239426,33294.11179239426,0.0,23814.066196198353,33678175389.914375,33678175389.91446,33294.111791585245
mode_centered,centered,99,0.792,-31706.937839452585,31706.937839452585,0.0,30496.88489054159,43129108222.335045,43129108222.33515,31706.93783850153
mode_centered,centered,100,0.8,-55096.3722938242,55096.3722938242,0.0,39055.0685617653,55232207639.45958,55232207639.45972,55096.3722938242
mode_upwind,upwind,0,0.0,-1e-06,1e-06,0.0,7.071067811865475e-07,1.0,1.0,1.421271165711177e-20
mode_upwind,upwind,1,0.008,-8e-07,8e-07,0.0,5.830951894845299e-07,0.824621125123532,0.8246211251235321,1.5105651629515916e-07
mode_upwind,upwind,2,0.016,-6.000000000000001e-07,6.000000000000001e-07,0.0,4.808326112068524e-07,0.6800000000000002,0.68,2.6778525229248447e-07
mode_upwind,upwind,3,0.024,-4.160000000000001e-07,4.160000000000001e-07,0.0,3.965047288494805e-07,0.560742365084002,0.5607423650840019,4.330169943749555e-07
mode_upwind,upwind,4,0.032,-3.8399999999999994e-07,3.8399999999999994e-07,0.0,3.269661756206596e-07,0.4624000000000001,0.4624000000000001,5.670565162951578e-07
mode_upwind,upwind,5,0.04,-3.5872e-07,3.5872e-07,0.0,2.6962321561764675e-07,0.3813048082571214,0.3813048082571213,6.4128e-07
mode_upwind,upwind,6,0.048,-3.128320000000001e-07,3.128320000000001e-07,0.0,2.2233699942204858e-07,0.3144320000000001,0.31443200000000004,6.382245162951574e-07
mode_upwind,upwind,7,0.056,-2.566016000000001e-07,2.566016000000001e-07,0.0,1.833437866199998e-07,0.2592872696148425,0.2592872696148425,5.524153943749584e-07
mode_upwind,upwind,8,0.064,-1.9783680000000012e-07,1.9783680000000012e-07,0.0,1.5118915960699303e-07,0.21381376000000007,0.21381376000000005,7.279187543749633e-07
mode_upwind,upwind,9,0.07200000000000001,-1.4204979200000012e-07,1.4204979200000012e-07,0.0,1.246737749015999e-07,0.17631534333809296,0.17631534333809293,8.466105642951602e-07
mode_upwind,upwind,10,0.08,-1.1196671999999998e-07,1.1196671999999998e-07,0.0,1.0280862853275527e-07,0.14539335680000007,0.14539335680000004,8.8803328e-07
mode_upwind,upwind,11,0.088,-1.0812350464000001e-07,1.0812350464000001e-07,0.0,8.477816693308793e-08,0.11989443346990322,0.1198944334699032,8.429330116551553e-07
mode_upwind,upwind,12,0.096,-9.686023782400004e-08,9.686023782400004e-08,0.0,6.99098674022736e-08,0.09886748262400008,0.09886748262400004,7.121567565509505e-07
mode_upwind,upwind,13,0.10400000000000001,-8.145239736320006e-08,8.145239736320006e-08,0.0,5.76491535144998e-08,0.0815282147595342,0.08152821475953417,8.055017752261632e-07
mode_upwind,upwind,14,0.112,-6.445887406080007e-08,6.445887406080007e-08,0.0,4.753870983354605e-08,0.06722988818432005,0.06722988818432003,9.31953861503478e-07
mode_upwind,upwind,15,0.12,-4.7746568290304064e-08,4.7746568290304064e-08,0.0,3.920142438985987e-08,0.05543918603648326,0.05543918603648325,9.71826101354496e-07
mode_upwind,upwind,16,0.128,-3.2562474903142464e-08,3.2562474903142464e-08,0.0,3.2326322686811316e-08,0.04571632396533764,0.045716323965337625,9.189680837206934e-07
mode_upwind,upwind,17,0.136,-3.218324104019968e-08,3.218324104019968e-08,0.0,2.6656968585104712e-08,0.03769864650480862,0.03769864650480861,7.768337533347548e-07
mode_upwind,upwind,18,0.14400000000000002,-2.967305151368398e-08,2.967305151368398e-08,0.0,2.19818994270317e-08,0.0310871002964296,0.03108710029642959,8.182861808930123e-07
mode_upwind,upwind,19,0.152,-2.5592278514558587e-08,2.5592278514558587e-08,0.0,1.8126738637871207e-08,0.025635079623269868,0.025635079623269857,9.525372552068665e-07
mode_upwind,upwind,20,0.16,-2.076997059398863e-08,2.076997059398863e-08,0.0,1.4947691610381554e-08,0.021139228201572123,0.02113922820157212,9.960661354264552e-07
mode_upwind,upwind,21,0.168,-1.5829203560481973e-08,1.5829203560481973e-08,0.0,1.232618227375242e-08,0.01743185414382351,0.017431854143823502,9.437554305175239e-07
mode_upwind,upwind,22,0.176,-1.1203145692858888e-08,1.1203145692858888e-08,0.0,1.0164430295059458e-08,0.014374675177069047,0.014374675177069043,8.000102850407509e-07
mode_upwind,upwind,23,0.184,-9.445996605934306e-09,9.445996605934306e-09,0.0,8.381803946151646e-09,0.011853660817799986,0.011853660817799982,8.161781690624062e-07
mode_upwind,upwind,24,0.192,-8.989032222236741e-09,8.989032222236741e-09,0.0,6.911812600640432e-09,0.009774779120406953,0.00977477912040695,9.548962567239308e-07
mode_upwind,upwind,25,0.2,-7.959173863543458e-09,7.959173863543458e-09,0.0,5.699626683383121e-09,0.008060489356103992,0.008060489356103989,1.0012739858985688e-06
mode_upwind,upwind,26,0.20800000000000002,-6.622136270548549e-09,6.622136270548549e-09,0.0,4.700032568435495e-09,0.006646849801876729,0.006646849801876726,9.504838702413051e-07
mode_upwind,upwind,27,0.216,-5.183179805668127e-09,5.183179805668127e-09,0.0,3.875746144700522e-09,0.0054811327621507155,0.005481132762150713,8.072344502777576e-07
mode_upwind,upwind,28,0.224,-3.79003502509599e-09,3.79003502509599e-09,0.0,3.1960221465361367e-09,0.004519857865276176,0.004519857865276175,8.128070294000554e-07
mode_upwind,upwind,29,0.232,-2.7281439961293366e-09,2.7281439961293366e-09,0.0,2.6355073783963553e-09,0.0037271702782624865,0.0037271702782624852,9.535960100674577e-07
mode_upwind,upwind,30,0.24,-2.6904139513633207e-09,2.6904139513633207e-09,0.0,2.1732950596445727e-09,0.0030735033483877995,0.0030735033483877986,1.0014859662186135e-06
mode_upwind,upwind,31,0.248,-2.449524404813364e-09,2.449524404813364e-09,0.0,1.7921450173095214e-09,0.0025344757892184905,0.00253447578921849,9.517072064797744e-07
mode_upwind,upwind,32,0.256,-2.089757560774325e-09,2.089757560774325e-09,0.0,1.4778406405583098e-09,0.002089982276903704,0.0020899822769037033,8.090476416416855e-07
mode_upwind,upwind,33,0.264,-1.677935501965832e-09,1.677935501965832e-09,0.0,1.2186586117704747e-09,0.0017234435366685738,0.0017234435366685734,8.106949298769221e-07
mode_upwind,upwind,34,0.272,-1.2636616618187906e-09,1.2636616618187906e-09,0.0,1.0049316355796506e-09,0.0014211879482945188,0.0014211879482945184,9.523201779569766e-07
mode_upwind,upwind,35,0.28,-8.808625175732992e-10,8.808625175732992e-10,0.0,8.28687856003923e-10,0.0011719416049346305,0.00117194160493463,1.0008808625175732e-06
mode_upwind,upwind,36,0.28800000000000003,-7.945721674272133e-10,7.945721674272133e-10,0.0,6.833535121941625e-10,0.0009664078048402728,0.0009664078048402726,9.516066063932379e-07
mode_upwind,upwind,37,0.296,-7.456757535578708e-10,7.456757535578708e-10,0.0,5.635077420826676e-10,0.0007969202913555486,0.0007969202913555484,8.092981520199329e-07
mode_upwind,upwind,38,0.304,-6.527721318420883e-10,6.527721318420883e-10,0.0,4.646803882920305e-10,0.0006571573072913856,0.0006571573072913854,8.096697665068018e-07
mode_upwind,upwind,39,0.312,-5.373758985279892e-10,5.373758985279892e-10,0.0,3.83185264616214e-10,0.0005419057981217731,0.000541905798121773,9.515938921936886e-07
mode_upwind,upwind,40,0.32,-4.159163879921627e-10,4.159163879921627e-10,0.0,3.159826640385808e-10,0.00044686696895814227,0.0004468669689581421,1.000415916387992e-06
mode_upwind,upwind,41,0.328,-3.000506097884276e-10,3.000506097884276e-10,0.0,2.6056597993902556e-10,0.0003684959427228058,0.0003684959427228057,9.51356566904947e-07
mode_upwind,upwind,42,0.336,-2.3114074597339973e-10,2.3114074597339973e-10,0.0,2.1486821154623496e-10,0.00030386953889153677,0.00030386953889153666,8.092142522067848e-07
mode_upwind,upwind,43,0.34400000000000003,-2.2436416314408247e-10,2.2436416314408247e-10,0.0,1.7718486635853738e-10,0.00025057724105150795,0.00025057724105150784,8.092413585380997e-07
mode_upwind,upwind,44,0.352,-2.0180695376862017e-10,2.0180695376862017e-10,0.0,1.4611038385143977e-10,0.00020663128644624499,0.00020663128644624493,9.512583232489271e-07
mode_upwind,upwind,45,0.36,-1.703234950918162e-10,1.703234950918162e-10,0.0,1.2048570912380543e-10,0.0001703925239150254,0.00017039252391502535,1.0001703234950918e-06
mode_upwind,upwind,46,0.368,-1.3528886358424418e-10,1.3528886358424418e-10,0.0,9.935506101897904e-11,0.0001405092747834466,0.00014050927478344657,9.511918051587406e-07
mode_upwind,upwind,47,0.376,-1.0064220507235569e-10,1.0064220507235569e-10,0.0,8.193028220418769e-11,0.00011586691626221727,0.00011586691626221725,8.091176365800261e-07
mode_upwind,upwind,48,0.384,-6.903110087848306e-11,6.903110087848306e-11,0.0,6.756144149290576e-11,9.554630685274369e-05,9.554630685274368e-05,8.090830534686884e-07
mode_upwind,upwind,49,0.392,-6.66534951613583e-11,6.66534951613583e-11,0.0,5.571259189884763e-11,7.878950305830775e-05,7.878950305830773e-05,9.511231697903191e-07
mode_upwind,upwind,50,0.4,-6.172540852036084e-11,6.172540852036084e-11,0.0,4.594178021517591e-11,6.49714886598657e-05,6.49714886598657e-05,1.0000617254085203e-06
mode_upwind,upwind,51,0.40800000000000003,-5.343627692285371e-11,5.343627692285371e-11,0.0,3.788456249121639e-11,5.3576862079649274e-05,5.357686207964927e-05,9.511099525720802e-07
mode_upwind,upwind,52,0.41600000000000004,-4.352476528272057e-11,4.352476528272057e-11,0.0,3.124041054631963e-11,4.4180612288708695e-05,4.418061228870868e-05,8.090605191402404e-07
mode_upwind,upwind,53,0.424,-3.330295614481239e-11,3.330295614481239e-11,0.0,2.576150249402715e-11,3.6432266214161514e-05,3.64322662141615e-05,8.090317667523388e-07
mode_upwind,upwind,54,0.432,-2.368788943944983e-11,2.368788943944983e-11,0.0,2.1243479171497348e-11,3.0042816356321913e-05,3.0042816356321906e-05,9.510749947882921e-07
mode_upwind,upwind,55,0.44,-1.9520372395540203e-11,1.9520372395540203e-11,0.0,1.7517821695938463e-11,2.477394102562983e-05,2.4773941025629823e-05,1.0000195203723955e-06
mode_upwind,upwind,56,0.448,-1.8667220501361627e-11,1.8667220501361627e-11,0.0,1.4445565836618199e-11,2.0429115122298905e-05,2.0429115122298898e-05,9.510751835156591e-07
mode_upwind,upwind,57,0.456,-1.6593699573211262e-11,1.6593699573211262e-11,0.0,1.1912118753238156e-11,1.6846279897428285e-05,1.684627989742828e-05,8.090335880745275e-07
mode_upwind,upwind,58,0.464,-1.3856209376212115e-11,1.3856209376212115e-11,0.0,9.822984768900375e-12,1.3891798283163254e-05,1.389179828316325e-05,8.090179881159969e-07
mode_upwind,upwind,59,0.47200000000000003,-1.0886219292155724e-11,1.0886219292155724e-11,0.0,8.100240752201947e-12,1.1455470330251235e-05,1.1455470330251231e-05,9.510600825298672e-07
mode_upwind,upwind,60,0.48,-7.995728491624922e-12,7.995728491624922e-12,0.0,6.679629642852255e-12,9.446422832551013e-06,9.446422832551012e-06,1.0000050302316269e-06
mode_upwind,upwind,61,0.488,-5.623330999788805e-12,5.623330999788805e-12,0.0,5.508163711497323e-12,7.78971982457084e-06,7.789719824570838e-06,9.510621396261544e-07
mode_upwind,upwind,62,0.496,-5.576772093417841e-12,5.576772093417841e-12,0.0,4.542148157139534e-12,6.423567526134689e-06,6.423567526134688e-06,8.090225711470442e-07
mode_upwind,upwind,63,0.504,-5.098970269612158e-12,5.098970269612158e-12,0.0,3.74555132381818e-12,5.297009480708171e-06,5.29700948070817e-06,8.090155595189955e-07
mode_upwind,upwind,64,0.512,-4.366147407855321e-12,4.366147407855321e-12,0.0,3.0886607468548827e-12,4.368025917771588e-06,4.368025917771588e-06,9.51056388204443e-07
mode_upwind,upwind,65,0.52,-3.518536069232246e-12,3.518536069232246e-12,0.0,2.5469749001963625e-12,3.6019664468815563e-06,3.6019664468815563e-06,1.0000007707569097e-06
mode_upwind,upwind,66,0.528,-2.6606774734299757e-12,2.6606774734299757e-12,0.0,2.1002893078613207e-12,2.9702576240846806e-06,2.97025762408468e-06,9.510578366078994e-07
mode_upwind,upwind,67,0.536,-1.8644794304100337e-12,1.8644794304100337e-12,0.0,1.731942932133527e-12,2.449337183879459e-06,2.4493371838794585e-06,8.090185827606443e-07
mode_upwind,upwind,68,0.544,-1.643604436499433e-12,1.643604436499433e-12,0.0,1.428196729345698e-12,2.0197751843775826e-06,2.0197751843775826e-06,8.090158204685442e-07
mode_upwind,upwind,69,0.552,-1.5496648305442807e-12,1.5496648305442807e-12,0.0,1.1777211938507983e-12,1.6655492850380321e-06,1.6655492850380317e-06,9.510559058909165e-07
mode_upwind,upwind,70,0.56,-1.3618127120512345e-12,1.3618127120512345e-12,0.0,9.711737759550749e-13,1.3734471253767567e-06,1.3734471253767562e-06,9.999998216095756e-07
mode_upwind,upwind,71,0.5680000000000001,-1.1251282545118644e-12,1.1251282545118644e-12,0.0,8.008504118185428e-13,1.1325735138258617e-06,1.1325735138258617e-06,9.510566459453619e-07
mode_upwind,upwind,72,0.5760000000000001,-8.741725630241436e-13,8.741725630241436e-13,0.0,6.603981676494509e-13,9.339440452561945e-07,9.339440452561944e-07,8.090173231207716e-07
mode_upwind,upwind,73,0.584,-6.335888877705621e-13,6.335888877705621e-13,0.0,5.445782800366092e-13,7.701499894015862e-07,7.701499894015861e-07,8.090163607860699e-07
mode_upwind,upwind,74,0.592,-4.769827081139847e-13,4.769827081139847e-13,0.0,4.490707540016266e-13,6.350819507742123e-07,6.350819507742122e-07,9.510560969902815e-07
mode_upwind,upwind,75,0.6,-4.654471420064841e-13,4.654471420064841e-13,0.0,3.703132304248943e-13,5.237019927930786e-07,5.237019927930785e-07,9.999997599526396e-07
mode_upwind,upwind,76,0.608,-4.2036718569286497e-13,4.2036718569286497e-13,0.0,3.0536811272110614e-13,4.318557265264644e-07,4.3185572652646434e-07,9.510564173466953e-07
mode_upwind,upwind,77,0.616,-3.5608344054417475e-13,3.5608344054417475e-13,0.0,2.5181299668892816e-13,3.561173550992935e-07,3.561173550992934e-07,8.090169992896208e-07
mode_upwind,upwind,78,0.624,-2.838838185995314e-13,2.838838185995314e-13,0.0,2.0765031665035217e-13,2.9366189403799577e-07,2.9366189403799577e-07,8.090167104911351e-07
mode_upwind,upwind,79,0.632,-2.1207737018921145e-13,2.1207737018921145e-13,0.0,1.712328377484711e-13,2.4215980146751953e-07,2.4215980146751953e-07,9.510563042177871e-07
mode_upwind,upwind,80,0.64,-1.4628279565505699e-13,1.4628279565505699e-13,0.0,1.4120221532223949e-13,1.9969008794583715e-07,1.9969008794583713e-07,9.999998537172043e-07
mode_upwind,upwind,81,0.648,-1.3800205994948425e-13,1.3800205994948425e-13,0.0,1.1643832966896036e-13,1.646686649979133e-07,1.6466866499791331e-07,9.510564264552964e-07
mode_upwind,upwind,82,0.656,-1.283696202234729e-13,1.283696202234729e-13,0.0,9.601750641912286e-14,1.3578925980316928e-07,1.3578925980316925e-07,8.090169501034792e-07
mode_upwind,upwind,83,0.664,-1.1154999159190734e-13,1.1154999159190734e-13,0.0,7.917806417489307e-14,1.1197469219858107e-07,1.1197469219858105e-07,8.090168828249593e-07
mode_upwind,upwind,84,0.672,-9.118864479509017e-14,9.118864479509017e-14,0.0,6.529190436500355e-14,9.233669666615511e-08,9.233669666615511e-08,9.510564251065105e-07
mode_upwind,upwind,85,0.68,-7.00478373896473e-14,7.00478373896473e-14,0.0,5.3841083638927296e-14,7.614279069503514e-08,7.614279069503512e-08,9.999999299521627e-07
mode_upwind,upwind,86,0.6880000000000001,-5.0068261362774353e-14,5.0068261362774353e-14,0.0,4.439849496820242e-14,6.278895373298549e-08,6.278895373298548e-08,9.51056466226898e-07
mode_upwind,upwind,87,0.6960000000000001,-4.032533361151761e-14,4.032533361151761e-14,0.0,3.6611936874470564e-14,5.17770976726239e-08,5.177709767262389e-08,8.090169618982709e-07
mode_upwind,upwind,88,0.704,-3.8755604640309845e-14,3.8755604640309845e-14,0.0,3.0190976578377653e-14,4.269648853843014e-08,4.269648853843013e-08,8.09016955619353e-07
mode_upwind,upwind,89,0.712,-3.4587740568663785e-14,3.4587740568663785e-14,0.0,2.4896117074639988e-14,3.5208426417384256e-08,3.520842641738424e-08,9.510564817074185e-07
mode_upwind,upwind,90,0.72,-2.898657375445136e-14,2.898657375445136e-14,0.0,2.0529864073296804e-14,2.9033612206132495e-08,2.9033612206132488e-08,9.999999710134263e-07
mode_upwind,upwind,91,0.728,-2.28588544204308e-14,2.28588544204308e-14,0.0,1.6929359610755193e-14,2.3941729963821297e-08,2.3941729963821287e-08,9.510564934363017e-07
mode_upwind,upwind,92,0.736,-1.6863296919662358e-14,1.6863296919662358e-14,0.0,1.3960307569841827e-14,1.9742856300170097e-08,1.9742856300170094e-08,8.090169775116566e-07
mode_upwind,upwind,93,0.744,-1.1586193264584703e-14,1.1586193264584703e-14,0.0,1.151196453531353e-14,1.628037637539848e-08,1.628037637539848e-08,8.090169827887607e-07
mode_upwind,upwind,94,0.752,-1.1556405424781129e-14,1.1556405424781129e-14,0.0,9.493009147492443e-15,1.3425142284115667e-08,1.3425142284115664e-08,9.510565047387519e-07
mode_upwind,upwind,95,0.76,-1.0611637259732207e-14,1.0611637259732207e-14,0.0,7.828135884013201e-15,1.1070655935270968e-08,1.1070655935270965e-08,9.999999893883627e-07
mode_upwind,upwind,96,0.768,-9.120263926720366e-15,9.120263926720366e-15,0.0,6.455246220294862e-15,9.129096753198655e-09,9.129096753198653e-09,9.510565071748934e-07
mode_upwind,upwind,97,0.776,-7.376508946134684e-15,7.376508946134684e-15,0.0,5.323132401128977e-15,7.528046035984259e-09,7.528046035984257e-09,8.090169869984485e-07
mode_upwind,upwind,98,0.784,-5.600634843645645e-15,5.600634843645645e-15,0.0,4.389567429800506e-15,6.207785792175085e-09,6.2077857921750844e-09,8.090169916973599e-07
mode_upwind,upwind,99,0.792,-3.944989666461448e-15,3.944989666461448e-15,0.0,3.6197300327677044e-15,5.1190713044692955e-09,5.1190713044692955e-09,9.510565130329555e-07
mode_upwind,upwind,100,0.8,-3.3987577753318123e-15,3.3987577753318123e-15,0.0,2.984905852264344e-15,4.221294338679058e-09,4.221294338679058e-09,9.999999966012421e-07
sine_40,upwind,0,0.0,-1.0,1.0,8.612732120994167e-18,0.7071067811865476,1.0,,8.881784197001252e-16
sine_40,upwind,1,0.02,-0.9975376681190276,0.9975376681190276,6.5919492087118674e-18,0.7057125013029187,0.9980281904788281,,0.001968892246704046
sine_40,upwind,2,0.04,-0.9941025296422502,0.9941025296422502,6.765421556309548e-18,0.7043209706736396,0.9960602689904441,,0.0039338929983864235
sine_40,upwind,3,0.06,-0.992122963212205,0.9921229632122051,1.0408340855860843e-17,0.7029321838777043,0.9940962278683876,,0.005903765216066614
sine_40,upwind,4,0.08,-0.9916387306790388,0.991638730679039,7.632783294297952e-18,0.7015461355047962,0.9921360594613158,,0.007867829686692751
sine_40,upwind,5,0.1,-0.9901797084274163,0.9901797084274164,2.3418766925686897e-18,0.7001628201552664,0.9901797561329719,,0.009820291572583684
sine_40,upwind,6,0.12,-0.987751173905421,0.9877511739054211,3.2959746043559337e-18,0.6987822324401138,0.9882273102621575,,0.011755386460310602
sine_40,upwind,7,0.14,-0.9843593386737997,0.9843593386737998,9.71445146547012e-18,0.6974043669809626,0.9862787142427004,,0.01370081941897583
sine_40,upwind,8,0.16,-0.9823607838820432,0.9823607838820434,9.020562075079397e-18,0.6960292184100427,0.9843339604834275,,0.015665944546228383
sine_40,upwind,9,0.18,-0.9818908948272025,0.9818908948272027,1.0408340855860843e-17,0.6946567813701681,0.9823930414081335,,0.017615665538529113
sine_40,upwind,10,0.2,-0.9804557605072544,0.9804557605072546,1.1102230246251566e-17,0.6932870505147157,0.9804559494555519,,0.01954423949274564
sine_40,upwind,11,0.22,-0.9780605972396974,0.9780605972396975,7.28583859910259e-18,0.6919200205076056,0.9785226770793258,,0.021445963126034084
sine_40,upwind,12,0.24,-0.974711546355096,0.9747115463550962,4.5102810375396986e-18,0.6905556860232793,0.9765932167479783,,0.02337164214582743
sine_40,upwind,13,0.26,-0.9726945672368212,0.9726945672368215,-1.734723475976807e-18,0.6891940417466793,0.9746675609448828,,0.02533216119145032
sine_40,upwind,14,0.28,-0.9722387866902531,0.9722387866902532,-5.898059818321145e-18,0.6878350823732282,0.9727457021682343,,0.0272677736754785
sine_40,upwind,15,0.3,-0.9708272119722837,0.9708272119722837,-1.3964523981613298e-17,0.6864788026088087,0.9708276329310199,,0.02917278802771628
sine_40,upwind,16,0.32,-0.968464998961021,0.968464998961021,-1.0495077029659684e-17,0.685125197169742,0.9689133457609899,,0.031041561404710594
sine_40,upwind,17,0.34,-0.9651582195365909,0.9651582195365909,-1.1622647289044608e-17,0.6837742607827679,0.9670028332006279,,0.032947305884719835
sine_40,upwind,18,0.36,-0.9631233708820064,0.9631233708820064,-1.1449174941446928e-17,0.6824259881850242,0.9650960878071226,,0.03490335754626517
sine_40,upwind,19,0.38,-0.9626814671039934,0.9626814671039934,-9.367506770274759e-18,0.6810803741240259,0.9631931021523389,,0.03682509326173822
sine_40,upwind,20,0.4,-0.9612931278009293,0.9612931278009293,-1.1015494072452726e-17,0.6797374133576448,0.9612938688227879,,0.03870687219907065
sine_80,upwind,0,0.0,-1.0,1.0,1.332692813557648e-17,0.7071067811865476,1.0,,8.881784197001252e-16
sine_80,upwind,1,0.01,-0.9993834667466256,0.9993834667466256,6.982261990806649e-18,0.7067579312588579,0.9995066517010284,,0.0004931657350349949
sine_80,upwind,2,0.02,-0.9985210804184064,0.9985210804184064,2.862293735361732e-18,0.7064092534356867,0.999013546794601,,0.0009860880234430214
sine_80,upwind,3,0.03,-0.998027245634503,0.998027245634503,5.030698080332741e-18,0.7060607476321265,0.9985206851606403,,0.0014793147312286425
sine_80,upwind,4,0.04,-0.9979044557503695,0.9979044557503695,3.903127820947816e-18,0.7057124137633115,0.9980280666791284,,0.001972176731291131
sine_80,upwind,5,0.05,-0.9975356904804467,0.9975356904804467,3.144186300207963e-18,0.7053642517444182,0.9975356912301062,,0.0024643095195533427
sine_80,upwind,6,0.06,-0.9969212834103627,0.9969212834103627,4.098284211995207e-18,0.7050162614906648,0.9970435586936744,,0.002955349071297908
sine_80,upwind,7,0.07,-0.9960616283752148,0.9960616283752148,9.974659986866641e-18,0.7046684429173111,0.9965516689499925,,0.0034470523887694116
sine_80,upwind,8,0.08,-0.9955665837336034,0.9955665837336034,7.892991815694472e-18,0.7043207959396589,0.9960600218792787,,0.003939976632128195
sine_80,upwind,9,0.09,-0.9954447028474849,0.9954447028474849,6.245004513516506e-18,0.7039733204730516,0.9955686173618107,,0.004431929634175713
sine_80,upwind,10,0.1,-0.9950774522866768,0.9950774522866768,6.743737512859838e-18,0.7036260164328749,0.9950774552779259,,0.004922547713323233
sine_80,upwind,11,0.11,-0.9944651646657543,0.9944651646657543,6.3751087742147665e-18,0.7032788837345556,0.9945865355080196,,0.00541146781590629
sine_80,upwind,12,0.12,-0.9936082327005826,0.9936082327005826,4.9439619065339e-18,0.7029319222935625,0.9940958579325466,,0.005901949182240185
sine_80,upwind,13,0.13,-0.9931119871639004,0.9931119871639004,5.898059818321145e-18,0.7025851320254062,0.9936054224320209,,0.006394573201831233
sine_80,upwind,14,0.14,-0.9929910115415563,0.9929910115415563,8.933825901280557e-18,0.7022385128456388,0.9931152288870152,,0.006885620940104253
sine_80,upwind,15,0.15,-0.9926252704644358,0.9926252704644358,4.85722573273506e-18,0.701892064669854,0.992625277178161,,0.007374729535564173
sine_80,upwind,16,0.16,-0.9920150955788207,0.9920150955788207,3.079134169858833e-18,0.7015457874136876,0.992135567186149,,0.00786153690283986
sine_80,upwind,17,0.17,-0.9911608784844679,0.9911608784844679,4.163336342344338e-18,0.7011996809928163,0.9916460987917285,,0.008350793359927833
sine_80,upwind,18,0.18,-0.9906634409785273,0.9906634409785273,8.673617379884035e-19,0.7008537453229591,0.9911568718757078,,0.008843119387204279
sine_80,upwind,19,0.19,-0.9905433668986007,0.9905433668986007,-2.5587171270657906e-18,0.7005079803198762,0.990667886318954,,0.009333265583059913
sine_80,upwind,20,0.2,-0.9901791300962941,0.9901791300962941,-5.637851296924623e-18,0.7001623858993694,0.9901791420023929,,0.009820869903705898
sine_80,upwind,21,0.21,-0.9895710612523481,0.9895710612523481,-5.6161672534749134e-18,0.6998169619772819,0.9896906388070086,,0.010305571229312527
sine_80,upwind,22,0.22,-0.9887195508535266,0.9887195508535266,-8.977193988179978e-18,0.6994717084694991,0.9892023766138452,,0.010793599841048551
sine_80,upwind,23,0.23,-0.9882209302674425,0.9882209302674425,-9.49761103097302e-18,0.6991266252919469,0.9887143553040042,,0.01128563009828909
sine_80,upwind,24,0.24,-0.9881017540214185,0.9881017540214185,-1.1752751549742869e-17,0.6987817123605934,0.9882265747586462,,0.011774878460242055
sine_80,upwind,25,0.25,-0.9877390163015557,0.9877390163015557,-1.6414820891430538e-17,0.6984369695914479,0.9877390348589905,,0.012260983698444305
sine_80,upwind,26,0.26,-0.9871330468257973,0.9871330468257973,-1.5764299587939235e-17,0.698092396900561,0.987251735486315,,0.01274358565586331
sine_80,upwind,27,0.27,-0.9862842349710214,0.9862842349710214,-1.474514954580286e-17,0.6977479942040251,0.986764676521956,,0.01323038350805239
sine_80,upwind,28,0.28,-0.9857844401573383,0.9857844401573383,-1.431146867680866e-17,0.6974037614179738,0.9862778578473087,,0.013722120208393251
sine_80,upwind,29,0.29,-0.9856661580495037,0.9856661580495037,-1.5439038936193584e-17,0.6970596984585818,0.9857912793438264,,0.014210474432156839
sine_80,upwind,30,0.3,-0.9853049142361682,0.9853049142361682,-1.2902005852577503e-17,0.6967158052420657,0.9853049408930211,,0.014695085763831828
sine_80,upwind,31,0.31,-0.9847010374752142,0.9847010374752142,-1.454999315475547e-17,0.6963720816846829,0.9848188423764632,,0.015175595006446385
sine_80,upwind,32,0.32,-0.9838549160367325,0.9838549160367325,-1.6349768761081408e-17,0.6960285277027325,0.9843329836757817,,0.01566115920671496
sine_80,upwind,33,0.33,-0.9833539558115505,0.9833539558115505,-1.8561541192951838e-17,0.6956851432125546,0.9838473646726635,,0.016152604554181105
sine_80,upwind,34,0.34,-0.983236564158953,0.983236564158953,-1.8171228410857057e-17,0.6953419281305309,0.9833619852488547,,0.01664006832270759
sine_80,upwind,35,0.35000000000000003,-0.9828768090926324,0.9828768090926324,-1.9081958235744878e-17,0.694998882373084,0.9828768452861588,,0.01712319090736758
sine_80,upwind,36,0.36,-0.9822750184131397,0.9822750184131397,-1.9580691235088213e-17,0.6946560058566782,0.9823919446664384,,0.0176016140685209
sine_80,upwind,37,0.37,-0.9814315792868675,0.9814315792868675,-2.211772431870429e-17,0.6943132984978184,0.9819072832716138,,0.018085941746226797
sine_80,upwind,38,0.38,-0.980929462429968,0.980929462429968,-2.2377932840100812e-17,0.6939707602130512,0.9814228609836639,,0.018577097935763565
sine_80,upwind,39,0.39,-0.9808129575623761,0.9808129575623761,-2.5153490401663703e-17,0.6936283909189641,0.980938677684626,,0.019063674919284512
sine_80,upwind,40,0.4,-0.980454686099913,0.980454686099913,-2.2096040275254582e-17,0.6932861905321858,0.9804547332565947,,0.019545313900086958
sine_160,upwind,0,0.0,-1.0,1.0,3.2807532896334662e-18,0.7071067811865476,1.0,,8.881784197001252e-16
sine_160,upwind,1,0.005,-0.9998458072481446,0.9998458072481446,4.119968255444917e-18,0.7070195512137665,0.9998766381894475,,0.00012335039664501668
sine_160,upwind,2,0.01,-0.9996299849463566,0.9996299849463566,6.114900252818246e-18,0.7069323320018327,0.9997532915970313,,0.00024668557430884697
sine_160,upwind,3,0.015,-0.9995065927042247,0.9995065927042247,2.42861286636753e-18,0.7068451235494189,0.9996299602208741,,0.0003700397774358821
sine_160,upwind,4,0.02,-0.9994757864854712,0.9994757864854712,4.607859233063394e-18,0.7067579258551976,0.9995066440590987,,0.0004933711593184675
sine_160,upwind,5,0.025,-0.9993833430980984,0.9993833430980984,2.97613496347271e-18,0.7066707389178418,0.9993833431098283,,0.0006166569019016022
sine_160,upwind,6,0.03,-0.9992292834501537,0.9992292834501537,1.7889335846010823e-18,0.7065835627360244,0.9992600573711863,,0.0007398741946359477
sine_160,upwind,7,0.035,-0.9990136322448389,0.9990136322448389,1.8648277366750675e-18,0.7064963973084187,0.9991367868412963,,0.0008631332501849442
sine_160,upwind,8,0.04,-0.9988901640232202,0.9988901640232202,3.599551212651875e-18,0.7064092426336979,0.9990135315182819,,0.0009864684584404149
sine_160,upwind,9,0.045,-0.998859414814186,0.998859414814186,2.6779793660391963e-18,0.7063220987105356,0.9988902914002674,,0.0011097428306036106
sine_160,upwind,10,0.05,-0.9987670664384855,0.9987670664384855,1.4853569763051412e-18,0.7062349655376055,0.9987670664853769,,0.0012329335615145487
sine_160,upwind,11,0.055,-0.9986131397889304,0.9986131397889304,1.7997756063259375e-18,0.7061478431135813,0.9986438567717351,,0.0013560178558592595
sine_160,upwind,12,0.06,-0.9983976595511481,0.9983976595511481,1.8431436932253575e-18,0.7060607314371371,0.9985206622574667,,0.0014792007424451192
sine_160,upwind,13,0.065,-0.998274115490674,0.998274115490674,4.5970172113385394e-18,0.705973630506947,0.9983974829406965,,0.0016025169909865689
sine_160,upwind,14,0.07,-0.9982434232327637,0.9982434232327637,4.228388472693467e-18,0.7058865403216854,0.9982743188195501,,0.0017257344120259477
sine_160,upwind,15,0.075,-0.9981511697867114,0.9981511697867114,7.513521055324545e-18,0.7057994608800267,0.9981511698921524,,0.0018488302132886325
sine_160,upwind,16,0.08,-0.9979973760301044,0.9979973760301044,7.697835424647081e-18,0.7057123921806455,0.9980280361566294,,0.001971781614685253
sine_160,upwind,17,0.085,-0.9977820666310078,0.9977820666310078,8.001412032943022e-18,0.7056253342222167,0.9979049176111069,,0.0020948882855461592
sine_160,upwind,18,0.09,-0.997658446872165,0.997658446872165,9.844555726168381e-18,0.7055382870034154,0.9977818142537112,,0.0022181856094956043
sine_160,upwind,19,0.095,-0.9976278115068333,0.9976278115068333,8.782037597132586e-18,0.7054512505229166,0.9976587260825686,,0.002341346137956335
sine_160,upwind,20,0.1,-0.9975356529084702,0.9975356529084702,1.0885389811754465e-17,0.7053642247793955,0.9975356530958055,,0.0024643470915297616
sine_160,upwind,21,0.105,-0.9973819919394494,0.9973819919394494,1.1058862159352145e-17,0.7052772097715279,0.997412595291549,,0.002587165705340233
sine_160,upwind,22,0.11,-0.9971668532502856,0.9971668532502856,1.0820337681405335e-17,0.705190205497989,0.997289552667926,,0.0027101961138011887
sine_160,upwind,23,0.115,-0.9970431579334166,0.9970431579334166,1.216474837528736e-17,0.705103211957455,0.9971665252230638,,0.0028334745482440082
sine_160,upwind,24,0.12,-0.9970125794021691,0.9970125794021691,1.2663481374630693e-17,0.7050162291486014,0.9970435129550899,,0.0029565782426205223
sine_160,upwind,25,0.125,-0.9969205155696014,0.9969205155696014,1.1709383462843448e-17,0.7049292570701048,0.9969205158621322,,0.003079484430398627
sine_160,upwind,26,0.13,-0.996766987282884,0.996766987282884,1.0608918257770662e-17,0.7048422957206412,0.9967975339423184,,0.0032021703619056208
sine_160,upwind,27,0.135,-0.996552019174994,0.996552019174994,9.86623976961809e-18,0.7047553450988872,0.9966745671937771,,0.003325124461378448
sine_160,upwind,28,0.14,-0.9964282484402965,0.9964282484402965,1.0039712117215772e-17,0.7046684052035193,0.9965516156146366,,0.00344838404136405
sine_160,upwind,29,0.145,-0.9963977266846894,0.9963977266846894,1.0256552551712873e-17,0.7045814760332142,0.9964286792030252,,0.0035714309601002636
sine_160,upwind,30,0.15,-0.9963057575360879,0.9963057575360879,1.0690233420707075e-17,0.704494557586649,0.9963057579570724,,0.003694242463912145
sine_160,upwind,31,0.155,-0.9961523618264705,0.9961523618264705,1.1546753136970622e-17,0.7044076498625007,0.9961828518749068,,0.003816795818319174
sine_160,upwind,32,0.16,-0.9959375641712889,0.9959375641712889,1.0982968007278161e-17,0.7043207528594467,0.9960599609546583,,0.003939673562301627
sine_160,upwind,33,0.165,-0.9958137181588169,0.9958137181588169,8.716985466783456e-18,0.7042338665761643,0.9959370851944561,,0.004062914322843669
sine_160,upwind,34,0.17,-0.9957832531204567,0.9957832531204567,9.063930161978818e-18,0.704146991011331,0.9958142245924302,,0.004185904524332984
sine_160,upwind,35,0.17500000000000002,-0.9956913785740573,0.9956913785740573,8.673617379884035e-18,0.7040601261636248,0.9956913791467105,,0.0043086214259426825
sine_160,upwind,36,0.18,-0.995538115336416,0.995538115336416,1.06360233120828e-17,0.7039732720317234,0.9955685488554274,,0.004431042308373656
sine_160,upwind,37,0.185,-0.9953234880054711,0.9953234880054711,1.0397498834135988e-17,0.7038864286143051,0.9954457337167115,,0.004553843650450529
sine_160,upwind,38,0.19,-0.9951995668551343,0.9951995668551343,1.0625181290357943e-17,0.7037995959100478,0.9953229337286934,,0.004677065626526256
sine_160,upwind,39,0.195,-0.9951691584756779,0.9951691584756779,9.454242944073599e-18,0.7037127739176302,0.9952001488895041,,0.004799999169111779
sine_160,upwind,40,0.2,-0.9950773784497813,0.9950773784497813,7.56773116394882e-18,0.7036259626357309,0.9950773791972751,,0.00492262155021872
sine_160,upwind,41,0.20500000000000002,-0.9949242475790714,0.9949242475790714,8.836247705756861e-18,0.7035391620630285,0.9949546246501376,,0.005044910065718278
sine_160,upwind,42,0.21,-0.9947097904439853,0.9947097904439853,8.25077853261469e-18,0.7034523721982018,0.9948318852462232,,0.0051676349595599635
sine_160,upwind,43,0.215,-0.9945857942955495,0.9945857942955495,8.630249292984616e-18,0.70336559303993,0.9947091609836639,,0.005290838186111091
sine_160,upwind,44,0.22,-0.994555442516704,0.994555442516704,9.150666335777658e-18,0.7032788245868922,0.9945864518605917,,0.005413715128085639
sine_160,upwind,45,0.225,-0.9944637569296757,0.9944637569296757,7.757466544133784e-18,0.7031920668377679,0.9944637578751393,,0.005536243070324298
sine_160,upwind,46,0.23,-0.9943107583209314,0.9943107583209314,1.0440866921035409e-17,0.7031053197912367,0.994341079025439,,0.005658399323858254
sine_160,upwind,47,0.23500000000000001,-0.9940964712534197,0.9940964712534197,8.608565249534906e-18,0.7030185834459781,0.9942184153096236,,0.005781047723221633
sine_160,upwind,48,0.24,-0.9939724002465071,0.9939724002465071,1.0950441942103595e-17,0.7029318578006722,0.9940957667258266,,0.0059042322351534615
sine_160,upwind,49,0.245,-0.9939421050100303,0.9939421050100303,1.0776969594505915e-17,0.7028451428539989,0.9939731332721806,,0.006027052634759333
sine_160,upwind,50,0.25,-0.9938505137803004,0.9938505137803004,9.963817965141786e-18,0.7027584386046384,0.9938505149468195,,0.006149486219699574
sine_160,upwind,51,0.255,-0.9936976473286354,0.9936976473286354,1.2555061157382143e-17,0.7026717450512711,0.9937279117478772,,0.00627151031615425
sine_160,upwind,52,0.26,-0.993483530200507,0.993483530200507,1.319474043914859e-17,0.7025850621925775,0.9936053236734875,,0.006394082174882243
sine_160,upwind,53,0.265,-0.993359384474596,0.993359384474596,1.2294852635985621e-17,0.7024983900272384,0.9934827507217846,,0.006517248007064547
sine_160,upwind,54,0.27,-0.9933291457222959,0.9933291457222959,1.3812735677465327e-17,0.7024117285539344,0.9933601928909029,,0.006640011922493749
sine_160,upwind,55,0.275,-0.9932376487683592,0.9932376487683592,1.433315272025837e-17,0.7023250777713467,0.9932376501789771,,0.006762351231640817
sine_160,upwind,56,0.28,-0.9930849143689658,0.9930849143689658,1.4674676404591302e-17,0.7022384376781564,0.9931151225841423,,0.00688424327582382
sine_160,upwind,57,0.28500000000000003,-0.9928709670521232,0.9928709670521232,1.57968256531138e-17,0.7021518082730448,0.9929926101045331,,0.0070067385478453925
sine_160,upwind,58,0.29,-0.9927467467465487,0.9927467467465487,1.7260498585969232e-17,0.7020651895546935,0.9928701127382853,,0.007129885735111863
sine_160,upwind,59,0.295,-0.9927165644202836,0.9927165644202836,1.7368918803217783e-17,0.7019785815217843,0.9927476304835345,,0.00725259322450611
sine_160,upwind,60,0.3,-0.9926251616606996,0.9926251616606996,1.663166132592764e-17,0.7018919841729986,0.9926251633384163,,0.007374838339300416
sine_160,upwind,61,0.305,-0.9924725592088496,0.9924725592088496,1.6799712662662893e-17,0.7018053975070188,0.9925027113010669,,0.007496598435940083
sine_160,upwind,62,0.31,-0.9922587815752886,0.9922587815752886,1.6729239521451335e-17,0.7017188215225267,0.9923802743696225,,0.007619017075270351
sine_160,upwind,63,0.315,-0.9921344868292419,0.9921344868292419,1.7694179454963434e-17,0.701632256218205,0.9922578525422199,,0.007742145652418708
sine_160,upwind,64,0.32,-0.9921043608709201,0.9921043608709201,1.919037845299343e-17,0.7015457015927359,0.9921354458169952,,0.007864796773869531
sine_160,upwind,65,0.325,-0.9920130522243131,0.9920130522243131,1.7770073607037418e-17,0.7014591576448022,0.9920130541920861,,0.00798694777568687
sine_160,upwind,66,0.33,-0.991860581615357,0.991860581615357,1.8691645453650097e-17,0.7013726243730865,0.9918906776656292,,0.008108576029432712
sine_160,upwind,67,0.335,-0.9916469735371667,0.9916469735371667,1.728218262941894e-17,0.7012861017762718,0.9917683162357622,,0.008230917990172504
sine_160,upwind,68,0.34,-0.9915226044896958,0.9915226044896958,1.7845967759111405e-17,0.7011995898530414,0.9916459699006228,,0.00835402799196483
sine_160,upwind,69,0.34500000000000003,-0.991492534841276,0.991492534841276,1.996016199545814e-17,0.7011130886020785,0.9915236386583488,,0.00847662280351369
sine_160,upwind,70,0.35000000000000003,-0.9914013202263346,0.9914013202263346,1.9071116214020024e-17,0.7010265980220665,0.9914013225070782,,0.008598679773665352
sine_160,upwind,71,0.355,-0.9912489813557017,0.9912489813557017,2.087089182034596e-17,0.700940118111689,0.9912790214449496,,0.008720176289087944
sine_160,upwind,72,0.36,-0.9910355427050648,0.9910355427050648,2.0610683298949442e-17,0.7008536488696299,0.9911567354701015,,0.00884244152542335
sine_160,upwind,73,0.365,-0.9909110994950747,0.9909110994950747,2.0144476364780674e-17,0.700767190294573,0.9910344645806727,,0.008965532986585867
sine_160,upwind,74,0.37,-0.9908810860985657,0.9908810860985657,1.8236280541206186e-17,0.7006807423852025,0.990912208774802,,0.00908807154622393
sine_160,upwind,75,0.375,-0.9907899654340431,0.9907899654340431,1.9727058528373755e-17,0.7005943051402026,0.990789968050629,,0.009210034565956926
sine_160,upwind,76,0.38,-0.9906377581972416,0.9906377581972416,1.978126863699803e-17,0.7005078785582577,0.990667742406293,,0.009331399447548017
sine_160,upwind,77,0.385,-0.9904244888464332,0.9904244888464332,2.002521412580727e-17,0.7004214626380525,0.9905455318399339,,0.009453587913751615
sine_160,upwind,78,0.39,-0.9902999716126858,0.9902999716126858,2.0231212538579515e-17,0.7003350573782717,0.9904233363496915,,0.009576660868974796
sine_160,upwind,79,0.395,-0.9902700144101466,0.9902700144101466,1.8550699171226983e-17,0.7002486627776001,0.9903011559337059,,0.009699143234643048
sine_160,upwind,80,0.4,-0.9901789876148603,0.9901789876148603,1.7542391150815463e-17,0.7001622788347229,0.9901789905901177,,0.00982101238513966
sine_320,upwind,0,0.0,-1.0,1.0,4.600248575702161e-18,0.7071067811865476,1.0,,8.881784197001252e-16
sine_320,upwind,1,0.0025,-0.999961448096413,0.999961448096413,2.3933762957617513e-18,0.7070849726002741,0.999969158001516,,3.0841285057592316e-05
sine_320,upwind,2,0.005,-0.9999074784038897,0.9999074784038897,-9.920449878242366e-19,0.7070631646866211,0.9999383169542607,,6.168161887332158e-05
sine_320,upwind,3,0.0075,-0.9998766345030212,0.9998766345030212,-1.4961989980299962e-18,0.7070413574455677,0.9999074768582051,,9.252314176844134e-05
sine_320,upwind,4,0.01,-0.999868926143557,0.999868926143557,-9.676504389433128e-19,0.7070195508770932,0.9998766377133197,,0.00012336323791350967
sine_320,upwind,5,0.0125,-0.9998457995193918,0.9998457995193918,-1.4907779871675687e-20,0.7069977449811768,0.999845799519575,,0.00015420048060821312
sine_320,upwind,6,0.015,-0.9998072559382011,0.9998072559382011,-2.531612072753653e-18,0.7069759397577978,0.9998149622769418,,0.0001850334432694778
sine_320,upwind,7,0.0175,-0.9997532969453213,0.9997532969453213,-1.9786689647860456e-18,0.7069541352069356,0.999784125985391,,0.00021586902044934408
sine_320,upwind,8,0.02,-0.9997224482900466,0.9997224482900466,-9.269928574751064e-19,0.7069323313285693,0.999753290644893,,0.00024670935474302436
sine_320,upwind,9,0.0225,-0.9997147434967795,0.9997147434967795,-1.4094628242311558e-19,0.7069105281226781,0.9997224562554184,,0.0002775458846910883
sine_320,upwind,10,0.025,-0.9996916228162052,0.9996916228162052,-5.000882520589389e-19,0.7068887255892413,0.9996916228169381,,0.000308377183794839
sine_320,upwind,11,0.0275,-0.9996530875557609,0.9996530875557609,-7.779150587583495e-19,0.7068669237282383,0.9996607903294228,,0.0003392018257096785
sine_320,upwind,12,0.03,-0.9995991392605081,0.9995991392605081,1.192622389734055e-19,0.7068451225396484,0.999629958792843,,0.0003700326455208236
sine_320,upwind,13,0.0325,-0.9995682858530268,0.9995682858530268,1.2088854223213375e-18,0.7068233220234504,0.9995991282071691,,0.0004008717917628468
sine_320,upwind,14,0.035,-0.9995605846250402,0.9995605846250402,6.179952383167375e-19,0.7068015221796241,0.9995682985723723,,0.0004317047564303955
sine_320,upwind,15,0.0375,-0.9995374698867736,0.9995374698867736,1.680513367352532e-19,0.7067797230081485,0.999537469888423,,0.00046253011322638926
sine_320,upwind,16,0.04,-0.9994989429454262,0.9994989429454262,2.1900883884207193e-18,0.706757924509003,0.9995066421552921,,0.0004933464360443729
sine_320,upwind,17,0.0425,-0.9994450053457843,0.9994450053457843,6.071532165918825e-19,0.7067361266821667,0.9994758153729498,,0.0005241724977540496
sine_320,upwind,18,0.045,-0.9994141471882954,0.9994141471882954,1.826880660638075e-18,0.7067143295276188,0.9994449895413672,,0.0005550104564943092
sine_320,upwind,19,0.0475,-0.999406449524673,0.999406449524673,3.0086610286472748e-18,0.7066925330453389,0.9994141646605148,,0.0005858398567976097
sine_320,upwind,20,0.05,-0.9993833407274313,0.9993833407274313,3.396263305310843e-18,0.706670737235306,0.9993833407303635,,0.0006166592725687092
sine_320,upwind,21,0.0525,-0.9993448221035314,0.9993448221035314,5.860112742284152e-18,0.7066489420974994,0.9993525177508835,,0.0006474672779391843
sine_320,upwind,22,0.055,-0.9992908951974847,0.9992908951974847,4.781331580661075e-18,0.7066271476318985,0.9993216957220461,,0.0006782885808147565
sine_320,upwind,23,0.0575,-0.999260032292187,0.999260032292187,5.231275482242559e-18,0.7066053538384824,0.9992908746438215,,0.0007091253526027019
sine_320,upwind,24,0.06,-0.9992523381920125,0.9992523381920125,3.260738033750155e-18,0.7065835607172306,0.9992600545161807,,0.0007399511894580213
sine_320,upwind,25,0.0625,-0.9992292353345134,0.9992292353345134,3.134699531198715e-18,0.706561768268122,0.999229235339094,,0.0007707646654866451
sine_320,upwind,26,0.065,-0.9991907250264118,0.9991907250264118,7.291259609965018e-19,0.7065399764911363,0.9991984171125327,,0.000801564355058737
sine_320,upwind,27,0.0675,-0.999136808811945,0.999136808811945,1.1438332919722073e-18,0.7065181853862523,0.9991675998364666,,0.0008323808983681236
sine_320,upwind,28,0.07,-0.9991059411610363,0.9991059411610363,8.944667923005412e-19,0.7064963949534497,0.9991367835108672,,0.0008632164837533152
sine_320,upwind,29,0.0725,-0.9990982506233941,0.9990982506233941,1.9434323941802668e-18,0.7064746051927077,0.999105968135705,,0.0008940387580764764
sine_320,upwind,30,0.075,-0.9990751537043548,0.9990751537043548,2.260561529632277e-18,0.7064528161040052,0.9990751537109502,,0.0009248462956451542
sine_320,upwind,31,0.0775,-0.9990366517104031,0.9990366517104031,3.5670251474773094e-18,0.7064310276873219,0.999044340236574,,0.000955637671067433
sine_320,upwind,32,0.08,-0.9989827461855011,0.9989827461855011,4.000706016471511e-18,0.7064092399426368,0.9990135277125468,,0.000986449454078886
sine_320,upwind,33,0.0825,-0.9989518737911789,0.9989518737911789,9.020562075079397e-18,0.7063874528699294,0.9989827161388396,,0.0010172838536107731
sine_320,upwind,34,0.085,-0.9989441868151531,0.9989441868151531,9.492190020110593e-18,0.7063656664691789,0.9989519055154229,,0.001048102566317488
sine_320,upwind,35,0.08750000000000001,-0.9989210958332917,0.9989210958332917,6.6691986135014595e-18,0.7063438807403644,0.9989210958422672,,0.0010789041667083055
sine_320,upwind,36,0.09,-0.9988826021518413,0.9988826021518413,8.833537200325648e-18,0.7063220956834654,0.9988902871193436,,0.0011096872296292304
sine_320,upwind,37,0.0925,-0.9988287073144894,0.9988287073144894,8.261620554339544e-18,0.706300311298461,0.9988594793466226,,0.0011404942516114458
sine_320,upwind,38,0.095,-0.9987978301789505,0.9987978301789505,8.191147413127986e-18,0.7062785275853307,0.9988286725240748,,0.0011713274658391448
sine_320,upwind,39,0.0975,-0.9987901467636255,0.9987901467636255,8.689880412471319e-18,0.7062567445440536,0.9987978666516709,,0.0012021426178450145
sine_320,upwind,40,0.1,-0.9987670617176603,0.9987670617176603,9.189968664530257e-18,0.706234962174609,0.9987670617293818,,0.001232938282339724
sine_320,upwind,41,0.10250000000000001,-0.9987285763470632,0.9987285763470632,8.269752070633186e-18,0.7062131804769762,0.998736257757178,,0.00126371303440731
sine_320,upwind,42,0.105,-0.9986746921952471,0.9986746921952471,9.540979117872439e-18,0.7061913994511345,0.9987054547350303,,0.001294515294628984
sine_320,upwind,43,0.1075,-0.998643810320688,0.998643810320688,9.318717672512911e-18,0.7061696190970632,0.9986746526629093,,0.0013253473241016112
sine_320,upwind,44,0.11,-0.9986361304651485,0.9986361304651485,8.418829869349943e-18,0.7061478394147416,0.9986438515407858,,0.0013561589163220145
sine_320,upwind,45,0.1125,-0.9986130513537979,0.9986130513537979,7.695124919215869e-18,0.7061260604041488,0.9986130513686305,,0.0013869486462021463
sine_320,upwind,46,0.115,-0.9985745742924064,0.9985745742924064,9.248244531301354e-18,0.7061042820652643,0.9985822521464142,,0.0014177150890641865
sine_320,upwind,47,0.11750000000000001,-0.9985207008241122,0.9985207008241122,8.017675065530306e-18,0.7060825043980672,0.998551453874107,,0.0014485125867946813
sine_320,upwind,48,0.12,-0.9984898142127285,0.9984898142127285,9.844555726168381e-18,0.7060607274025369,0.9985206565516804,,0.001479343432061131
sine_320,upwind,49,0.1225,-0.9984821379160593,0.9984821379160593,8.76306405911409e-18,0.7060389510786528,0.9984898601791049,,0.0015101514654112247
sine_320,upwind,50,0.125,-0.9984590647380418,0.9984590647380418,8.204699940284054e-18,0.7060171754263939,0.9984590647563508,,0.0015409352619581984
sine_320,upwind,51,0.1275,-0.9984205959842083,0.9984205959842083,6.049848122469115e-18,0.7059954004457396,0.9984282702833891,,0.0015716933972622638
sine_320,upwind,52,0.13,-0.9983667331974224,0.9983667331974224,5.0361190911951684e-18,0.7059736261366694,0.9983974767601906,,0.0016024861317713857
sine_320,upwind,53,0.1325,-0.9983358418514092,0.9983358418514092,5.827586677109586e-18,0.7059518524991623,0.9983666841867259,,0.001633315793380441
sine_320,upwind,54,0.135,-0.9983281691126955,0.9983281691126955,5.120144759562795e-18,0.7059300795331976,0.9983358925629657,,0.001664120268775049
sine_320,upwind,55,0.1375,-0.9983051018667299,0.9983051018667299,5.999703771991661e-18,0.7059083072387549,0.9983051018888808,,0.0016948981332700619
sine_320,upwind,56,0.14,-0.9982666414188074,0.9982666414188074,3.865180744910823e-18,0.705886535615813,0.9982743121644415,,0.0017256479626631682
sine_320,upwind,57,0.14250000000000002,-0.9982127893115168,0.9982127893115168,6.743737512859838e-18,0.7058647646643517,0.9982435233896191,,0.0017564359332206125
sine_320,upwind,58,0.145,-0.9981818932330687,0.9981818932330687,7.096103218917627e-18,0.7058429943843499,0.998212735564384,,0.0017872644117209457
sine_320,upwind,59,0.1475,-0.9981742240513957,0.9981742240513957,7.762887554996213e-18,0.7058212247757872,0.998181948688707,,0.0018180653300748917
sine_320,upwind,60,0.15,-0.9981511627362016,0.9981511627362016,9.400032835449324e-18,0.7057994558386427,0.9981511627625588,,0.001848837263798364
sine_320,upwind,61,0.1525,-0.9981127105925431,0.9981127105925431,9.044956623960322e-18,0.7057776875728956,0.9981203777859099,,0.0018795787889274163
sine_320,upwind,62,0.155,-0.998058869162735,0.998058869162735,1.0169816377914033e-17,0.7057559199785254,0.9980895937587313,,0.0019103619948035444
sine_320,upwind,63,0.1575,-0.9980279683540461,0.9980279683540461,1.0072238182390337e-17,0.7057341530555113,0.9980588106809938,,0.0019411892907436057
sine_320,upwind,64,0.16,-0.9980203027284991,0.9980203027284991,9.118140270603093e-18,0.7057123868038326,0.9980280285526677,,0.0019719866529714913
sine_320,upwind,65,0.1625,-0.9979972473427957,0.9979972473427957,1.0270105078868942e-17,0.7056906212234687,0.9979972473737241,,0.0020027526572042875
sine_320,upwind,66,0.165,-0.9979588035017548,0.9979588035017548,9.340401715962621e-18,0.7056688563143987,0.9979664671441334,,0.0020334858797157462
sine_320,upwind,67,0.1675,-0.9979049727474167,0.9979049727474167,8.391724815037805e-18,0.705647092076602,0.9979356878638667,,0.0020642643201811417
sine_320,upwind,68,0.17,-0.9978740672106803,0.9978740672106803,9.725293487194975e-18,0.7056253285100579,0.9979049095328943,,0.0020950904341093812
sine_320,upwind,69,0.17250000000000001,-0.9978664051403451,0.9978664051403451,8.757643048251663e-18,0.7056035656147456,0.9978741321511871,,0.0021258842411254752
sine_320,upwind,70,0.17500000000000002,-0.9978433556828522,0.9978433556828522,1.1092743477242317e-17,0.7055818033906446,0.9978433557187162,,0.0021566443171477934
sine_320,upwind,71,0.1775,-0.9978049201427828,0.9978049201427828,9.915028867379938e-18,0.705560041837734,0.9978125802354517,,0.0021873692386877863
sine_320,upwind,72,0.18,-0.9977511000619026,0.9977511000619026,1.0511340062246966e-17,0.7055382809559932,0.9977818057013648,,0.0022181429130134767
sine_320,upwind,73,0.1825,-0.9977201897993115,0.9977201897993115,1.1384122811097797e-17,0.7055165207454016,0.9977510321164259,,0.0022489678454781226
sine_320,upwind,74,0.185,-0.9977125312832739,0.9977125312832739,1.3574211199518516e-17,0.7054947612059382,0.9977202594806058,,0.0022797580981966936
sine_320,upwind,75,0.1875,-0.9976894877527114,0.9976894877527114,1.515850162406296e-17,0.7054730023375826,0.9976894877938755,,0.002310512247288621
sine_320,upwind,76,0.19,-0.9976510605119675,0.9976510605119675,1.4747860051234075e-17,0.705451244140314,0.9976587170562055,,0.0023412288695030536
sine_320,upwind,77,0.1925,-0.9975972511025335,0.9975972511025335,1.5574564207754272e-17,0.7054294866141116,0.9976279472675663,,0.0023719977769603995
sine_320,upwind,78,0.195,-0.9975663361162802,0.9975663361162802,1.2500851048757867e-17,0.7054077297589548,0.9975971784279289,,0.002402821528509458
sine_320,upwind,79,0.1975,-0.9975586811536262,0.9975586811536262,1.2018381082001818e-17,0.705385973574823,0.9975664105372642,,0.0024336082278443305
sine_320,upwind,80,0.2,-0.9975356435487144,0.9975356435487144,1.2267747581673483e-17,0.7053642180616954,0.9975356435955428,,0.002464356451285621
sine_320,upwind,81,0.2025,-0.9974972246056503,0.9974972246056503,1.0698364937000716e-17,0.7053424632195512,0.9975048776027352,,0.002495064775820288
sine_320,upwind,82,0.20500000000000002,-0.997443425865651,0.997443425865651,1.168227840853131e-17,0.7053207090483697,0.9974741125588122,,0.00252582891568065
sine_320,upwind,83,0.20750000000000002,-0.9974125061579275,0.9974125061579275,1.1476279995759065e-17,0.7052989555481306,0.9974433484637449,,0.002556651486862127
sine_320,upwind,84,0.21,-0.9974048547477434,0.9974048547477434,1.161722627818218e-17,0.7052772027188128,0.9974125853175037,,0.002587434633727126
sine_320,upwind,85,0.2125,-0.9973818230672026,0.9973818230672026,1.0503208545953324e-17,0.7052554505603956,0.9973818231200593,,0.0026181769327974225
sine_320,upwind,86,0.215,-0.9973434124201731,0.9973434124201731,9.614162764515212e-18,0.7052336990728586,0.9973510618713826,,0.0026488769612974528
sine_320,upwind,87,0.2175,-0.9972896243475977,0.9972896243475977,7.274996577377736e-18,0.7052119482561809,0.9973203015714444,,0.0026796363328330797
sine_320,upwind,88,0.22,-0.9972586999205949,0.9972586999205949,5.9305858834957096e-18,0.7051901981103418,0.997289542220215,,0.002710457724194759
sine_320,upwind,89,0.2225,-0.9972510520619671,0.9972510520619671,4.090152695701566e-18,0.7051684486353207,0.9972587838176658,,0.0027412373195034867
sine_320,upwind,90,0.225,-0.997228026304518,0.997228026304518,3.1238575094738597e-18,0.7051466998310969,0.9972280263637671,,0.0027719736954819885
sine_320,upwind,91,0.2275,-0.997189623951878,0.997189623951878,2.0166160408230384e-18,0.7051249516976497,0.9971972698584897,,0.00280266542959251
sine_320,upwind,92,0.23,-0.997135846544716,0.997135846544716,1.5449880957918438e-18,0.7051032042349583,0.9971665143018044,,0.00283342003207554
sine_320,upwind,93,0.2325,-0.9971049174006246,0.9971049174006246,2.6020852139652106e-18,0.7050814574430022,0.997135759693682,,0.002864240244165095
sine_320,upwind,94,0.23500000000000001,-0.9970972730926398,0.9970972730926398,5.04425060748881e-18,0.7050597113217606,0.997105006034093,,0.0028950162888307096
sine_320,upwind,95,0.23750000000000002,-0.9970742532570036,0.9970742532570036,4.576688420604436e-18,0.7050379658712129,0.9970742533230086,,0.0029257467429963935
sine_320,upwind,96,0.24,-0.9970358591971087,0.9970358591971087,2.7403209909571127e-18,0.7050162210913382,0.9970435015603989,,0.002956430184361869
sine_320,upwind,97,0.2425,-0.9969820924533496,0.9969820924533496,5.5294310796760726e-18,0.7049944769821161,0.9970127507462354,,0.0029871800170651053
sine_320,upwind,98,0.245,-0.9969511585943596,0.9969511585943596,6.380529785077194e-18,0.7049727335435257,0.9969820008804882,,0.003017999050430098
sine_320,upwind,99,0.2475,-0.9969435178361046,0.9969435178361046,7.860465750519907e-18,0.7049509907755465,0.9969512519631284,,0.0030487715453659803
sine_320,upwind,100,0.25,-0.9969205039210023,0.9969205039210023,8.618052018544155e-18,0.7049292486781576,0.9969205039941267,,0.003079496078997712
sine_320,upwind,101,0.2525,-0.9968821181522078,0.9968821181522078,9.118140270603093e-18,0.7049075072513385,0.9968897569734537,,0.003110171229262715
sine_320,upwind,102,0.255,-0.9968283620698419,0.9968283620698419,9.736135508919831e-18,0.7048857664950686,0.9968590109010805,,0.0031409162914588507
sine_320,upwind,103,0.2575,-0.9967974234981432,0.9967974234981432,1.1324491691611094e-17,0.7048640264093269,0.9968282657769775,,0.00317173414664651
sine_320,upwind,104,0.26,-0.996789786288705,0.996789786288705,1.2202695451324354e-17,0.7048422869940929,0.9967975216011155,,0.003202503092765596
sine_320,upwind,105,0.2625,-0.996766778292858,0.996766778292858,1.1680923155815705e-17,0.7048205482493458,0.9967667783734652,,0.00323322170714202
sine_320,upwind,106,0.265,-0.9967284008135201,0.9967284008135201,1.0396143581420381e-17,0.7047988101750653,0.9967360360939979,,0.003263888567950457
sine_320,upwind,107,0.2675,-0.9966746553905379,0.9966746553905379,1.0608918257770662e-17,0.7047770727712303,0.9967052947626835,,0.0032946288589129624
sine_320,upwind,108,0.27,-0.996643712108319,0.996643712108319,1.0028870095490916e-17,0.7047553360378203,0.9966745543794934,,0.003325445536470628
sine_320,upwind,109,0.2725,-0.9966360784467849,0.9966360784467849,9.03682510766668e-18,0.7047335999748146,0.9966438149443981,,0.003356210934685633
sine_320,upwind,110,0.275,-0.9966130763689152,0.9966130763689152,9.382414550146435e-18,0.7047118645821925,0.9966130764573685,,0.003386923631084837
sine_320,upwind,111,0.2775,-0.99657470717739,0.99657470717739,1.0022093831912882e-17,0.7046901298599333,0.9965823389183751,,0.003417582204080505
sine_320,upwind,112,0.28,-0.9965209724117823,0.9965209724117823,1.1156440354875841e-17,0.7046683958080164,0.996551602327389,,0.003448317723083183
sine_320,upwind,113,0.28250000000000003,-0.9964900244212318,0.9964900244212318,1.0538445116559103e-17,0.7046466624264212,0.9965208666843808,,0.003479133223557862
sine_320,upwind,114,0.28500000000000003,-0.9964823943066891,0.9964823943066891,1.076612757278106e-17,0.7046249297151268,0.9964901319893211,,0.0035098950747814994
sine_320,upwind,115,0.28750000000000003,-0.9964593981455185,0.9964593981455185,8.72782748850831e-18,0.7046031976741127,0.996459398242181,,0.003540601854481462
sine_320,upwind,116,0.29,-0.996421037240163,0.996421037240163,7.424074376094493e-18,0.7045814663033582,0.996428665442931,,0.0035712521413076015
sine_320,upwind,117,0.2925,-0.9963673131299209,0.9963673131299209,5.345116710353537e-18,0.7045597356028426,0.9963979335915419,,0.0036019828876244775
sine_320,upwind,118,0.295,-0.9963363604332264,0.9963363604332264,3.805549625424121e-18,0.7045380055725452,0.9963672026879846,,0.003632797211563288
sine_320,upwind,119,0.2975,-0.9963287338647628,0.9963287338647628,4.5157020484021266e-18,0.7045162762124453,0.9963364727322296,,0.003663555516707717
sine_320,upwind,120,0.3,-0.9963057436190137,0.9963057436190137,5.210946691508456e-18,0.7044945475225224,0.9963057437242481,,0.003694256380986305
sine_320,upwind,121,0.3025,-0.9962673909981843,0.9962673909981843,8.126095282778856e-18,0.7044728195027556,0.9962750156640103,,0.003724898383286268
sine_320,upwind,122,0.305,-0.9962136775412995,0.9962136775412995,8.72782748850831e-18,0.7044510921531245,0.9962442885514876,,0.003755624356191367
sine_320,upwind,123,0.3075,-0.9961827201406487,0.9961827201406487,8.223673478302552e-18,0.7044293654736082,0.9962135623866504,,0.0037864375041409826
sine_320,upwind,124,0.31,-0.9961750971173519,0.9961750971173519,8.044780119842443e-18,0.7044076394641862,0.9961828371694694,,0.003817192264118696
sine_320,upwind,125,0.3125,-0.9961521127857464,0.9961521127857464,8.882326298087496e-18,0.7043859141248376,0.9961521128999156,,0.0038478872142535536
sine_320,upwind,126,0.315,-0.9961137684478005,0.9961137684478005,8.9026550888216e-18,0.704364189455542,0.9961213895779596,,0.0038785209336700266
sine_320,upwind,127,0.3175,-0.996060065642265,0.996060065642265,9.372927781137186e-18,0.7043424654562787,0.9960906672035724,,0.003909242132438151
sine_320,upwind,128,0.32,-0.9960291035398443,0.9960291035398443,9.741556519782258e-18,0.7043207421270268,0.9960599457767245,,0.003940054104945356
sine_320,upwind,129,0.3225,-0.9960214840608025,0.9960214840608025,1.1075125191939428e-17,0.7042990194677657,0.9960292252973867,,0.003970805320668069
sine_320,upwind,130,0.325,-0.9959985056420637,0.9959985056420637,9.977370492297855e-18,0.704277297478475,0.9959985057655301,,0.004001494357936286
sine_320,upwind,131,0.3275,-0.9959601695853588,0.9959601695853588,9.776793090388037e-18,0.7042555761591338,0.9959677871811251,,0.004032119796111733
sine_320,upwind,132,0.33,-0.9959064774291648,0.9959064774291648,1.0866416273735969e-17,0.7042338555097215,0.9959370695441426,,0.004062836220017796
sine_320,upwind,133,0.3325,-0.9958755106271606,0.9958755106271606,1.1167282376600696e-17,0.7042121355302176,0.9959063528545538,,0.004093647017629043
sine_320,upwind,134,0.335,-0.9958678946914619,0.9958678946914619,1.2029223103726672e-17,0.704190416220601,0.9958756371123285,,0.0041243946900086925
sine_320,upwind,135,0.3375,-0.9958449221843126,0.9958449221843126,1.4270811095340452e-17,0.7041686975808514,0.9958449223174385,,0.004155077815687358
sine_320,upwind,136,0.34,-0.9958065944072065,0.9958065944072065,1.501484483620863e-17,0.7041469796109482,0.9958142084698541,,0.00418569497426402
sine_320,upwind,137,0.3425,-0.9957529128983469,0.9957529128983469,1.319474043914859e-17,0.7041252623108705,0.995783495569546,,0.004216406622583491
sine_320,upwind,138,0.34500000000000003,-0.9957219413989444,0.9957219413989444,1.4040418133687282e-17,0.7041035456805976,0.9957527836164851,,0.004247216245845231
sine_320,upwind,139,0.34750000000000003,-0.9957143290056771,0.9957143290056771,1.6924395912498727e-17,0.7040818297201091,0.9957220726106424,,0.0042779603757934215
sine_320,upwind,140,0.35000000000000003,-0.9956913624088407,0.9956913624088407,1.8459897239281322e-17,0.7040601144293842,0.9956913625519883,,0.004308637591159292
sine_320,upwind,141,0.3525,-0.9956530429096915,0.9956530429096915,1.9363850800591112e-17,0.7040383998084023,0.9956606534404939,,0.004339246471779079
sine_320,upwind,142,0.355,-0.9955993720461592,0.9955993720461592,1.8444989459409644e-17,0.7040166858571427,0.9956299452761299,,0.004369953343787647
sine_320,upwind,143,0.3575,-0.9955683958515436,0.9955683958515436,1.6371452804531117e-17,0.7039949725755847,0.995599238058867,,0.004400761793246111
sine_320,upwind,144,0.36,-0.9955607869997964,0.9955607869997964,1.6664187391102205e-17,0.7039732599637077,0.995568531788676,,0.004431502381674113
sine_320,upwind,145,0.3625,-0.9955378263119963,0.9955378263119963,1.853037038049288e-17,0.7039515480214912,0.9955378264655279,,0.004462173688003723
sine_320,upwind,146,0.365,-0.9954995150891623,0.9954995150891623,1.763590358819234e-17,0.7039298367489143,0.9955071220893933,,0.00449277429230821
sine_320,upwind,147,0.3675,-0.9954458548689508,0.9954458548689508,1.7797178661349556e-17,0.7039081261459563,0.9954764186602428,,0.0045234763872817885
sine_320,upwind,148,0.37,-0.9954148739813066,0.9954148739813066,1.7710442487550717e-17,0.7038864162125968,0.9954457161780476,,0.004554283663483094
sine_320,upwind,149,0.3725,-0.9954072686701685,0.9954072686701685,1.927711462679227e-17,0.7038647069488151,0.9954150146427783,,0.004585020711302068
sine_320,upwind,150,0.375,-0.9953843138901284,0.9953843138901284,1.8720105760677843e-17,0.7038429983545904,0.9953843140544057,,0.0046156861098716195
sine_320,upwind,151,0.3775,-0.9953460109419686,0.9953460109419686,1.791373039489175e-17,0.703821290429902,0.9953536144129005,,0.0046462784395019385
sine_320,upwind,152,0.38,-0.9952923613630715,0.9952923613630715,1.9895109865109006e-17,0.7037995831747296,0.9953229157182336,,0.0046769757567167725
sine_320,upwind,153,0.3825,-0.9952613757845827,0.9952613757845827,1.8962695996771473e-17,0.7037778765890522,0.9952922179703759,,0.004707781860206928
sine_320,upwind,154,0.385,-0.9952537740131424,0.9952537740131424,1.871332949709981e-17,0.7037561706728493,0.9952615211692981,,0.0047385153683281445
sine_320,upwind,155,0.3875,-0.9952308251395864,0.9952308251395864,1.9321837966407297e-17,0.7037344654261004,0.9952308253149711,,0.004769174860413616
sine_320,upwind,156,0.39,-0.9951925304644598,0.9951925304644598,1.9480402534133302e-17,0.7037127608487845,0.9952001304073654,,0.004799758917010788
sine_320,upwind,157,0.3925,-0.9951388915248713,0.9951388915248713,1.7826994221092908e-17,0.7036910569408812,0.995169436446452,,0.004830451455743678
sine_320,upwind,158,0.395,-0.9951079012577212,0.9951079012577212,1.92825356376547e-17,0.7036693537023698,0.9951387434322018,,0.004861256387068469
sine_320,upwind,159,0.3975,-0.995100303025068,0.995100303025068,1.914701036609401e-17,0.7036476511332296,0.9951080513645854,,0.004891986356402533
sine_320,upwind,160,0.4,-0.9950773600567204,0.9950773600567204,1.7957098481791167e-17,0.70362594923344,0.9950773602435736,,0.004922639943279572
