case,scheme,N,i,x,initial,numerical,exact
pulse_right,upwind,100,0,0.0,0.0,0.0,0.0
pulse_right,upwind,100,1,0.01,0.0,0.0,0.0
pulse_right,upwind,100,2,0.02,0.0,0.0,0.0
pulse_right,upwind,100,3,0.03,0.0,0.0,0.0
pulse_right,upwind,100,4,0.04,0.0,0.0,0.0
pulse_right,upwind,100,5,0.05,0.0,0.0,0.0
pulse_right,upwind,100,6,0.06,0.0,0.0,0.0
pulse_right,upwind,100,7,0.07,0.0,0.0,0.0
pulse_right,upwind,100,8,0.08,0.0,0.0,0.0
pulse_right,upwind,100,9,0.09,0.0,0.0,0.0
pulse_right,upwind,100,10,0.1,0.0,0.0,0.0
pulse_right,upwind,100,11,0.11,0.0,0.0,0.0
pulse_right,upwind,100,12,0.12,0.0,0.0,0.0
pulse_right,upwind,100,13,0.13,0.0,0.0,0.0
pulse_right,upwind,100,14,0.14,0.0,0.0,0.0
pulse_right,upwind,100,15,0.15,0.0,0.0,0.0
pulse_right,upwind,100,16,0.16,0.0,0.0,0.0
pulse_right,upwind,100,17,0.17,0.0,0.0,0.0
pulse_right,upwind,100,18,0.18,0.0,0.0,0.0
pulse_right,upwind,100,19,0.19,0.0,0.0,0.0
pulse_right,upwind,100,20,0.2,7.670458539527698e-93,8.636168555094345e-128,0.0
pulse_right,upwind,100,21,0.21,4.584509518113993e-06,5.16169883936361e-41,0.0
pulse_right,upwind,100,22,0.22,0.0002377021190532467,1.2999685615710637e-38,0.0
pulse_right,upwind,100,23,0.23,0.0021767823360000116,1.5714589502051415e-36,0.0
pulse_right,upwind,100,24,0.24,0.009752252272142386,1.2221507246373738e-34,0.0
pulse_right,upwind,100,25,0.25,0.029401194111858216,6.902963647091003e-33,0.0
pulse_right,upwind,100,26,0.26,0.06871947673600008,3.027365150649076e-31,0.0
pulse_right,upwind,100,27,0.27,0.13423326305859043,1.0755478650077249e-29,0.0
pulse_right,upwind,100,28,0.28,0.22907668946487972,3.187444207731477e-28,0.0
pulse_right,upwind,100,29,0.29,0.35129803161599993,8.049849974278165e-27,0.0
pulse_right,upwind,100,30,0.3,0.4932701842725723,1.7608672883674524e-25,0.0
pulse_right,upwind,100,31,0.31,0.6423660917543572,3.379055643492867e-24,0.0
pulse_right,upwind,100,32,0.32,0.7827577896960004,5.746956461684838e-23,0.0
pulse_right,upwind,100,33,0.33,0.8979631886453381,8.735519403249777e-22,0.0
pulse_right,upwind,100,34,0.34,0.9736278796420953,1.1949926159298414e-20,0.0
pulse_right,upwind,100,35,0.35000000000000003,1.0,1.479801376373429e-19,0.0
pulse_right,upwind,100,36,0.36,0.9736278796420946,1.6670798848221959e-18,0.0
pulse_right,upwind,100,37,0.37,0.8979631886453375,1.7158025462220003e-17,0.0
pulse_right,upwind,100,38,0.38,0.7827577896959999,1.6192904064136043e-16,0.0
pulse_right,upwind,100,39,0.39,0.6423660917543563,1.4057421473273143e-15,0.0
pulse_right,upwind,100,40,0.4,0.49327018427257124,1.1256646131669506e-14,0.0
pulse_right,upwind,100,41,0.41000000000000003,0.35129803161599993,8.334558061690688e-14,0.0
pulse_right,upwind,100,42,0.42,0.22907668946487914,5.718008151738246e-13,0.0
pulse_right,upwind,100,43,0.43,0.13423326305859018,3.641686324942695e-12,0.0
pulse_right,upwind,100,44,0.44,0.06871947673599979,2.1565835108084746e-11,0.0
pulse_right,upwind,100,45,0.45,0.029401194111858004,1.1892209783975397e-10,0.0
pulse_right,upwind,100,46,0.46,0.009752252272142317,6.114275990514121e-10,0.0
pulse_right,upwind,100,47,0.47000000000000003,0.0021767823359999956,2.9342973683653854e-09,0.0
pulse_right,upwind,100,48,0.48,0.00023770211905324543,1.3157569988499021e-08,0.0
pulse_right,upwind,100,49,0.49,4.584509518113898e-06,5.5175857684823744e-08,0.0
pulse_right,upwind,100,50,0.5,0.0,2.1655828525082946e-07,0.0
pulse_right,upwind,100,51,0.51,0.0,7.961076722174814e-07,0.0
pulse_right,upwind,100,52,0.52,0.0,2.7430581100244593e-06,0.0
pulse_right,upwind,100,53,0.53,0.0,8.864265279873957e-06,0.0
pulse_right,upwind,100,54,0.54,0.0,2.6882187955876304e-05,0.0
pulse_right,upwind,100,55,0.55,0.0,7.655430540051789e-05,0.0
pulse_right,upwind,100,56,0.56,0.0,0.00020484942257715413,0.0
pulse_right,upwind,100,57,0.5700000000000001,0.0,0.0005154111973310405,0.0
pulse_right,upwind,100,58,0.58,0.0,0.0012202443812493076,0.0
pulse_right,upwind,100,59,0.59,0.0,0.0027206245327699515,0.0
pulse_right,upwind,100,60,0.6,0.0,0.005717653712328195,0.0
pulse_right,upwind,100,61,0.61,0.0,0.011338204009440677,4.584509518113898e-06
pulse_right,upwind,100,62,0.62,0.0,0.021239987975848692,0.00023770211905324543
pulse_right,upwind,100,63,0.63,0.0,0.03763688304630723,0.0021767823359999956
pulse_right,upwind,100,64,0.64,0.0,0.063175192290045,0.009752252272142386
pulse_right,upwind,100,65,0.65,0.0,0.10060739395691405,0.029401194111858216
pulse_right,upwind,100,66,0.66,0.0,0.15225881724119592,0.06871947673600008
pulse_right,upwind,100,67,0.67,0.0,0.21935582508124452,0.13423326305859043
pulse_right,upwind,100,68,0.68,0.0,0.3013567103020179,0.22907668946487972
pulse_right,upwind,100,69,0.6900000000000001,0.0,0.3954675190791166,0.35129803161600076
pulse_right,upwind,100,70,0.7000000000000001,0.0,0.4965122814021596,0.4932701842725731
pulse_right,upwind,100,71,0.71,0.0,0.5972589234575623,0.6423660917543563
pulse_right,upwind,100,72,0.72,0.0,0.6891977448831912,0.7827577896959999
pulse_right,upwind,100,73,0.73,0.0,0.7636597135025662,0.8979631886453375
pulse_right,upwind,100,74,0.74,0.0,0.8130770854251799,0.9736278796420946
pulse_right,upwind,100,75,0.75,0.0,0.8321492799312933,1.0
pulse_right,upwind,100,76,0.76,0.0,0.8186896815265439,0.9736278796420946
pulse_right,upwind,100,77,0.77,0.0,0.7739891437263703,0.8979631886453375
pulse_right,upwind,100,78,0.78,0.0,0.7026253483883993,0.7827577896959999
pulse_right,upwind,100,79,0.79,0.0,0.6117542019906328,0.6423660917543563
pulse_right,upwind,100,80,0.8,0.0,0.5100185968900021,0.49327018427257124
pulse_right,upwind,100,81,0.81,0.0,0.4062812820545851,0.3512980316159994
pulse_right,upwind,100,82,0.8200000000000001,0.0,0.30841750004498025,0.22907668946487855
pulse_right,upwind,100,83,0.8300000000000001,0.0,0.22238272807106202,0.13423326305858954
pulse_right,upwind,100,84,0.84,0.0,0.15170473949103136,0.06871947673600008
pulse_right,upwind,100,85,0.85,0.0,0.0974514257563518,0.029401194111858216
pulse_right,upwind,100,86,0.86,0.0,0.05861944122451696,0.009752252272142386
pulse_right,upwind,100,87,0.87,0.0,0.032800913200353145,0.0021767823359999956
pulse_right,upwind,100,88,0.88,0.0,0.016939940742911337,0.00023770211905324543
pulse_right,upwind,100,89,0.89,0.0,0.007999317782393241,4.584509518113898e-06
pulse_right,upwind,100,90,0.9,0.0,0.0034151628933789787,0.0
pulse_right,upwind,100,91,0.91,0.0,0.0013001796689182054,0.0
pulse_right,upwind,100,92,0.92,0.0,0.00043388008182947173,0.0
pulse_right,upwind,100,93,0.93,0.0,0.00012415274338238545,0.0
pulse_right,upwind,100,94,0.9400000000000001,0.0,2.958478484715634e-05,0.0
pulse_right,upwind,100,95,0.9500000000000001,0.0,5.635984008677723e-06,0.0
pulse_right,upwind,100,96,0.96,0.0,8.073241702913516e-07,0.0
pulse_right,upwind,100,97,0.97,0.0,7.848521173960993e-08,0.0
pulse_right,upwind,100,98,0.98,0.0,4.210501838690201e-09,0.0
pulse_right,upwind,100,99,0.99,0.0,6.543230631916588e-11,0.0
pulse_left,upwind,100,0,0.0,0.0,0.4965122814021591,0.49327018427257124
pulse_left,upwind,100,1,0.01,0.0,0.3954675190791161,0.3512980316159994
pulse_left,upwind,100,2,0.02,0.0,0.30135671030201744,0.22907668946487855
pulse_left,upwind,100,3,0.03,0.0,0.21935582508124418,0.13423326305858954
pulse_left,upwind,100,4,0.04,0.0,0.15225881724119564,0.06871947673599979
pulse_left,upwind,100,5,0.05,0.0,0.10060739395691386,0.029401194111858004
pulse_left,upwind,100,6,0.06,0.0,0.06317519229004485,0.009752252272142317
pulse_left,upwind,100,7,0.07,0.0,0.037636883046307135,0.0021767823359999795
pulse_left,upwind,100,8,0.08,0.0,0.021239987975848636,0.000237702119053241
pulse_left,upwind,100,9,0.09,0.0,0.011338204009440642,4.584509518113898e-06
pulse_left,upwind,100,10,0.1,0.0,0.005717653712328175,0.0
pulse_left,upwind,100,11,0.11,0.0,0.0027206245327699406,0.0
pulse_left,upwind,100,12,0.12,0.0,0.0012202443812493024,0.0
pulse_left,upwind,100,13,0.13,0.0,0.0005154111973310381,0.0
pulse_left,upwind,100,14,0.14,0.0,0.00020484942257715307,0.0
pulse_left,upwind,100,15,0.15,0.0,7.655430540051747e-05,0.0
pulse_left,upwind,100,16,0.16,0.0,2.6882187955876155e-05,0.0
pulse_left,upwind,100,17,0.17,0.0,8.864265279873906e-06,0.0
pulse_left,upwind,100,18,0.18,0.0,2.7430581100244428e-06,0.0
pulse_left,upwind,100,19,0.19,0.0,7.961076722174767e-07,0.0
pulse_left,upwind,100,20,0.2,7.670458539527698e-93,2.1655828525082816e-07,0.0
pulse_left,upwind,100,21,0.21,4.584509518113993e-06,5.51758576848234e-08,0.0
pulse_left,upwind,100,22,0.22,0.0002377021190532467,1.3157569988498937e-08,0.0
pulse_left,upwind,100,23,0.23,0.0021767823360000116,2.9342973683653655e-09,0.0
pulse_left,upwind,100,24,0.24,0.009752252272142386,6.11427599051408e-10,0.0
pulse_left,upwind,100,25,0.25,0.029401194111858216,1.189220978397532e-10,0.0
pulse_left,upwind,100,26,0.26,0.06871947673600008,2.1565835108084604e-11,0.0
pulse_left,upwind,100,27,0.27,0.13423326305859043,3.641686324942672e-12,0.0
pulse_left,upwind,100,28,0.28,0.22907668946487972,5.718008151738209e-13,0.0
pulse_left,upwind,100,29,0.29,0.35129803161599993,8.334558061690632e-14,0.0
pulse_left,upwind,100,30,0.3,0.4932701842725723,1.1256646131669429e-14,0.0
pulse_left,upwind,100,31,0.31,0.6423660917543572,1.4057421473273044e-15,0.0
pulse_left,upwind,100,32,0.32,0.7827577896960004,1.619290406413593e-16,0.0
pulse_left,upwind,100,33,0.33,0.8979631886453381,1.715802546221988e-17,0.0
pulse_left,upwind,100,34,0.34,0.9736278796420953,1.6670798848221841e-18,0.0
pulse_left,upwind,100,35,0.35000000000000003,1.0,1.4798013763734187e-19,0.0
pulse_left,upwind,100,36,0.36,0.9736278796420946,1.1949926159298328e-20,0.0
pulse_left,upwind,100,37,0.37,0.8979631886453375,8.735519403249713e-22,0.0
pulse_left,upwind,100,38,0.38,0.7827577896959999,5.746956461684793e-23,0.0
pulse_left,upwind,100,39,0.39,0.6423660917543563,3.379055643492837e-24,0.0
pulse_left,upwind,100,40,0.4,0.49327018427257124,1.7608672883674368e-25,0.0
pulse_left,upwind,100,41,0.41000000000000003,0.35129803161599993,8.049849974278095e-27,0.0
pulse_left,upwind,100,42,0.42,0.22907668946487914,3.1874442077314473e-28,0.0
pulse_left,upwind,100,43,0.43,0.13423326305859018,1.0755478650077146e-29,0.0
pulse_left,upwind,100,44,0.44,0.06871947673599979,3.0273651506490436e-31,0.0
pulse_left,upwind,100,45,0.45,0.029401194111858004,6.90296364709092e-33,0.0
pulse_left,upwind,100,46,0.46,0.009752252272142317,1.2221507246373577e-34,0.0
pulse_left,upwind,100,47,0.47000000000000003,0.0021767823359999956,1.571458950205118e-36,0.0
pulse_left,upwind,100,48,0.48,0.00023770211905324543,1.2999685615710415e-38,0.0
pulse_left,upwind,100,49,0.49,4.584509518113898e-06,5.161698839363503e-41,0.0
pulse_left,upwind,100,50,0.5,0.0,0.0,0.0
pulse_left,upwind,100,51,0.51,0.0,0.0,0.0
pulse_left,upwind,100,52,0.52,0.0,0.0,0.0
pulse_left,upwind,100,53,0.53,0.0,0.0,0.0
pulse_left,upwind,100,54,0.54,0.0,0.0,0.0
pulse_left,upwind,100,55,0.55,0.0,0.0,0.0
pulse_left,upwind,100,56,0.56,0.0,0.0,0.0
pulse_left,upwind,100,57,0.5700000000000001,0.0,0.0,0.0
pulse_left,upwind,100,58,0.58,0.0,0.0,0.0
pulse_left,upwind,100,59,0.59,0.0,0.0,0.0
pulse_left,upwind,100,60,0.6,0.0,0.0,0.0
pulse_left,upwind,100,61,0.61,0.0,0.0,0.0
pulse_left,upwind,100,62,0.62,0.0,0.0,0.0
pulse_left,upwind,100,63,0.63,0.0,0.0,0.0
pulse_left,upwind,100,64,0.64,0.0,0.0,0.0
pulse_left,upwind,100,65,0.65,0.0,0.0,0.0
pulse_left,upwind,100,66,0.66,0.0,0.0,0.0
pulse_left,upwind,100,67,0.67,0.0,0.0,0.0
pulse_left,upwind,100,68,0.68,0.0,0.0,0.0
pulse_left,upwind,100,69,0.6900000000000001,0.0,0.0,0.0
pulse_left,upwind,100,70,0.7000000000000001,0.0,1.0947644252537661e-97,0.0
pulse_left,upwind,100,71,0.71,0.0,6.543230631916724e-11,0.0
pulse_left,upwind,100,72,0.72,0.0,4.210501838690236e-09,0.0
pulse_left,upwind,100,73,0.73,0.0,7.848521173961047e-08,0.0
pulse_left,upwind,100,74,0.74,0.0,8.07324170291357e-07,0.0
pulse_left,upwind,100,75,0.75,0.0,5.6359840086777605e-06,0.0
pulse_left,upwind,100,76,0.76,0.0,2.958478484715655e-05,0.0
pulse_left,upwind,100,77,0.77,0.0,0.00012415274338238626,0.0
pulse_left,upwind,100,78,0.78,0.0,0.00043388008182947417,0.0
pulse_left,upwind,100,79,0.79,0.0,0.0013001796689182128,0.0
pulse_left,upwind,100,80,0.8,0.0,0.0034151628933789964,3.5787291362020427e-88
pulse_left,upwind,100,81,0.81,0.0,0.00799931778239328,4.584509518113898e-06
pulse_left,upwind,100,82,0.8200000000000001,0.0,0.0169399407429114,0.00023770211905326007
pulse_left,upwind,100,83,0.8300000000000001,0.0,0.03280091320035324,0.0021767823359999956
pulse_left,upwind,100,84,0.84,0.0,0.058619441224517115,0.009752252272142386
pulse_left,upwind,100,85,0.85,0.0,0.09745142575635203,0.029401194111858216
pulse_left,upwind,100,86,0.86,0.0,0.15170473949103166,0.06871947673600008
pulse_left,upwind,100,87,0.87,0.0,0.22238272807106244,0.13423326305859043
pulse_left,upwind,100,88,0.88,0.0,0.3084175000449806,0.22907668946487972
pulse_left,upwind,100,89,0.89,0.0,0.4062812820545856,0.35129803161600076
pulse_left,upwind,100,90,0.9,0.0,0.5100185968900026,0.4932701842725731
pulse_left,upwind,100,91,0.91,0.0,0.6117542019906334,0.6423660917543577
pulse_left,upwind,100,92,0.92,0.0,0.7026253483883997,0.782757789696001
pulse_left,upwind,100,93,0.93,0.0,0.7739891437263704,0.8979631886453381
pulse_left,upwind,100,94,0.9400000000000001,0.0,0.818689681526544,0.9736278796420953
pulse_left,upwind,100,95,0.9500000000000001,0.0,0.8321492799312933,1.0
pulse_left,upwind,100,96,0.96,0.0,0.8130770854251795,0.9736278796420953
pulse_left,upwind,100,97,0.97,0.0,0.7636597135025658,0.8979631886453363
pulse_left,upwind,100,98,0.98,0.0,0.6891977448831907,0.782757789696001
pulse_left,upwind,100,99,0.99,0.0,0.5972589234575618,0.6423660917543544
mode_centered,centered,100,0,0.0,1e-06,-3871.2427964024464,1e-06
mode_centered,centered,100,1,0.01,0.0,-55096.3722938242,4.917156615687063e-22
mode_centered,centered,100,2,0.02,-1e-06,3871.2427964024464,-1e-06
mode_centered,centered,100,3,0.03,0.0,55096.3722938242,2.9385333373170594e-21
mode_centered,centered,100,4,0.04,1e-06,-3871.2427964024464,1e-06
mode_centered,centered,100,5,0.05,0.0,-55096.3722938242,-6.368782336202825e-21
mode_centered,centered,100,6,0.06,-1e-06,3871.2427964024464,-1e-06
mode_centered,centered,100,7,0.07,0.0,55096.3722938242,-4.411823380113413e-21
mode_centered,centered,100,8,0.08,1e-06,-3871.2427964024464,1e-06
mode_centered,centered,100,9,0.09,0.0,-55096.3722938242,1.519242909642965e-20
mode_centered,centered,100,10,0.1,-1e-06,3871.2427964024464,-1e-06
mode_centered,centered,100,11,0.11,0.0,55096.3722938242,-1.1762180097543885e-20
mode_centered,centered,100,12,0.12,1e-06,-3871.2427964024464,1e-06
mode_centered,centered,100,13,0.13,0.0,-55096.3722938242,8.331931098658119e-21
mode_centered,centered,100,14,0.14,-1e-06,3871.2427964024464,-1e-06
mode_centered,centered,100,15,0.15,0.0,55096.3722938242,-4.901682099772354e-21
mode_centered,centered,100,16,0.16,1e-06,-3871.2427964024464,1e-06
mode_centered,centered,100,17,0.17,0.0,-55096.3722938242,1.471433100886589e-21
mode_centered,centered,100,18,0.18,-1e-06,3871.2427964024464,-1e-06
mode_centered,centered,100,19,0.19,0.0,55096.3722938242,-1.2252038817202826e-20
mode_centered,centered,100,20,0.2,1e-06,-3871.2427964024464,1e-06
mode_centered,centered,100,21,0.21,0.0,-55096.3722938242,8.821789818317061e-21
mode_centered,centered,100,22,0.22,-1e-06,3871.2427964024464,-1e-06
mode_centered,centered,100,23,0.23,0.0,55096.3722938242,-5.3915408194312956e-21
mode_centered,centered,100,24,0.24,1e-06,-3871.2427964024464,1e-06
mode_centered,centered,100,25,0.25,0.0,-55096.3722938242,1.96129182054553e-21
mode_centered,centered,100,26,0.26,-1e-06,3871.2427964024464,-1e-06
mode_centered,centered,100,27,0.27,0.0,55096.3722938242,1.4689571783402355e-21
mode_centered,centered,100,28,0.28,1e-06,-3871.2427964024464,1e-06
mode_centered,centered,100,29,0.29,0.0,-55096.3722938242,-4.8992061772260005e-21
mode_centered,centered,100,30,0.3,-1e-06,3871.2427964024464,-1e-06
mode_centered,centered,100,31,0.31,0.0,55096.3722938242,-5.881399539090237e-21
mode_centered,centered,100,32,0.32,1e-06,-3871.2427964024464,1e-06
mode_centered,centered,100,33,0.33,0.0,-55096.3722938242,2.4511505402044715e-21
mode_centered,centered,100,34,0.34,-1e-06,3871.2427964024464,-1e-06
mode_centered,centered,100,35,0.35000000000000003,0.0,55096.3722938242,9.79098458681294e-22
mode_centered,centered,100,36,0.36,1e-06,-3871.2427964024464,1e-06
mode_centered,centered,100,37,0.37,0.0,-55096.3722938242,9.801507257634944e-21
mode_centered,centered,100,38,0.38,-1e-06,3871.2427964024464,-1e-06
mode_centered,centered,100,39,0.39,0.0,55096.3722938242,-6.371258258749178e-21
mode_centered,centered,100,40,0.4,1e-06,-3871.2427964024464,1e-06
mode_centered,centered,100,41,0.41000000000000003,0.0,-55096.3722938242,2.9410092598634128e-21
mode_centered,centered,100,42,0.42,-1e-06,3871.2427964024464,-1e-06
mode_centered,centered,100,43,0.43,0.0,55096.3722938242,-6.616187618578649e-21
mode_centered,centered,100,44,0.44,1e-06,-3871.2427964024464,1e-06
mode_centered,centered,100,45,0.45,0.0,-55096.3722938242,3.185938619692883e-21
mode_centered,centered,100,46,0.46,-1e-06,3871.2427964024464,-1e-06
mode_centered,centered,100,47,0.47000000000000003,0.0,55096.3722938242,2.443103791928823e-22
mode_centered,centered,100,48,0.48,1e-06,-3871.2427964024464,1e-06
mode_centered,centered,100,49,0.49,0.0,-55096.3722938242,1.0536295337123355e-20
mode_centered,centered,100,50,0.5,-1e-06,3871.2427964024464,-1e-06
mode_centered,centered,100,51,0.51,0.0,55096.3722938242,-7.10604633823759e-21
mode_centered,centered,100,52,0.52,1e-06,-3871.2427964024464,1e-06
mode_centered,centered,100,53,0.53,0.0,-55096.3722938242,3.6757973393518245e-21
mode_centered,centered,100,54,0.54,-1e-06,3871.2427964024464,-1e-06
mode_centered,centered,100,55,0.55,0.0,55096.3722938242,-2.45548340466059e-22
mode_centered,centered,100,56,0.56,1e-06,-3871.2427964024464,1e-06
mode_centered,centered,100,57,0.5700000000000001,0.0,-55096.3722938242,-3.1847006584197065e-21
mode_centered,centered,100,58,0.58,-1e-06,3871.2427964024464,-1e-06
mode_centered,centered,100,59,0.59,0.0,55096.3722938242,-1.4701332415497532e-20
mode_centered,centered,100,60,0.6,1e-06,-3871.2427964024464,1e-06
mode_centered,centered,100,61,0.61,0.0,-55096.3722938242,7.718369737811266e-21
mode_centered,centered,100,62,0.62,-1e-06,3871.2427964024464,-1e-06
mode_centered,centered,100,63,0.63,0.0,55096.3722938242,-7.840834417726001e-21
mode_centered,centered,100,64,0.64,1e-06,-3871.2427964024464,1e-06
mode_centered,centered,100,65,0.65,0.0,-55096.3722938242,4.410585418840236e-21
mode_centered,centered,100,66,0.66,-1e-06,3871.2427964024464,-1e-06
mode_centered,centered,100,67,0.67,0.0,55096.3722938242,-9.803364199544707e-22
mode_centered,centered,100,68,0.68,1e-06,-3871.2427964024464,1e-06
mode_centered,centered,100,69,0.6900000000000001,0.0,-55096.3722938242,-2.4499125789312944e-21
mode_centered,centered,100,70,0.7000000000000001,-1e-06,3871.2427964024464,-1e-06
mode_centered,centered,100,71,0.71,0.0,55096.3722938242,-1.1883406816185444e-20
mode_centered,centered,100,72,0.72,1e-06,-3871.2427964024464,1e-06
mode_centered,centered,100,73,0.73,0.0,-55096.3722938242,1.0229514656699929e-20
mode_centered,centered,100,74,0.74,-1e-06,3871.2427964024464,-1e-06
mode_centered,centered,100,75,0.75,0.0,55096.3722938242,-6.799265657814163e-21
mode_centered,centered,100,76,0.76,1e-06,-3871.2427964024464,1e-06
mode_centered,centered,100,77,0.77,0.0,-55096.3722938242,4.257195078628523e-21
mode_centered,centered,100,78,0.78,-1e-06,3871.2427964024464,-1e-06
mode_centered,centered,100,79,0.79,0.0,55096.3722938242,-1.4930798945178514e-21
mode_centered,centered,100,80,0.8,1e-06,-3871.2427964024464,1e-06
mode_centered,centered,100,81,0.81,0.0,-55096.3722938242,-1.4930798945178514e-21
mode_centered,centered,100,82,0.8200000000000001,-1e-06,3871.2427964024464,-1e-06
mode_centered,centered,100,83,0.8300000000000001,0.0,55096.3722938242,4.257195078628523e-21
mode_centered,centered,100,84,0.84,1e-06,-3871.2427964024464,1e-06
mode_centered,centered,100,85,0.85,0.0,-55096.3722938242,1.0076124316488215e-20
mode_centered,centered,100,86,0.86,-1e-06,3871.2427964024464,-1e-06
mode_centered,centered,100,87,0.87,0.0,55096.3722938242,-7.534053737302574e-21
mode_centered,centered,100,88,0.88,1e-06,-3871.2427964024464,1e-06
mode_centered,centered,100,89,0.89,0.0,-55096.3722938242,4.10380473841681e-21
mode_centered,centered,100,90,0.9,-1e-06,3871.2427964024464,-1e-06
mode_centered,centered,100,91,0.91,0.0,55096.3722938242,-2.4499125789312944e-21
mode_centered,centered,100,92,0.92,1e-06,-3871.2427964024464,1e-06
mode_centered,centered,100,93,0.93,0.0,-55096.3722938242,-9.803364199544707e-22
mode_centered,centered,100,94,0.9400000000000001,-1e-06,3871.2427964024464,-1e-06
mode_centered,centered,100,95,0.9500000000000001,0.0,55096.3722938242,4.410585418840236e-21
mode_centered,centered,100,96,0.96,1e-06,-3871.2427964024464,1e-06
mode_centered,centered,100,97,0.97,0.0,-55096.3722938242,9.922733976276502e-21
mode_centered,centered,100,98,0.98,-1e-06,3871.2427964024464,-1e-06
mode_centered,centered,100,99,0.99,0.0,55096.3722938242,-6.492484977390737e-21
mode_upwind,upwind,100,0,0.0,1e-06,3.3987577753318123e-15,1e-06
mode_upwind,upwind,100,1,0.01,0.0,2.503551772659278e-15,4.917156615687063e-22
mode_upwind,upwind,100,2,0.02,-1e-06,-3.3987577753318123e-15,-1e-06
mode_upwind,upwind,100,3,0.03,0.0,-2.503551772659278e-15,2.9385333373170594e-21
mode_upwind,upwind,100,4,0.04,1e-06,3.3987577753318123e-15,1e-06
mode_upwind,upwind,100,5,0.05,0.0,2.503551772659278e-15,-6.368782336202825e-21
mode_upwind,upwind,100,6,0.06,-1e-06,-3.3987577753318123e-15,-1e-06
mode_upwind,upwind,100,7,0.07,0.0,-2.503551772659278e-15,-4.411823380113413e-21
mode_upwind,upwind,100,8,0.08,1e-06,3.3987577753318123e-15,1e-06
mode_upwind,upwind,100,9,0.09,0.0,2.503551772659278e-15,1.519242909642965e-20
mode_upwind,upwind,100,10,0.1,-1e-06,-3.3987577753318123e-15,-1e-06
mode_upwind,upwind,100,11,0.11,0.0,-2.503551772659278e-15,-1.1762180097543885e-20
mode_upwind,upwind,100,12,0.12,1e-06,3.3987577753318123e-15,1e-06
mode_upwind,upwind,100,13,0.13,0.0,2.503551772659278e-15,8.331931098658119e-21
mode_upwind,upwind,100,14,0.14,-1e-06,-3.3987577753318123e-15,-1e-06
mode_upwind,upwind,100,15,0.15,0.0,-2.503551772659278e-15,-4.901682099772354e-21
mode_upwind,upwind,100,16,0.16,1e-06,3.3987577753318123e-15,1e-06
mode_upwind,upwind,100,17,0.17,0.0,2.503551772659278e-15,1.471433100886589e-21
mode_upwind,upwind,100,18,0.18,-1e-06,-3.3987577753318123e-15,-1e-06
mode_upwind,upwind,100,19,0.19,0.0,-2.503551772659278e-15,-1.2252038817202826e-20
mode_upwind,upwind,100,20,0.2,1e-06,3.3987577753318123e-15,1e-06
mode_upwind,upwind,100,21,0.21,0.0,2.503551772659278e-15,8.821789818317061e-21
mode_upwind,upwind,100,22,0.22,-1e-06,-3.3987577753318123e-15,-1e-06
mode_upwind,upwind,100,23,0.23,0.0,-2.503551772659278e-15,-5.3915408194312956e-21
mode_upwind,upwind,100,24,0.24,1e-06,3.3987577753318123e-15,1e-06
mode_upwind,upwind,100,25,0.25,0.0,2.503551772659278e-15,1.96129182054553e-21
mode_upwind,upwind,100,26,0.26,-1e-06,-3.3987577753318123e-15,-1e-06
mode_upwind,upwind,100,27,0.27,0.0,-2.503551772659278e-15,1.4689571783402355e-21
mode_upwind,upwind,100,28,0.28,1e-06,3.3987577753318123e-15,1e-06
mode_upwind,upwind,100,29,0.29,0.0,2.503551772659278e-15,-4.8992061772260005e-21
mode_upwind,upwind,100,30,0.3,-1e-06,-3.3987577753318123e-15,-1e-06
mode_upwind,upwind,100,31,0.31,0.0,-2.503551772659278e-15,-5.881399539090237e-21
mode_upwind,upwind,100,32,0.32,1e-06,3.3987577753318123e-15,1e-06
mode_upwind,upwind,100,33,0.33,0.0,2.503551772659278e-15,2.4511505402044715e-21
mode_upwind,upwind,100,34,0.34,-1e-06,-3.3987577753318123e-15,-1e-06
mode_upwind,upwind,100,35,0.35000000000000003,0.0,-2.503551772659278e-15,9.79098458681294e-22
mode_upwind,upwind,100,36,0.36,1e-06,3.3987577753318123e-15,1e-06
mode_upwind,upwind,100,37,0.37,0.0,2.503551772659278e-15,9.801507257634944e-21
mode_upwind,upwind,100,38,0.38,-1e-06,-3.3987577753318123e-15,-1e-06
mode_upwind,upwind,100,39,0.39,0.0,-2.503551772659278e-15,-6.371258258749178e-21
mode_upwind,upwind,100,40,0.4,1e-06,3.3987577753318123e-15,1e-06
mode_upwind,upwind,100,41,0.41000000000000003,0.0,2.503551772659278e-15,2.9410092598634128e-21
mode_upwind,upwind,100,42,0.42,-1e-06,-3.3987577753318123e-15,-1e-06
mode_upwind,upwind,100,43,0.43,0.0,-2.503551772659278e-15,-6.616187618578649e-21
mode_upwind,upwind,100,44,0.44,1e-06,3.3987577753318123e-15,1e-06
mode_upwind,upwind,100,45,0.45,0.0,2.503551772659278e-15,3.185938619692883e-21
mode_upwind,upwind,100,46,0.46,-1e-06,-3.3987577753318123e-15,-1e-06
mode_upwind,upwind,100,47,0.47000000000000003,0.0,-2.503551772659278e-15,2.443103791928823e-22
mode_upwind,upwind,100,48,0.48,1e-06,3.3987577753318123e-15,1e-06
mode_upwind,upwind,100,49,0.49,0.0,2.503551772659278e-15,1.0536295337123355e-20
mode_upwind,upwind,100,50,0.5,-1e-06,-3.3987577753318123e-15,-1e-06
mode_upwind,upwind,100,51,0.51,0.0,-2.503551772659278e-15,-7.10604633823759e-21
mode_upwind,upwind,100,52,0.52,1e-06,3.3987577753318123e-15,1e-06
mode_upwind,upwind,100,53,0.53,0.0,2.503551772659278e-15,3.6757973393518245e-21
mode_upwind,upwind,100,54,0.54,-1e-06,-3.3987577753318123e-15,-1e-06
mode_upwind,upwind,100,55,0.55,0.0,-2.503551772659278e-15,-2.45548340466059e-22
mode_upwind,upwind,100,56,0.56,1e-06,3.3987577753318123e-15,1e-06
mode_upwind,upwind,100,57,0.5700000000000001,0.0,2.503551772659278e-15,-3.1847006584197065e-21
mode_upwind,upwind,100,58,0.58,-1e-06,-3.3987577753318123e-15,-1e-06
mode_upwind,upwind,100,59,0.59,0.0,-2.503551772659278e-15,-1.4701332415497532e-20
mode_upwind,upwind,100,60,0.6,1e-06,3.3987577753318123e-15,1e-06
mode_upwind,upwind,100,61,0.61,0.0,2.503551772659278e-15,7.718369737811266e-21
mode_upwind,upwind,100,62,0.62,-1e-06,-3.3987577753318123e-15,-1e-06
mode_upwind,upwind,100,63,0.63,0.0,-2.503551772659278e-15,-7.840834417726001e-21
mode_upwind,upwind,100,64,0.64,1e-06,3.3987577753318123e-15,1e-06
mode_upwind,upwind,100,65,0.65,0.0,2.503551772659278e-15,4.410585418840236e-21
mode_upwind,upwind,100,66,0.66,-1e-06,-3.3987577753318123e-15,-1e-06
mode_upwind,upwind,100,67,0.67,0.0,-2.503551772659278e-15,-9.803364199544707e-22
mode_upwind,upwind,100,68,0.68,1e-06,3.3987577753318123e-15,1e-06
mode_upwind,upwind,100,69,0.6900000000000001,0.0,2.503551772659278e-15,-2.4499125789312944e-21
mode_upwind,upwind,100,70,0.7000000000000001,-1e-06,-3.3987577753318123e-15,-1e-06
mode_upwind,upwind,100,71,0.71,0.0,-2.503551772659278e-15,-1.1883406816185444e-20
mode_upwind,upwind,100,72,0.72,1e-06,3.3987577753318123e-15,1e-06
mode_upwind,upwind,100,73,0.73,0.0,2.503551772659278e-15,1.0229514656699929e-20
mode_upwind,upwind,100,74,0.74,-1e-06,-3.3987577753318123e-15,-1e-06
mode_upwind,upwind,100,75,0.75,0.0,-2.503551772659278e-15,-6.799265657814163e-21
mode_upwind,upwind,100,76,0.76,1e-06,3.3987577753318123e-15,1e-06
mode_upwind,upwind,100,77,0.77,0.0,2.503551772659278e-15,4.257195078628523e-21
mode_upwind,upwind,100,78,0.78,-1e-06,-3.3987577753318123e-15,-1e-06
mode_upwind,upwind,100,79,0.79,0.0,-2.503551772659278e-15,-1.4930798945178514e-21
mode_upwind,upwind,100,80,0.8,1e-06,3.3987577753318123e-15,1e-06
mode_upwind,upwind,100,81,0.81,0.0,2.503551772659278e-15,-1.4930798945178514e-21
mode_upwind,upwind,100,82,0.8200000000000001,-1e-06,-3.3987577753318123e-15,-1e-06
mode_upwind,upwind,100,83,0.8300000000000001,0.0,-2.503551772659278e-15,4.257195078628523e-21
mode_upwind,upwind,100,84,0.84,1e-06,3.3987577753318123e-15,1e-06
mode_upwind,upwind,100,85,0.85,0.0,2.503551772659278e-15,1.0076124316488215e-20
mode_upwind,upwind,100,86,0.86,-1e-06,-3.3987577753318123e-15,-1e-06
mode_upwind,upwind,100,87,0.87,0.0,-2.503551772659278e-15,-7.534053737302574e-21
mode_upwind,upwind,100,88,0.88,1e-06,3.3987577753318123e-15,1e-06
mode_upwind,upwind,100,89,0.89,0.0,2.503551772659278e-15,4.10380473841681e-21
mode_upwind,upwind,100,90,0.9,-1e-06,-3.3987577753318123e-15,-1e-06
mode_upwind,upwind,100,91,0.91,0.0,-2.503551772659278e-15,-2.4499125789312944e-21
mode_upwind,upwind,100,92,0.92,1e-06,3.3987577753318123e-15,1e-06
mode_upwind,upwind,100,93,0.93,0.0,2.503551772659278e-15,-9.803364199544707e-22
mode_upwind,upwind,100,94,0.9400000000000001,-1e-06,-3.3987577753318123e-15,-1e-06
mode_upwind,upwind,100,95,0.9500000000000001,0.0,-2.503551772659278e-15,4.410585418840236e-21
mode_upwind,upwind,100,96,0.96,1e-06,3.3987577753318123e-15,1e-06
mode_upwind,upwind,100,97,0.97,0.0,2.503551772659278e-15,9.922733976276502e-21
mode_upwind,upwind,100,98,0.98,-1e-06,-3.3987577753318123e-15,-1e-06
mode_upwind,upwind,100,99,0.99,0.0,-2.503551772659278e-15,-6.492484977390737e-21
sine_40,upwind,40,0,0.0,0.0,-0.5640682816348649,-0.5877852522924732
sine_40,upwind,40,1,0.025,0.15643446504023087,-0.6788928873057712,-0.7071067811865476
sine_40,upwind,40,2,0.05,0.3090169943749474,-0.777000896974893,-0.8090169943749475
sine_40,upwind,40,3,0.07500000000000001,0.45399049973954675,-0.8559765658423604,-0.8910065241883679
sine_40,upwind,40,4,0.1,0.5877852522924731,-0.913875250835438,-0.9510565162951535
sine_40,upwind,40,5,0.125,0.7071067811865475,-0.9492712941748775,-0.9876883405951377
sine_40,upwind,40,6,0.15000000000000002,0.8090169943749475,-0.9612931278009293,-1.0
sine_40,upwind,40,7,0.17500000000000002,0.8910065241883678,-0.9496447342715416,-0.9876883405951378
sine_40,upwind,40,8,0.2,0.9510565162951535,-0.9146129356942095,-0.9510565162951535
sine_40,upwind,40,9,0.225,0.9876883405951378,-0.857060331213781,-0.8910065241883678
sine_40,upwind,40,10,0.25,1.0,-0.7784040569587074,-0.8090169943749475
sine_40,upwind,40,11,0.275,0.9876883405951378,-0.6805808914463564,-0.7071067811865475
sine_40,upwind,40,12,0.30000000000000004,0.9510565162951536,-0.565999565668115,-0.587785252292473
sine_40,upwind,40,13,0.325,0.8910065241883679,-0.4374814521382622,-0.4539904997395468
sine_40,upwind,40,14,0.35000000000000003,0.8090169943749475,-0.29819109333906774,-0.30901699437494734
sine_40,upwind,40,15,0.375,0.7071067811865476,-0.15155828018236508,-0.156434465040231
sine_40,upwind,40,16,0.4,0.5877852522924732,-0.0011935991744784526,0.0
sine_40,upwind,40,17,0.42500000000000004,0.45399049973954686,0.14920047220641236,0.156434465040231
sine_40,upwind,40,18,0.45,0.3090169943749475,0.2959207327936032,0.30901699437494734
sine_40,upwind,40,19,0.47500000000000003,0.15643446504023098,0.43535444283480984,0.4539904997395468
sine_40,upwind,40,20,0.5,1.2246467991473532e-16,0.5640682816348649,0.587785252292473
sine_40,upwind,40,21,0.525,-0.15643446504023073,0.6788928873057712,0.7071067811865475
sine_40,upwind,40,22,0.55,-0.3090169943749469,0.7770008969748932,0.8090169943749475
sine_40,upwind,40,23,0.5750000000000001,-0.4539904997395467,0.8559765658423605,0.8910065241883679
sine_40,upwind,40,24,0.6000000000000001,-0.587785252292473,0.913875250835438,0.9510565162951536
sine_40,upwind,40,25,0.625,-0.7071067811865475,0.9492712941748775,0.9876883405951377
sine_40,upwind,40,26,0.65,-0.8090169943749473,0.9612931278009293,1.0
sine_40,upwind,40,27,0.675,-0.8910065241883678,0.9496447342715416,0.9876883405951377
sine_40,upwind,40,28,0.7000000000000001,-0.9510565162951535,0.9146129356942094,0.9510565162951535
sine_40,upwind,40,29,0.7250000000000001,-0.9876883405951377,0.8570603312137806,0.8910065241883677
sine_40,upwind,40,30,0.75,-1.0,0.778404056958707,0.8090169943749475
sine_40,upwind,40,31,0.775,-0.9876883405951378,0.6805808914463561,0.7071067811865476
sine_40,upwind,40,32,0.8,-0.9510565162951536,0.565999565668115,0.5877852522924732
sine_40,upwind,40,33,0.8250000000000001,-0.891006524188368,0.4374814521382622,0.45399049973954647
sine_40,upwind,40,34,0.8500000000000001,-0.8090169943749476,0.2981910933390677,0.3090169943749471
sine_40,upwind,40,35,0.875,-0.7071067811865477,0.15155828018236506,0.15643446504023098
sine_40,upwind,40,36,0.9,-0.5877852522924734,0.0011935991744785393,1.2246467991473532e-16
sine_40,upwind,40,37,0.925,-0.45399049973954697,-0.1492004722064122,-0.15643446504023073
sine_40,upwind,40,38,0.9500000000000001,-0.3090169943749476,-0.295920732793603,-0.30901699437494773
sine_40,upwind,40,39,0.9750000000000001,-0.15643446504023112,-0.4353544428348097,-0.4539904997395471
sine_80,upwind,80,0,0.0,0.0,-0.5760507920462515,-0.5877852522924732
sine_80,upwind,80,1,0.0125,0.07845909572784494,-0.6365231514474925,-0.6494480483301838
sine_80,upwind,80,2,0.025,0.15643446504023087,-0.6930711339546327,-0.7071067811865476
sine_80,upwind,80,3,0.037500000000000006,0.2334453638559054,-0.7453461024514036,-0.7604059656000307
sine_80,upwind,80,4,0.05,0.3090169943749474,-0.7930257643738317,-0.8090169943749475
sine_80,upwind,80,5,0.0625,0.3826834323650898,-0.8358161587510684,-0.8526401643540923
sine_80,upwind,80,6,0.07500000000000001,0.45399049973954675,-0.8734534685725281,-0.8910065241883679
sine_80,upwind,80,7,0.08750000000000001,0.5224985647159488,-0.905705647307486,-0.9238795325112867
sine_80,upwind,80,8,0.1,0.5877852522924731,-0.9323738495491039,-0.9510565162951535
sine_80,upwind,80,9,0.1125,0.6494480483301837,-0.9532936569624842,-0.9723699203976766
sine_80,upwind,80,10,0.125,0.7071067811865475,-0.9683360919783818,-0.9876883405951377
sine_80,upwind,80,11,0.1375,0.7604059656000308,-0.9774084129828065,-0.996917333733128
sine_80,upwind,80,12,0.15000000000000002,0.8090169943749475,-0.980454686099913,-1.0
sine_80,upwind,80,13,0.1625,0.8526401643540922,-0.9774561300429463,-0.996917333733128
sine_80,upwind,80,14,0.17500000000000002,0.8910065241883678,-0.968431231907118,-0.9876883405951378
sine_80,upwind,80,15,0.1875,0.9238795325112867,-0.9534356331905187,-0.9723699203976767
sine_80,upwind,80,16,0.2,0.9510565162951535,-0.9325617867457793,-0.9510565162951535
sine_80,upwind,80,17,0.21250000000000002,0.9723699203976766,-0.9059383867774897,-0.9238795325112867
sine_80,upwind,80,18,0.225,0.9876883405951378,-0.8737295753996333,-0.8910065241883678
sine_80,upwind,80,19,0.23750000000000002,0.996917333733128,-0.8361339306448712,-0.8526401643540922
sine_80,upwind,80,20,0.25,1.0,-0.793383242164937,-0.8090169943749475
sine_80,upwind,80,21,0.2625,0.996917333733128,-0.7457410821703558,-0.760405965600031
sine_80,upwind,80,22,0.275,0.9876883405951378,-0.6935011804201204,-0.7071067811865475
sine_80,upwind,80,23,0.28750000000000003,0.9723699203976767,-0.6369856132800509,-0.6494480483301835
sine_80,upwind,80,24,0.30000000000000004,0.9510565162951536,-0.5765428180148987,-0.587785252292473
sine_80,upwind,80,25,0.3125,0.9238795325112867,-0.512545444556743,-0.5224985647159489
sine_80,upwind,80,26,0.325,0.8910065241883679,-0.44538805799423936,-0.4539904997395468
sine_80,upwind,80,27,0.3375,0.8526401643540923,-0.3754847059476426,-0.3826834323650898
sine_80,upwind,80,28,0.35000000000000003,0.8090169943749475,-0.3032663658275435,-0.30901699437494734
sine_80,upwind,80,29,0.36250000000000004,0.760405965600031,-0.2291782877158176,-0.23344536385590528
sine_80,upwind,80,30,0.375,0.7071067811865476,-0.15367724925080964,-0.156434465040231
sine_80,upwind,80,31,0.3875,0.6494480483301838,-0.0772287394412993,-0.07845909572784501
sine_80,upwind,80,32,0.4,0.5877852522924732,-0.0003040887719715068,0.0
sine_80,upwind,80,33,0.41250000000000003,0.5224985647159489,0.07662243670575525,0.07845909572784501
sine_80,upwind,80,34,0.42500000000000004,0.45399049973954686,0.15307655938164527,0.156434465040231
sine_80,upwind,80,35,0.4375,0.3826834323650899,0.228586914165826,0.23344536385590528
sine_80,upwind,80,36,0.45,0.3090169943749475,0.3026879546113119,0.30901699437494734
sine_80,upwind,80,37,0.4625,0.23344536385590553,0.3749228231626604,0.3826834323650898
sine_80,upwind,80,38,0.47500000000000003,0.15643446504023098,0.44484616783472086,0.4539904997395468
sine_80,upwind,80,39,0.48750000000000004,0.07845909572784507,0.5120268879557186,0.5224985647159489
sine_80,upwind,80,40,0.5,1.2246467991473532e-16,0.5760507920462514,0.587785252292473
sine_80,upwind,80,41,0.5125000000000001,-0.07845909572784437,0.6365231514474923,0.6494480483301839
sine_80,upwind,80,42,0.525,-0.15643446504023073,0.6930711339546326,0.7071067811865475
sine_80,upwind,80,43,0.5375,-0.23344536385590528,0.7453461024514036,0.7604059656000307
sine_80,upwind,80,44,0.55,-0.3090169943749469,0.7930257643738317,0.8090169943749475
sine_80,upwind,80,45,0.5625,-0.38268343236508967,0.8358161587510684,0.8526401643540921
sine_80,upwind,80,46,0.5750000000000001,-0.4539904997395467,0.8734534685725281,0.8910065241883679
sine_80,upwind,80,47,0.5875,-0.5224985647159491,0.905705647307486,0.9238795325112867
sine_80,upwind,80,48,0.6000000000000001,-0.587785252292473,0.9323738495491039,0.9510565162951536
sine_80,upwind,80,49,0.6125,-0.6494480483301832,0.9532936569624842,0.9723699203976767
sine_80,upwind,80,50,0.625,-0.7071067811865475,0.9683360919783818,0.9876883405951377
sine_80,upwind,80,51,0.6375000000000001,-0.7604059656000306,0.9774084129828065,0.996917333733128
sine_80,upwind,80,52,0.65,-0.8090169943749473,0.980454686099913,1.0
sine_80,upwind,80,53,0.6625000000000001,-0.8526401643540924,0.9774561300429463,0.996917333733128
sine_80,upwind,80,54,0.675,-0.8910065241883678,0.968431231907118,0.9876883405951377
sine_80,upwind,80,55,0.6875,-0.9238795325112868,0.9534356331905187,0.9723699203976767
sine_80,upwind,80,56,0.7000000000000001,-0.9510565162951535,0.9325617867457793,0.9510565162951535
sine_80,upwind,80,57,0.7125,-0.9723699203976764,0.9059383867774897,0.9238795325112867
sine_80,upwind,80,58,0.7250000000000001,-0.9876883405951377,0.8737295753996333,0.8910065241883677
sine_80,upwind,80,59,0.7375,-0.996917333733128,0.8361339306448712,0.8526401643540923
sine_80,upwind,80,60,0.75,-1.0,0.7933832421649369,0.8090169943749475
sine_80,upwind,80,61,0.7625000000000001,-0.996917333733128,0.7457410821703558,0.7604059656000307
sine_80,upwind,80,62,0.775,-0.9876883405951378,0.6935011804201201,0.7071067811865476
sine_80,upwind,80,63,0.7875000000000001,-0.9723699203976766,0.6369856132800504,0.6494480483301834
sine_80,upwind,80,64,0.8,-0.9510565162951536,0.5765428180148985,0.5877852522924732
sine_80,upwind,80,65,0.8125,-0.923879532511287,0.5125454445567427,0.5224985647159489
sine_80,upwind,80,66,0.8250000000000001,-0.891006524188368,0.4453880579942391,0.45399049973954647
sine_80,upwind,80,67,0.8375,-0.8526401643540925,0.3754847059476425,0.3826834323650899
sine_80,upwind,80,68,0.8500000000000001,-0.8090169943749476,0.3032663658275435,0.3090169943749471
sine_80,upwind,80,69,0.8625,-0.7604059656000308,0.2291782877158176,0.23344536385590553
sine_80,upwind,80,70,0.875,-0.7071067811865477,0.15367724925080967,0.15643446504023098
sine_80,upwind,80,71,0.8875000000000001,-0.6494480483301834,0.07722873944129942,0.07845909572784462
sine_80,upwind,80,72,0.9,-0.5877852522924734,0.0003040887719716681,1.2246467991473532e-16
sine_80,upwind,80,73,0.9125000000000001,-0.5224985647159495,-0.07662243670575508,-0.07845909572784526
sine_80,upwind,80,74,0.925,-0.45399049973954697,-0.15307655938164513,-0.15643446504023073
sine_80,upwind,80,75,0.9375,-0.3826834323650904,-0.22858691416582588,-0.23344536385590528
sine_80,upwind,80,76,0.9500000000000001,-0.3090169943749476,-0.3026879546113119,-0.30901699437494773
sine_80,upwind,80,77,0.9625,-0.2334453638559052,-0.3749228231626604,-0.38268343236508967
sine_80,upwind,80,78,0.9750000000000001,-0.15643446504023112,-0.44484616783472086,-0.4539904997395471
sine_80,upwind,80,79,0.9875,-0.07845909572784475,-0.5120268879557188,-0.5224985647159487
sine_160,upwind,160,0,0.0,0.0,-0.5819505060233667,-0.5877852522924732
sine_160,upwind,160,1,0.00625,0.03925981575906861,-0.6129535391529761,-0.6190939493098339
sine_160,upwind,160,2,0.0125,0.07845909572784494,-0.6430114423529703,-0.6494480483301838
sine_160,upwind,160,3,0.018750000000000003,0.11753739745783764,-0.6720778685152551,-0.6788007455329417
sine_160,upwind,160,4,0.025,0.15643446504023087,-0.7001079993174654,-0.7071067811865476
sine_160,upwind,160,5,0.03125,0.19509032201612825,-0.7270586143295682,-0.7343225094356854
sine_160,upwind,160,6,0.037500000000000006,0.2334453638559054,-0.7528881576566342,-0.7604059656000307
sine_160,upwind,160,7,0.043750000000000004,0.27144044986507426,-0.7775568020150159,-0.7853169308807448
sine_160,upwind,160,8,0.05,0.3090169943749474,-0.8010265101431316,-0.8090169943749475
sine_160,upwind,160,9,0.05625,0.34611705707749296,-0.823261093452166,-0.8314696123025455
sine_160,upwind,160,10,0.0625,0.3826834323650898,-0.8442262678262518,-0.8526401643540923
sine_160,upwind,160,11,0.06875,0.418659737537428,-0.8638897064860899,-0.8724960070727971
sine_160,upwind,160,12,0.07500000000000001,0.45399049973954675,-0.8822210898345014,-0.8910065241883679
sine_160,upwind,160,13,0.08125,0.4886212414969549,-0.8991921522070484,-0.9081431738250813
sine_160,upwind,160,14,0.08750000000000001,0.5224985647159488,-0.9147767254556397,-0.9238795325112867
sine_160,upwind,160,15,0.09375,0.5555702330196022,-0.9289507792979179,-0.938191335922484
sine_160,upwind,160,16,0.1,0.5877852522924731,-0.9416924583702145,-0.9510565162951535
sine_160,upwind,160,17,0.10625000000000001,0.619093949309834,-0.9529821159269353,-0.9624552364536473
sine_160,upwind,160,18,0.1125,0.6494480483301837,-0.9628023441344185,-0.9723699203976766
sine_160,upwind,160,19,0.11875000000000001,0.6788007455329417,-0.9711380009125523,-0.9807852804032304
sine_160,upwind,160,20,0.125,0.7071067811865475,-0.9779762332827654,-0.9876883405951377
sine_160,upwind,160,21,0.13125,0.7343225094356856,-0.9833064971863876,-0.9930684569549263
sine_160,upwind,160,22,0.1375,0.7604059656000308,-0.9871205737428252,-0.996917333733128
sine_160,upwind,160,23,0.14375000000000002,0.785316930880745,-0.9894125819224777,-0.9992290362407229
sine_160,upwind,160,24,0.15000000000000002,0.8090169943749475,-0.9901789876148603,-1.0
sine_160,upwind,160,25,0.15625,0.8314696123025452,-0.9894186090779453,-0.9992290362407229
sine_160,upwind,160,26,0.1625,0.8526401643540922,-0.9871326187603238,-0.996917333733128
sine_160,upwind,160,27,0.16875,0.8724960070727971,-0.983324541493373,-0.9930684569549263
sine_160,upwind,160,28,0.17500000000000002,0.8910065241883678,-0.9780002490562242,-0.9876883405951378
sine_160,upwind,160,29,0.18125000000000002,0.9081431738250813,-0.9711679511219027,-0.9807852804032304
sine_160,upwind,160,30,0.1875,0.9238795325112867,-0.9628381825986085,-0.9723699203976767
sine_160,upwind,160,31,0.19375,0.9381913359224842,-0.9530237873856506,-0.9624552364536473
sine_160,upwind,160,32,0.2,0.9510565162951535,-0.9417398985690862,-0.9510565162951535
sine_160,upwind,160,33,0.20625000000000002,0.9624552364536473,-0.9290039150875979,-0.9381913359224842
sine_160,upwind,160,34,0.21250000000000002,0.9723699203976766,-0.9148354749045916,-0.9238795325112867
sine_160,upwind,160,35,0.21875,0.9807852804032304,-0.8992564247278804,-0.9081431738250814
sine_160,upwind,160,36,0.225,0.9876883405951378,-0.8822907863236445,-0.8910065241883678
sine_160,upwind,160,37,0.23125,0.9930684569549263,-0.8639647194766098,-0.8724960070727971
sine_160,upwind,160,38,0.23750000000000002,0.996917333733128,-0.844306481653554,-0.8526401643540922
sine_160,upwind,160,39,0.24375000000000002,0.9992290362407229,-0.8233463844323432,-0.8314696123025452
sine_160,upwind,160,40,0.25,1.0,-0.801116746763674,-0.8090169943749475
sine_160,upwind,160,41,0.25625000000000003,0.9992290362407229,-0.7776518451375952,-0.7853169308807448
sine_160,upwind,160,42,0.2625,0.996917333733128,-0.7529878607316443,-0.760405965600031
sine_160,upwind,160,43,0.26875,0.9930684569549263,-0.7271628236220942,-0.7343225094356857
sine_160,upwind,160,44,0.275,0.9876883405951378,-0.7002165541443313,-0.7071067811865475
sine_160,upwind,160,45,0.28125,0.9807852804032304,-0.6721906014927862,-0.6788007455329418
sine_160,upwind,160,46,0.28750000000000003,0.9723699203976767,-0.6431281796550861,-0.6494480483301835
sine_160,upwind,160,47,0.29375,0.9624552364536473,-0.6130741007792182,-0.6190939493098341
sine_160,upwind,160,48,0.30000000000000004,0.9510565162951536,-0.5820747060764458,-0.587785252292473
sine_160,upwind,160,49,0.30625,0.9381913359224843,-0.5501777943665199,-0.5555702330196022
sine_160,upwind,160,50,0.3125,0.9238795325112867,-0.5174325483753629,-0.5224985647159489
sine_160,upwind,160,51,0.31875000000000003,0.9081431738250815,-0.48388945889887036,-0.48862124149695485
sine_160,upwind,160,52,0.325,0.8910065241883679,-0.4496002469497634,-0.4539904997395468
sine_160,upwind,160,53,0.33125000000000004,0.8724960070727971,-0.414617784007536,-0.4186597375374279
sine_160,upwind,160,54,0.3375,0.8526401643540923,-0.3789960104944654,-0.3826834323650898
sine_160,upwind,160,55,0.34375,0.8314696123025451,-0.342789852603391,-0.34611705707749313
sine_160,upwind,160,56,0.35000000000000003,0.8090169943749475,-0.3060551376055064,-0.30901699437494734
sine_160,upwind,160,57,0.35625,0.7853169308807452,-0.26884850776875296,-0.2714404498650743
sine_160,upwind,160,58,0.36250000000000004,0.760405965600031,-0.2312273330195487,-0.23344536385590528
sine_160,upwind,160,59,0.36875,0.7343225094356858,-0.19324962248251967,-0.19509032201612825
sine_160,upwind,160,60,0.375,0.7071067811865476,-0.1549739350346347,-0.156434465040231
sine_160,upwind,160,61,0.38125000000000003,0.6788007455329417,-0.11645928901166118,-0.11753739745783758
sine_160,upwind,160,62,0.3875,0.6494480483301838,-0.07776507120616932,-0.07845909572784501
sine_160,upwind,160,63,0.39375000000000004,0.6190939493098339,-0.038950945297402326,-0.03925981575906847
sine_160,upwind,160,64,0.4,0.5877852522924732,-7.675985420755975e-05,0.0
sine_160,upwind,160,65,0.40625,0.5555702330196025,0.038797543947118734,0.03925981575906847
sine_160,upwind,160,66,0.41250000000000003,0.5224985647159489,0.07761202474778064,0.07845909572784501
sine_160,upwind,160,67,0.41875,0.48862124149695524,0.11630683343171325,0.11753739745783758
sine_160,upwind,160,68,0.42500000000000004,0.45399049973954686,0.1548223054085816,0.156434465040231
sine_160,upwind,160,69,0.43125,0.41865973753742797,0.19309905261225446,0.19509032201612825
sine_160,upwind,160,70,0.4375,0.3826834323650899,0.2310780550728977,0.23344536385590528
sine_160,upwind,160,71,0.44375000000000003,0.34611705707749285,0.26870075192149007,0.2714404498650743
sine_160,upwind,160,72,0.45,0.3090169943749475,0.3059091316864386,0.30901699437494734
sine_160,upwind,160,73,0.45625000000000004,0.2714404498650746,0.3426458217430628,0.34611705707749313
sine_160,upwind,160,74,0.4625,0.23344536385590553,0.3788541767780237,0.3826834323650898
sine_160,upwind,160,75,0.46875,0.1950903220161286,0.41447836613229133,0.4186597375374279
sine_160,upwind,160,76,0.47500000000000003,0.15643446504023098,0.4494634598879743,0.4539904997395468
sine_160,upwind,160,77,0.48125,0.11753739745783755,0.4837555135662714,0.48862124149695485
sine_160,upwind,160,78,0.48750000000000004,0.07845909572784507,0.5173016513059485,0.5224985647159489
sine_160,upwind,160,79,0.49375,0.039259815759068506,0.5500501473940834,0.5555702330196022
sine_160,upwind,160,80,0.5,1.2246467991473532e-16,0.5819505060233667,0.587785252292473
sine_160,upwind,160,81,0.50625,-0.03925981575906826,0.6129535391529761,0.6190939493098337
sine_160,upwind,160,82,0.5125000000000001,-0.07845909572784437,0.6430114423529703,0.6494480483301839
sine_160,upwind,160,83,0.51875,-0.11753739745783774,0.6720778685152551,0.6788007455329418
sine_160,upwind,160,84,0.525,-0.15643446504023073,0.7001079993174654,0.7071067811865475
sine_160,upwind,160,85,0.53125,-0.19509032201612836,0.7270586143295682,0.7343225094356854
sine_160,upwind,160,86,0.5375,-0.23344536385590528,0.7528881576566342,0.7604059656000307
sine_160,upwind,160,87,0.5437500000000001,-0.27144044986507393,0.7775568020150159,0.7853169308807451
sine_160,upwind,160,88,0.55,-0.3090169943749469,0.8010265101431316,0.8090169943749475
sine_160,upwind,160,89,0.55625,-0.3461170570774931,0.823261093452166,0.8314696123025452
sine_160,upwind,160,90,0.5625,-0.38268343236508967,0.8442262678262518,0.8526401643540921
sine_160,upwind,160,91,0.56875,-0.41865973753742775,0.8638897064860899,0.872496007072797
sine_160,upwind,160,92,0.5750000000000001,-0.4539904997395467,0.8822210898345014,0.8910065241883679
sine_160,upwind,160,93,0.58125,-0.48862124149695463,0.8991921522070484,0.9081431738250814
sine_160,upwind,160,94,0.5875,-0.5224985647159491,0.9147767254556397,0.9238795325112867
sine_160,upwind,160,95,0.59375,-0.5555702330196023,0.9289507792979179,0.938191335922484
sine_160,upwind,160,96,0.6000000000000001,-0.587785252292473,0.9416924583702145,0.9510565162951536
sine_160,upwind,160,97,0.6062500000000001,-0.6190939493098337,0.9529821159269353,0.9624552364536474
sine_160,upwind,160,98,0.6125,-0.6494480483301832,0.9628023441344185,0.9723699203976767
sine_160,upwind,160,99,0.61875,-0.6788007455329418,0.9711380009125523,0.9807852804032304
sine_160,upwind,160,100,0.625,-0.7071067811865475,0.9779762332827654,0.9876883405951377
sine_160,upwind,160,101,0.6312500000000001,-0.7343225094356856,0.9833064971863876,0.9930684569549263
sine_160,upwind,160,102,0.6375000000000001,-0.7604059656000306,0.9871205737428252,0.996917333733128
sine_160,upwind,160,103,0.64375,-0.7853169308807447,0.9894125819224777,0.9992290362407229
sine_160,upwind,160,104,0.65,-0.8090169943749473,0.9901789876148603,1.0
sine_160,upwind,160,105,0.65625,-0.8314696123025452,0.9894186090779453,0.9992290362407229
sine_160,upwind,160,106,0.6625000000000001,-0.8526401643540924,0.9871326187603238,0.996917333733128
sine_160,upwind,160,107,0.6687500000000001,-0.872496007072797,0.983324541493373,0.9930684569549263
sine_160,upwind,160,108,0.675,-0.8910065241883678,0.9780002490562242,0.9876883405951377
sine_160,upwind,160,109,0.68125,-0.9081431738250809,0.9711679511219027,0.9807852804032304
sine_160,upwind,160,110,0.6875,-0.9238795325112868,0.9628381825986085,0.9723699203976767
sine_160,upwind,160,111,0.6937500000000001,-0.938191335922484,0.9530237873856506,0.9624552364536472
sine_160,upwind,160,112,0.7000000000000001,-0.9510565162951535,0.9417398985690866,0.9510565162951535
sine_160,upwind,160,113,0.70625,-0.9624552364536473,0.9290039150875982,0.938191335922484
sine_160,upwind,160,114,0.7125,-0.9723699203976764,0.9148354749045916,0.9238795325112867
sine_160,upwind,160,115,0.71875,-0.9807852804032305,0.8992564247278804,0.9081431738250815
sine_160,upwind,160,116,0.7250000000000001,-0.9876883405951377,0.8822907863236445,0.8910065241883677
sine_160,upwind,160,117,0.7312500000000001,-0.9930684569549263,0.8639647194766098,0.8724960070727971
sine_160,upwind,160,118,0.7375,-0.996917333733128,0.844306481653554,0.8526401643540923
sine_160,upwind,160,119,0.74375,-0.9992290362407229,0.8233463844323432,0.8314696123025455
sine_160,upwind,160,120,0.75,-1.0,0.8011167467636741,0.8090169943749475
sine_160,upwind,160,121,0.7562500000000001,-0.9992290362407229,0.7776518451375956,0.7853169308807448
sine_160,upwind,160,122,0.7625000000000001,-0.996917333733128,0.7529878607316447,0.7604059656000307
sine_160,upwind,160,123,0.76875,-0.9930684569549263,0.7271628236220945,0.7343225094356854
sine_160,upwind,160,124,0.775,-0.9876883405951378,0.7002165541443317,0.7071067811865476
sine_160,upwind,160,125,0.78125,-0.9807852804032307,0.6721906014927865,0.678800745532942
sine_160,upwind,160,126,0.7875000000000001,-0.9723699203976766,0.6431281796550862,0.6494480483301834
sine_160,upwind,160,127,0.7937500000000001,-0.9624552364536474,0.6130741007792182,0.6190939493098339
sine_160,upwind,160,128,0.8,-0.9510565162951536,0.5820747060764458,0.5877852522924732
sine_160,upwind,160,129,0.80625,-0.9381913359224842,0.5501777943665199,0.5555702330196022
sine_160,upwind,160,130,0.8125,-0.923879532511287,0.5174325483753629,0.5224985647159489
sine_160,upwind,160,131,0.8187500000000001,-0.9081431738250811,0.48388945889887036,0.48862124149695485
sine_160,upwind,160,132,0.8250000000000001,-0.891006524188368,0.44960024694976336,0.45399049973954647
sine_160,upwind,160,133,0.83125,-0.8724960070727971,0.41461778400753585,0.41865973753742797
sine_160,upwind,160,134,0.8375,-0.8526401643540925,0.3789960104944653,0.3826834323650899
sine_160,upwind,160,135,0.84375,-0.8314696123025455,0.34278985260339095,0.3461170570774933
sine_160,upwind,160,136,0.8500000000000001,-0.8090169943749476,0.30605513760550623,0.3090169943749471
sine_160,upwind,160,137,0.8562500000000001,-0.785316930880745,0.2688485077687528,0.27144044986507415
sine_160,upwind,160,138,0.8625,-0.7604059656000308,0.23122733301954856,0.23344536385590553
sine_160,upwind,160,139,0.86875,-0.7343225094356858,0.19324962248251956,0.1950903220161286
sine_160,upwind,160,140,0.875,-0.7071067811865477,0.15497393503463455,0.15643446504023098
sine_160,upwind,160,141,0.8812500000000001,-0.6788007455329423,0.11645928901166105,0.11753739745783755
sine_160,upwind,160,142,0.8875000000000001,-0.6494480483301834,0.07776507120616924,0.07845909572784462
sine_160,upwind,160,143,0.89375,-0.6190939493098343,0.03895094529740226,0.039259815759068506
sine_160,upwind,160,144,0.9,-0.5877852522924734,7.67598542075424e-05,1.2246467991473532e-16
sine_160,upwind,160,145,0.90625,-0.5555702330196022,-0.03879754394711871,-0.03925981575906826
sine_160,upwind,160,146,0.9125000000000001,-0.5224985647159495,-0.07761202474778059,-0.07845909572784526
sine_160,upwind,160,147,0.9187500000000001,-0.4886212414969546,-0.11630683343171318,-0.11753739745783774
sine_160,upwind,160,148,0.925,-0.45399049973954697,-0.15482230540858152,-0.15643446504023073
sine_160,upwind,160,149,0.93125,-0.4186597375374281,-0.19309905261225435,-0.19509032201612836
sine_160,upwind,160,150,0.9375,-0.3826834323650904,-0.2310780550728976,-0.23344536385590528
sine_160,upwind,160,151,0.9437500000000001,-0.3461170570774934,-0.26870075192149,-0.2714404498650743
sine_160,upwind,160,152,0.9500000000000001,-0.3090169943749476,-0.30590913168643846,-0.30901699437494773
sine_160,upwind,160,153,0.95625,-0.27144044986507426,-0.3426458217430626,-0.3461170570774931
sine_160,upwind,160,154,0.9625,-0.2334453638559052,-0.37885417677802347,-0.38268343236508967
sine_160,upwind,160,155,0.96875,-0.19509032201612872,-0.41447836613229116,-0.41865973753742775
sine_160,upwind,160,156,0.9750000000000001,-0.15643446504023112,-0.4494634598879741,-0.4539904997395471
sine_160,upwind,160,157,0.9812500000000001,-0.11753739745783855,-0.4837555135662713,-0.488621241496955
sine_160,upwind,160,158,0.9875,-0.07845909572784475,-0.5173016513059485,-0.5224985647159487
sine_160,upwind,160,159,0.99375,-0.039259815759069075,-0.5500501473940834,-0.555570233019602
sine_320,upwind,320,0,0.0,0.0,-0.5848761961533635,-0.5877852522924732
sine_320,upwind,320,1,0.003125,0.0196336924606283,-0.6005694779383082,-0.6035559419535712
sine_320,upwind,320,2,0.00625,0.03925981575906861,-0.6160312287571449,-0.6190939493098339
sine_320,upwind,320,3,0.009375000000000001,0.05887080365118903,-0.6312554878106053,-0.6343932841636455
sine_320,upwind,320,4,0.0125,0.07845909572784494,-0.646236385857017,-0.6494480483301838
sine_320,upwind,320,5,0.015625,0.0980171403295606,-0.6609681474750092,-0.6642524379112815
sine_320,upwind,320,6,0.018750000000000003,0.11753739745783764,-0.6754450932900458,-0.6788007455329417
sine_320,upwind,320,7,0.021875000000000002,0.13701234168196802,-0.689661642163934,-0.6930873625456359
sine_320,upwind,320,8,0.025,0.15643446504023087,-0.7036123133464584,-0.7071067811865476
sine_320,upwind,320,9,0.028125,0.1757962799343545,-0.7172917285883148,-0.7208535967029189
sine_320,upwind,320,10,0.03125,0.19509032201612825,-0.7306946142145282,-0.7343225094356854
sine_320,upwind,320,11,0.034375,0.21430915306505072,-0.7438158031575539,-0.7475083268625967
sine_320,upwind,320,12,0.037500000000000006,0.2334453638559054,-0.7566502369492812,-0.7604059656000307
sine_320,upwind,320,13,0.040625,0.25249157701515795,-0.7691929676711684,-0.7730104533627371
sine_320,upwind,320,14,0.043750000000000004,0.27144044986507426,-0.7814391598617612,-0.7853169308807448
sine_320,upwind,320,15,0.046875,0.29028467725446233,-0.7933840923808527,-0.7973206537727071
sine_320,upwind,320,16,0.05,0.3090169943749474,-0.8050231602295747,-0.8090169943749475
sine_320,upwind,320,17,0.053125000000000006,0.3276301795616935,-0.8163518763257117,-0.8204014435255135
sine_320,upwind,320,18,0.05625,0.34611705707749296,-0.8273658732335563,-0.8314696123025455
sine_320,upwind,320,19,0.059375000000000004,0.36447049987914965,-0.83806090484764,-0.8422172337162865
sine_320,upwind,320,20,0.0625,0.3826834323650898,-0.8484328480296863,-0.8526401643540923
sine_320,upwind,320,21,0.065625,0.40074883310314097,-0.8584777041981595,-0.8627343859777917
sine_320,upwind,320,22,0.06875,0.418659737537428,-0.8681916008697943,-0.8724960070727971
sine_320,upwind,320,23,0.07187500000000001,0.4364092406733421,-0.8775707931525113,-0.881921264348355
sine_320,upwind,320,24,0.07500000000000001,0.45399049973954675,-0.8866116651891441,-0.8910065241883679
sine_320,upwind,320,25,0.078125,0.47139673682599764,-0.895310731551422,-0.8997482840522214
sine_320,upwind,320,26,0.08125,0.4886212414969549,-0.9036646385836679,-0.9081431738250813
sine_320,upwind,320,27,0.084375,0.5056573733779846,-0.9116701656956968,-0.9161879571171359
sine_320,upwind,320,28,0.08750000000000001,0.5224985647159488,-0.9193242266044153,-0.9238795325112867
sine_320,upwind,320,29,0.09062500000000001,0.5391383229110002,-0.9266238705236409,-0.9312149347588036
sine_320,upwind,320,30,0.09375,0.5555702330196022,-0.933566283301688,-0.938191335922484
sine_320,upwind,320,31,0.096875,0.5717879602276122,-0.9401487885062753,-0.944806046466878
sine_320,upwind,320,32,0.1,0.5877852522924731,-0.9463688484563434,-0.9510565162951535
sine_320,upwind,320,33,0.10312500000000001,0.6035559419535714,-0.952224065200377,-0.9569403357322089
sine_320,upwind,320,34,0.10625000000000001,0.619093949309834,-0.957712181440862,-0.9624552364536473
sine_320,upwind,320,35,0.109375,0.6343932841636455,-0.9628310814045167,-0.9675990923602598
sine_320,upwind,320,36,0.1125,0.6494480483301837,-0.9675787916579621,-0.9723699203976766
sine_320,upwind,320,37,0.115625,0.6642524379112817,-0.9719534818685192,-0.9767658813208724
sine_320,upwind,320,38,0.11875000000000001,0.6788007455329417,-0.9759534655098355,-0.9807852804032304
sine_320,upwind,320,39,0.12187500000000001,0.6930873625456359,-0.9795772005120742,-0.9844265680898916
sine_320,upwind,320,40,0.125,0.7071067811865475,-0.9828232898564108,-0.9876883405951377
sine_320,upwind,320,41,0.12812500000000002,0.7208535967029187,-0.985690482113611,-0.9905693404435773
sine_320,upwind,320,42,0.13125,0.7343225094356856,-0.9881776719264805,-0.9930684569549263
sine_320,upwind,320,43,0.134375,0.7475083268625967,-0.9902839004360003,-0.9951847266721969
sine_320,upwind,320,44,0.1375,0.7604059656000308,-0.9920083556509862,-0.996917333733128
sine_320,upwind,320,45,0.140625,0.773010453362737,-0.993350372761126,-0.9982656101847159
sine_320,upwind,320,46,0.14375000000000002,0.785316930880745,-0.9943094343932777,-0.9992290362407229
sine_320,upwind,320,47,0.146875,0.7973206537727072,-0.9948851708109254,-0.9998072404820648
sine_320,upwind,320,48,0.15000000000000002,0.8090169943749475,-0.9950773600567204,-1.0
sine_320,upwind,320,49,0.153125,0.8204014435255135,-0.9948859280380498,-0.9998072404820648
sine_320,upwind,320,50,0.15625,0.8314696123025452,-0.9943109485556012,-0.9992290362407229
sine_320,upwind,320,51,0.15937500000000002,0.8422172337162864,-0.9933526432749105,-0.9982656101847159
sine_320,upwind,320,52,0.1625,0.8526401643540922,-0.9920113816409049,-0.996917333733128
sine_320,upwind,320,53,0.16562500000000002,0.8627343859777918,-0.9902876807354768,-0.9951847266721968
sine_320,upwind,320,54,0.16875,0.8724960070727971,-0.9881822050781373,-0.9930684569549263
sine_320,upwind,320,55,0.171875,0.881921264348355,-0.9856957663698317,-0.9905693404435773
sine_320,upwind,320,56,0.17500000000000002,0.8910065241883678,-0.9828293231800139,-0.9876883405951378
sine_320,upwind,320,57,0.178125,0.8997482840522214,-0.9795839805770988,-0.9844265680898917
sine_320,upwind,320,58,0.18125000000000002,0.9081431738250813,-0.9759609897024377,-0.9807852804032304
sine_320,upwind,320,59,0.184375,0.9161879571171359,-0.9719617472879793,-0.9767658813208725
sine_320,upwind,320,60,0.1875,0.9238795325112867,-0.9675877951178038,-0.9723699203976767
sine_320,upwind,320,61,0.19062500000000002,0.9312149347588036,-0.9628408194337346,-0.9675990923602598
sine_320,upwind,320,62,0.19375,0.9381913359224842,-0.9577226502852606,-0.9624552364536473
sine_320,upwind,320,63,0.19687500000000002,0.944806046466878,-0.9522352608240173,-0.9569403357322089
sine_320,upwind,320,64,0.2,0.9510565162951535,-0.9463807665430998,-0.9510565162951535
sine_320,upwind,320,65,0.203125,0.9569403357322088,-0.9401614244614982,-0.944806046466878
sine_320,upwind,320,66,0.20625000000000002,0.9624552364536473,-0.9335796322539759,-0.9381913359224842
sine_320,upwind,320,67,0.209375,0.9675990923602598,-0.9266379273267189,-0.9312149347588036
sine_320,upwind,320,68,0.21250000000000002,0.9723699203976766,-0.9193389858391179,-0.9238795325112867
sine_320,upwind,320,69,0.215625,0.9767658813208725,-0.9116856216720585,-0.916187957117136
sine_320,upwind,320,70,0.21875,0.9807852804032304,-0.9036807853431152,-0.9081431738250814
sine_320,upwind,320,71,0.22187500000000002,0.9844265680898917,-0.895327562869072,-0.8997482840522215
sine_320,upwind,320,72,0.225,0.9876883405951378,-0.8866291745762036,-0.8910065241883678
sine_320,upwind,320,73,0.22812500000000002,0.9905693404435773,-0.877588973858778,-0.8819212643483549
sine_320,upwind,320,74,0.23125,0.9930684569549263,-0.8682104458862601,-0.8724960070727971
sine_320,upwind,320,75,0.234375,0.9951847266721968,-0.8584972062597115,-0.8627343859777918
sine_320,upwind,320,76,0.23750000000000002,0.996917333733128,-0.8484529996179087,-0.8526401643540922
sine_320,upwind,320,77,0.240625,0.9982656101847159,-0.8380816981937117,-0.8422172337162865
sine_320,upwind,320,78,0.24375000000000002,0.9992290362407229,-0.8273873003212467,-0.8314696123025452
sine_320,upwind,320,79,0.246875,0.9998072404820648,-0.8163739288944707,-0.8204014435255137
sine_320,upwind,320,80,0.25,1.0,-0.8050458297777174,-0.8090169943749475
sine_320,upwind,320,81,0.253125,0.9998072404820648,-0.7934073701688368,-0.7973206537727072
sine_320,upwind,320,82,0.25625000000000003,0.9992290362407229,-0.7814630369155561,-0.7853169308807448
sine_320,upwind,320,83,0.259375,0.9982656101847159,-0.7692174347857155,-0.773010453362737
sine_320,upwind,320,84,0.2625,0.996917333733128,-0.7566752846920416,-0.760405965600031
sine_320,upwind,320,85,0.265625,0.9951847266721969,-0.7438414218721462,-0.7475083268625968
sine_320,upwind,320,86,0.26875,0.9930684569549263,-0.7307207940244503,-0.7343225094356857
sine_320,upwind,320,87,0.27187500000000003,0.9905693404435773,-0.7173184594007516,-0.7208535967029187
sine_320,upwind,320,88,0.275,0.9876883405951378,-0.7036395848561727,-0.7071067811865475
sine_320,upwind,320,89,0.278125,0.9844265680898916,-0.6896894438572401,-0.693087362545636
sine_320,upwind,320,90,0.28125,0.9807852804032304,-0.6754734144488617,-0.6788007455329418
sine_320,upwind,320,91,0.284375,0.9767658813208725,-0.6609969771809889,-0.6642524379112819
sine_320,upwind,320,92,0.28750000000000003,0.9723699203976767,-0.6462657129957603,-0.6494480483301835
sine_320,upwind,320,93,0.290625,0.9675990923602599,-0.6312853010759413,-0.6343932841636455
sine_320,upwind,320,94,0.29375,0.9624552364536473,-0.6160615166554926,-0.6190939493098341
sine_320,upwind,320,95,0.296875,0.9569403357322088,-0.600600228793106,-0.6035559419535715
sine_320,upwind,320,96,0.30000000000000004,0.9510565162951536,-0.5849073981095716,-0.587785252292473
sine_320,upwind,320,97,0.30312500000000003,0.944806046466878,-0.5689890744898447,-0.5717879602276121
sine_320,upwind,320,98,0.30625,0.9381913359224843,-0.5528513947506998,-0.5555702330196022
sine_320,upwind,320,99,0.309375,0.9312149347588036,-0.536500580274871,-0.5391383229110003
sine_320,upwind,320,100,0.3125,0.9238795325112867,-0.5199429346125908,-0.5224985647159489
sine_320,upwind,320,101,0.31562500000000004,0.9161879571171359,-0.5031848410514512,-0.5056573733779844
sine_320,upwind,320,102,0.31875000000000003,0.9081431738250815,-0.48623276015552497,-0.48862124149695485
sine_320,upwind,320,103,0.321875,0.8997482840522215,-0.46909322727469493,-0.47139673682599764
sine_320,upwind,320,104,0.325,0.8910065241883679,-0.4517728500251528,-0.4539904997395468
sine_320,upwind,320,105,0.328125,0.881921264348355,-0.43427830574203663,-0.4364092406733422
sine_320,upwind,320,106,0.33125000000000004,0.8724960070727971,-0.4166163389051915,-0.4186597375374279
sine_320,upwind,320,107,0.33437500000000003,0.862734385977792,-0.3987937585390438,-0.4007488331031409
sine_320,upwind,320,108,0.3375,0.8526401643540923,-0.38081743558759285,-0.3826834323650898
sine_320,upwind,320,109,0.340625,0.8422172337162868,-0.3626943002655316,-0.3644704998791497
sine_320,upwind,320,110,0.34375,0.8314696123025451,-0.34443133938651627,-0.34611705707749313
sine_320,upwind,320,111,0.34687500000000004,0.8204014435255137,-0.32603559366961715,-0.3276301795616933
sine_320,upwind,320,112,0.35000000000000003,0.8090169943749475,-0.30751415502498725,-0.30901699437494734
sine_320,upwind,320,113,0.353125,0.7973206537727071,-0.28887416381979547,-0.29028467725446233
sine_320,upwind,320,114,0.35625,0.7853169308807452,-0.2701228061254802,-0.2714404498650743
sine_320,upwind,320,115,0.359375,0.7730104533627368,-0.25126731094738075,-0.2524915770151581
sine_320,upwind,320,116,0.36250000000000004,0.760405965600031,-0.2323149474378192,-0.23344536385590528
sine_320,upwind,320,117,0.36562500000000003,0.7475083268625967,-0.21327302209370316,-0.21430915306505066
sine_320,upwind,320,118,0.36875,0.7343225094356858,-0.19414887593973246,-0.19509032201612825
sine_320,upwind,320,119,0.371875,0.7208535967029189,-0.1749498816982941,-0.1757962799343546
sine_320,upwind,320,120,0.375,0.7071067811865476,-0.15568344094713782,-0.156434465040231
sine_320,upwind,320,121,0.37812500000000004,0.6930873625456359,-0.13635698126592663,-0.1370123416819679
sine_320,upwind,320,122,0.38125000000000003,0.6788007455329417,-0.11697795337276364,-0.11753739745783758
sine_320,upwind,320,123,0.384375,0.6642524379112819,-0.09755382825179829,-0.0980171403295606
sine_320,upwind,320,124,0.3875,0.6494480483301838,-0.07809209427301986,-0.07845909572784501
sine_320,upwind,320,125,0.390625,0.6343932841636458,-0.058600254305348175,-0.05887080365118917
sine_320,upwind,320,126,0.39375000000000004,0.6190939493098339,-0.03908582282413495,-0.03925981575906847
sine_320,upwind,320,127,0.39687500000000003,0.6035559419535715,-0.01955632301419037,-0.01963369246062823
sine_320,upwind,320,128,0.4,0.5877852522924732,-1.9283869452197452e-05,0.0
sine_320,upwind,320,129,0.403125,0.5717879602276122,0.01951776270958474,0.01963369246062823
sine_320,upwind,320,130,0.40625,0.5555702330196025,0.03904728481955952,0.03925981575906847
sine_320,upwind,320,131,0.40937500000000004,0.5391383229110001,0.05856175345793732,0.05887080365118917
sine_320,upwind,320,132,0.41250000000000003,0.5224985647159489,0.07805364542558314,0.07845909572784501
sine_320,upwind,320,133,0.415625,0.5056573733779846,0.09751544622709833,0.0980171403295606
sine_320,upwind,320,134,0.41875,0.48862124149695524,0.1169396529678016,0.11753739745783758
sine_320,upwind,320,135,0.421875,0.47139673682599786,0.1363187772462377,0.1370123416819679
sine_320,upwind,320,136,0.42500000000000004,0.45399049973954686,0.1556453480410988,0.156434465040231
sine_320,upwind,320,137,0.42812500000000003,0.4364092406733421,0.17491191459144545,0.1757962799343546
sine_320,upwind,320,138,0.43125,0.41865973753742797,0.19411104926911657,0.19509032201612825
sine_320,upwind,320,139,0.434375,0.4007488331031412,0.21323535044222164,0.21430915306505066
sine_320,upwind,320,140,0.4375,0.3826834323650899,0.23227744532861075,0.23344536385590528
sine_320,upwind,320,141,0.44062500000000004,0.3644704998791501,0.2512299928382224,0.2524915770151581
sine_320,upwind,320,142,0.44375000000000003,0.34611705707749285,0.2700856864032134,0.2714404498650743
sine_320,upwind,320,143,0.446875,0.3276301795616937,0.28883725679477995,0.29028467725446233
sine_320,upwind,320,144,0.45,0.3090169943749475,0.30747747492558347,0.30901699437494734
sine_320,upwind,320,145,0.453125,0.2902846772544624,0.3259991546367018,0.3276301795616933
sine_320,upwind,320,146,0.45625000000000004,0.2714404498650746,0.34439515546803007,0.34611705707749313
sine_320,upwind,320,147,0.45937500000000003,0.25249157701515773,0.3626583854110639,0.3644704998791497
sine_320,upwind,320,148,0.4625,0.23344536385590553,0.3807818036430038,0.3826834323650898
sine_320,upwind,320,149,0.465625,0.21430915306505074,0.39875842324112615,0.4007488331031409
sine_320,upwind,320,150,0.46875,0.1950903220161286,0.41658131387637554,0.4186597375374279
sine_320,upwind,320,151,0.47187500000000004,0.17579627993435473,0.4342436044851376,0.4364092406733422
sine_320,upwind,320,152,0.47500000000000003,0.15643446504023098,0.4517384859181658,0.4539904997395468
sine_320,upwind,320,153,0.478125,0.13701234168196805,0.4690592135656374,0.47139673682599764
sine_320,upwind,320,154,0.48125,0.11753739745783755,0.4861991099573293,0.48862124149695485
sine_320,upwind,320,155,0.484375,0.09801714032956083,0.5031515673369092,0.5056573733779844
sine_320,upwind,320,156,0.48750000000000004,0.07845909572784507,0.5199100502093529,0.5224985647159489
sine_320,upwind,320,157,0.49062500000000003,0.05887080365118949,0.5364680978605005,0.5391383229110003
sine_320,upwind,320,158,0.49375,0.039259815759068506,0.5528193268477859,0.5555702330196022
sine_320,upwind,320,159,0.496875,0.019633692460628533,0.5689574334611746,0.5717879602276121
sine_320,upwind,320,160,0.5,1.2246467991473532e-16,0.5848761961533637,0.587785252292473
sine_320,upwind,320,161,0.503125,-0.01963369246062829,0.6005694779383084,0.6035559419535715
sine_320,upwind,320,162,0.50625,-0.03925981575906826,0.6160312287571452,0.6190939493098337
sine_320,upwind,320,163,0.509375,-0.0588708036511888,0.6312554878106057,0.6343932841636455
sine_320,upwind,320,164,0.5125000000000001,-0.07845909572784437,0.6462363858570175,0.6494480483301839
sine_320,upwind,320,165,0.515625,-0.09801714032956015,0.6609681474750093,0.6642524379112816
sine_320,upwind,320,166,0.51875,-0.11753739745783774,0.6754450932900458,0.6788007455329418
sine_320,upwind,320,167,0.521875,-0.13701234168196824,0.689661642163934,0.6930873625456356
sine_320,upwind,320,168,0.525,-0.15643446504023073,0.7036123133464584,0.7071067811865475
sine_320,upwind,320,169,0.5281250000000001,-0.17579627993435448,0.7172917285883148,0.720853596702919
sine_320,upwind,320,170,0.53125,-0.19509032201612836,0.7306946142145282,0.7343225094356854
sine_320,upwind,320,171,0.534375,-0.21430915306505052,0.7438158031575539,0.7475083268625968
sine_320,upwind,320,172,0.5375,-0.23344536385590528,0.7566502369492814,0.7604059656000307
sine_320,upwind,320,173,0.540625,-0.2524915770151575,0.769192967671169,0.773010453362737
sine_320,upwind,320,174,0.5437500000000001,-0.27144044986507393,0.7814391598617615,0.7853169308807451
sine_320,upwind,320,175,0.546875,-0.2902846772544621,0.7933840923808531,0.797320653772707
sine_320,upwind,320,176,0.55,-0.3090169943749469,0.8050231602295751,0.8090169943749475
sine_320,upwind,320,177,0.553125,-0.3276301795616935,0.8163518763257119,0.8204014435255134
sine_320,upwind,320,178,0.55625,-0.3461170570774931,0.8273658732335567,0.8314696123025452
sine_320,upwind,320,179,0.5593750000000001,-0.36447049987914987,0.8380609048476404,0.8422172337162868
sine_320,upwind,320,180,0.5625,-0.38268343236508967,0.8484328480296865,0.8526401643540921
sine_320,upwind,320,181,0.565625,-0.4007488331031409,0.8584777041981598,0.8627343859777918
sine_320,upwind,320,182,0.56875,-0.41865973753742775,0.8681916008697946,0.872496007072797
sine_320,upwind,320,183,0.571875,-0.43640924067334186,0.8775707931525115,0.8819212643483549
sine_320,upwind,320,184,0.5750000000000001,-0.4539904997395467,0.8866116651891442,0.8910065241883679
sine_320,upwind,320,185,0.578125,-0.47139673682599725,0.8953107315514222,0.8997482840522214
sine_320,upwind,320,186,0.58125,-0.48862124149695463,0.9036646385836679,0.9081431738250814
sine_320,upwind,320,187,0.584375,-0.5056573733779848,0.911670165695697,0.9161879571171357
sine_320,upwind,320,188,0.5875,-0.5224985647159491,0.9193242266044153,0.9238795325112867
sine_320,upwind,320,189,0.5906250000000001,-0.5391383229110002,0.9266238705236409,0.9312149347588037
sine_320,upwind,320,190,0.59375,-0.5555702330196023,0.933566283301688,0.938191335922484
sine_320,upwind,320,191,0.596875,-0.571787960227612,0.9401487885062753,0.944806046466878
sine_320,upwind,320,192,0.6000000000000001,-0.587785252292473,0.9463688484563434,0.9510565162951536
sine_320,upwind,320,193,0.603125,-0.6035559419535714,0.952224065200377,0.9569403357322089
sine_320,upwind,320,194,0.6062500000000001,-0.6190939493098337,0.957712181440862,0.9624552364536474
sine_320,upwind,320,195,0.609375,-0.6343932841636453,0.9628310814045167,0.9675990923602598
sine_320,upwind,320,196,0.6125,-0.6494480483301832,0.9675787916579621,0.9723699203976767
sine_320,upwind,320,197,0.6156250000000001,-0.6642524379112814,0.9719534818685192,0.9767658813208725
sine_320,upwind,320,198,0.61875,-0.6788007455329418,0.9759534655098355,0.9807852804032304
sine_320,upwind,320,199,0.6218750000000001,-0.693087362545636,0.9795772005120742,0.9844265680898917
sine_320,upwind,320,200,0.625,-0.7071067811865475,0.9828232898564108,0.9876883405951377
sine_320,upwind,320,201,0.628125,-0.7208535967029188,0.985690482113611,0.9905693404435773
sine_320,upwind,320,202,0.6312500000000001,-0.7343225094356856,0.9881776719264805,0.9930684569549263
sine_320,upwind,320,203,0.634375,-0.7475083268625966,0.9902839004360003,0.9951847266721968
sine_320,upwind,320,204,0.6375000000000001,-0.7604059656000306,0.9920083556509862,0.996917333733128
sine_320,upwind,320,205,0.640625,-0.7730104533627367,0.993350372761126,0.9982656101847159
sine_320,upwind,320,206,0.64375,-0.7853169308807447,0.9943094343932777,0.9992290362407229
sine_320,upwind,320,207,0.6468750000000001,-0.797320653772707,0.9948851708109254,0.9998072404820648
sine_320,upwind,320,208,0.65,-0.8090169943749473,0.9950773600567204,1.0
sine_320,upwind,320,209,0.6531250000000001,-0.8204014435255136,0.9948859280380498,0.9998072404820648
sine_320,upwind,320,210,0.65625,-0.8314696123025452,0.9943109485556012,0.9992290362407229
sine_320,upwind,320,211,0.659375,-0.8422172337162867,0.9933526432749105,0.9982656101847159
sine_320,upwind,320,212,0.6625000000000001,-0.8526401643540924,0.9920113816409049,0.996917333733128
sine_320,upwind,320,213,0.665625,-0.8627343859777916,0.9902876807354768,0.9951847266721969
sine_320,upwind,320,214,0.6687500000000001,-0.872496007072797,0.9881822050781373,0.9930684569549263
sine_320,upwind,320,215,0.671875,-0.8819212643483549,0.9856957663698317,0.9905693404435773
sine_320,upwind,320,216,0.675,-0.8910065241883678,0.9828293231800139,0.9876883405951377
sine_320,upwind,320,217,0.6781250000000001,-0.8997482840522214,0.9795839805770988,0.9844265680898916
sine_320,upwind,320,218,0.68125,-0.9081431738250809,0.9759609897024377,0.9807852804032304
sine_320,upwind,320,219,0.6843750000000001,-0.916187957117136,0.9719617472879793,0.9767658813208724
sine_320,upwind,320,220,0.6875,-0.9238795325112868,0.9675877951178038,0.9723699203976767
sine_320,upwind,320,221,0.690625,-0.9312149347588037,0.9628408194337346,0.9675990923602598
sine_320,upwind,320,222,0.6937500000000001,-0.938191335922484,0.9577226502852606,0.9624552364536472
sine_320,upwind,320,223,0.696875,-0.9448060464668779,0.9522352608240173,0.9569403357322089
sine_320,upwind,320,224,0.7000000000000001,-0.9510565162951535,0.9463807665430998,0.9510565162951535
sine_320,upwind,320,225,0.703125,-0.9569403357322088,0.9401614244614982,0.944806046466878
sine_320,upwind,320,226,0.70625,-0.9624552364536473,0.9335796322539759,0.938191335922484
sine_320,upwind,320,227,0.7093750000000001,-0.9675990923602596,0.9266379273267189,0.9312149347588035
sine_320,upwind,320,228,0.7125,-0.9723699203976764,0.9193389858391179,0.9238795325112867
sine_320,upwind,320,229,0.7156250000000001,-0.9767658813208723,0.9116856216720585,0.9161879571171359
sine_320,upwind,320,230,0.71875,-0.9807852804032305,0.9036807853431152,0.9081431738250815
sine_320,upwind,320,231,0.721875,-0.9844265680898916,0.895327562869072,0.8997482840522214
sine_320,upwind,320,232,0.7250000000000001,-0.9876883405951377,0.8866291745762036,0.8910065241883677
sine_320,upwind,320,233,0.728125,-0.9905693404435773,0.877588973858778,0.881921264348355
sine_320,upwind,320,234,0.7312500000000001,-0.9930684569549263,0.8682104458862601,0.8724960070727971
sine_320,upwind,320,235,0.734375,-0.9951847266721969,0.8584972062597115,0.862734385977792
sine_320,upwind,320,236,0.7375,-0.996917333733128,0.8484529996179087,0.8526401643540923
sine_320,upwind,320,237,0.7406250000000001,-0.9982656101847158,0.8380816981937117,0.8422172337162863
sine_320,upwind,320,238,0.74375,-0.9992290362407229,0.8273873003212467,0.8314696123025455
sine_320,upwind,320,239,0.7468750000000001,-0.9998072404820648,0.8163739288944705,0.8204014435255135
sine_320,upwind,320,240,0.75,-1.0,0.8050458297777172,0.8090169943749475
sine_320,upwind,320,241,0.753125,-0.9998072404820648,0.7934073701688364,0.7973206537727071
sine_320,upwind,320,242,0.7562500000000001,-0.9992290362407229,0.7814630369155559,0.7853169308807448
sine_320,upwind,320,243,0.759375,-0.9982656101847159,0.7692174347857151,0.7730104533627371
sine_320,upwind,320,244,0.7625000000000001,-0.996917333733128,0.7566752846920413,0.7604059656000307
sine_320,upwind,320,245,0.765625,-0.9951847266721969,0.743841421872146,0.747508326862597
sine_320,upwind,320,246,0.76875,-0.9930684569549263,0.7307207940244499,0.7343225094356854
sine_320,upwind,320,247,0.7718750000000001,-0.9905693404435773,0.717318459400751,0.7208535967029186
sine_320,upwind,320,248,0.775,-0.9876883405951378,0.7036395848561724,0.7071067811865476
sine_320,upwind,320,249,0.7781250000000001,-0.9844265680898917,0.6896894438572396,0.6930873625456359
sine_320,upwind,320,250,0.78125,-0.9807852804032307,0.6754734144488614,0.678800745532942
sine_320,upwind,320,251,0.784375,-0.9767658813208724,0.6609969771809888,0.6642524379112815
sine_320,upwind,320,252,0.7875000000000001,-0.9723699203976766,0.6462657129957601,0.6494480483301834
sine_320,upwind,320,253,0.790625,-0.9675990923602596,0.6312853010759413,0.6343932841636455
sine_320,upwind,320,254,0.7937500000000001,-0.9624552364536474,0.6160615166554924,0.6190939493098339
sine_320,upwind,320,255,0.796875,-0.9569403357322089,0.6006002287931057,0.6035559419535715
sine_320,upwind,320,256,0.8,-0.9510565162951536,0.5849073981095714,0.5877852522924732
sine_320,upwind,320,257,0.8031250000000001,-0.944806046466878,0.5689890744898446,0.5717879602276119
sine_320,upwind,320,258,0.80625,-0.9381913359224842,0.5528513947506997,0.5555702330196022
sine_320,upwind,320,259,0.8093750000000001,-0.9312149347588038,0.5365005802748709,0.5391383229110001
sine_320,upwind,320,260,0.8125,-0.923879532511287,0.5199429346125908,0.5224985647159489
sine_320,upwind,320,261,0.815625,-0.9161879571171361,0.5031848410514512,0.5056573733779846
sine_320,upwind,320,262,0.8187500000000001,-0.9081431738250811,0.48623276015552497,0.48862124149695485
sine_320,upwind,320,263,0.821875,-0.8997482840522216,0.46909322727469493,0.47139673682599786
sine_320,upwind,320,264,0.8250000000000001,-0.891006524188368,0.4517728500251528,0.45399049973954647
sine_320,upwind,320,265,0.828125,-0.881921264348355,0.43427830574203663,0.43640924067334247
sine_320,upwind,320,266,0.83125,-0.8724960070727971,0.4166163389051915,0.41865973753742797
sine_320,upwind,320,267,0.8343750000000001,-0.8627343859777917,0.3987937585390438,0.40074883310314074
sine_320,upwind,320,268,0.8375,-0.8526401643540925,0.38081743558759285,0.3826834323650899
sine_320,upwind,320,269,0.8406250000000001,-0.8422172337162869,0.3626943002655316,0.36447049987914965
sine_320,upwind,320,270,0.84375,-0.8314696123025455,0.34443133938651627,0.3461170570774933
sine_320,upwind,320,271,0.846875,-0.8204014435255138,0.32603559366961715,0.3276301795616933
sine_320,upwind,320,272,0.8500000000000001,-0.8090169943749476,0.3075141550249871,0.3090169943749471
sine_320,upwind,320,273,0.853125,-0.7973206537727072,0.2888741638197954,0.2902846772544624
sine_320,upwind,320,274,0.8562500000000001,-0.785316930880745,0.2701228061254801,0.27144044986507415
sine_320,upwind,320,275,0.859375,-0.7730104533627369,0.2512673109473807,0.2524915770151582
sine_320,upwind,320,276,0.8625,-0.7604059656000308,0.23231494743781908,0.23344536385590553
sine_320,upwind,320,277,0.8656250000000001,-0.7475083268625972,0.21327302209370302,0.21430915306505033
sine_320,upwind,320,278,0.86875,-0.7343225094356858,0.19414887593973232,0.1950903220161286
sine_320,upwind,320,279,0.8718750000000001,-0.720853596702919,0.174949881698294,0.1757962799343543
sine_320,upwind,320,280,0.875,-0.7071067811865477,0.15568344094713774,0.15643446504023098
sine_320,upwind,320,281,0.878125,-0.693087362545636,0.13635698126592657,0.13701234168196805
sine_320,upwind,320,282,0.8812500000000001,-0.6788007455329423,0.1169779533727636,0.11753739745783755
sine_320,upwind,320,283,0.884375,-0.6642524379112816,0.0975538282517983,0.09801714032956083
sine_320,upwind,320,284,0.8875000000000001,-0.6494480483301834,0.07809209427301987,0.07845909572784462
sine_320,upwind,320,285,0.890625,-0.6343932841636453,0.05860025430534821,0.05887080365118949
sine_320,upwind,320,286,0.89375,-0.6190939493098343,0.039085822824135,0.039259815759068506
sine_320,upwind,320,287,0.8968750000000001,-0.6035559419535717,0.01955632301419044,0.019633692460628092
sine_320,upwind,320,288,0.9,-0.5877852522924734,1.9283869452281586e-05,1.2246467991473532e-16
sine_320,upwind,320,289,0.9031250000000001,-0.5717879602276124,-0.019517762709584642,-0.01963369246062829
sine_320,upwind,320,290,0.90625,-0.5555702330196022,-0.03904728481955942,-0.03925981575906826
sine_320,upwind,320,291,0.909375,-0.5391383229110008,-0.05856175345793722,-0.05887080365118924
sine_320,upwind,320,292,0.9125000000000001,-0.5224985647159495,-0.07805364542558303,-0.07845909572784526
sine_320,upwind,320,293,0.915625,-0.5056573733779851,-0.09751544622709823,-0.09801714032956059
sine_320,upwind,320,294,0.9187500000000001,-0.4886212414969546,-0.1169396529678015,-0.11753739745783774
sine_320,upwind,320,295,0.921875,-0.4713967368259979,-0.13631877724623764,-0.1370123416819678
sine_320,upwind,320,296,0.925,-0.45399049973954697,-0.15564534804109875,-0.15643446504023073
sine_320,upwind,320,297,0.9281250000000001,-0.4364092406733422,-0.17491191459144534,-0.17579627993435493
sine_320,upwind,320,298,0.93125,-0.4186597375374281,-0.19411104926911643,-0.19509032201612836
sine_320,upwind,320,299,0.9343750000000001,-0.40074883310314086,-0.2132353504422215,-0.21430915306505094
sine_320,upwind,320,300,0.9375,-0.3826834323650904,-0.2322774453286106,-0.23344536385590528
sine_320,upwind,320,301,0.940625,-0.3644704998791502,-0.2512299928382223,-0.25249157701515795
sine_320,upwind,320,302,0.9437500000000001,-0.3461170570774934,-0.27008568640321323,-0.2714404498650743
sine_320,upwind,320,303,0.946875,-0.3276301795616938,-0.2888372567947797,-0.2902846772544621
sine_320,upwind,320,304,0.9500000000000001,-0.3090169943749476,-0.3074774749255832,-0.30901699437494773
sine_320,upwind,320,305,0.953125,-0.2902846772544625,-0.32599915463670154,-0.32763017956169305
sine_320,upwind,320,306,0.95625,-0.27144044986507426,-0.34439515546802985,-0.3461170570774931
sine_320,upwind,320,307,0.9593750000000001,-0.25249157701515784,-0.3626583854110636,-0.36447049987914987
sine_320,upwind,320,308,0.9625,-0.2334453638559052,-0.3807818036430035,-0.38268343236508967
sine_320,upwind,320,309,0.9656250000000001,-0.2143091530650513,-0.398758423241126,-0.4007488331031409
sine_320,upwind,320,310,0.96875,-0.19509032201612872,-0.41658131387637537,-0.41865973753742775
sine_320,upwind,320,311,0.971875,-0.17579627993435484,-0.4342436044851375,-0.43640924067334225
sine_320,upwind,320,312,0.9750000000000001,-0.15643446504023112,-0.4517384859181656,-0.4539904997395471
sine_320,upwind,320,313,0.978125,-0.13701234168196816,-0.46905921356563723,-0.47139673682599764
sine_320,upwind,320,314,0.9812500000000001,-0.11753739745783855,-0.48619910995732896,-0.488621241496955
sine_320,upwind,320,315,0.984375,-0.0980171403295605,-0.503151567336909,-0.5056573733779843
sine_320,upwind,320,316,0.9875,-0.07845909572784475,-0.5199100502093527,-0.5224985647159487
sine_320,upwind,320,317,0.9906250000000001,-0.05887080365118872,-0.5364680978605002,-0.5391383229110006
sine_320,upwind,320,318,0.99375,-0.039259815759069075,-0.5528193268477857,-0.555570233019602
sine_320,upwind,320,319,0.9968750000000001,-0.019633692460628658,-0.5689574334611742,-0.5717879602276125
