r,dt,method,side,edge_left_index,edge_right_index,x_left,x_right,delta
5.0,3.125e-05,crank_nicolson,left,159,160,0.3975,0.4,-0.03667504192892018
5.0,3.125e-05,crank_nicolson,left,160,161,0.4,0.4025,-0.03667504192892013
5.0,3.125e-05,crank_nicolson,right,239,240,0.5975,0.6,0.03667504192892013
5.0,3.125e-05,crank_nicolson,right,240,241,0.6,0.6025,0.03667504192892018
10.0,6.25e-05,crank_nicolson,left,159,160,0.3975,0.4,-0.1417424305044161
10.0,6.25e-05,crank_nicolson,left,160,161,0.4,0.4025,-0.1417424305044162
10.0,6.25e-05,crank_nicolson,right,239,240,0.5975,0.6,0.14174243050441615
10.0,6.25e-05,crank_nicolson,right,240,241,0.6,0.6025,0.14174243050441615
20.0,0.000125,crank_nicolson,left,159,160,0.3975,0.4,-0.22984378813144796
20.0,0.000125,crank_nicolson,left,160,161,0.4,0.4025,-0.22984378813259188
20.0,0.000125,crank_nicolson,right,239,240,0.5975,0.6,0.22984378813259193
20.0,0.000125,crank_nicolson,right,240,241,0.6,0.6025,0.22984378813144796
40.0,0.00025,crank_nicolson,left,159,160,0.3975,0.4,-0.3000000035336942
40.0,0.00025,crank_nicolson,left,160,161,0.4,0.4025,-0.30000000441711766
40.0,0.00025,crank_nicolson,right,239,240,0.5975,0.6,0.3000000044171177
40.0,0.00025,crank_nicolson,right,240,241,0.6,0.6025,0.30000000353369416
80.0,0.0005,crank_nicolson,left,159,160,0.3975,0.4,-0.35389325601286986
80.0,0.0005,crank_nicolson,left,160,161,0.4,0.4025,-0.3538933373347395
80.0,0.0005,crank_nicolson,right,239,240,0.5975,0.6,0.3538933373347395
80.0,0.0005,crank_nicolson,right,240,241,0.6,0.6025,0.35389325601286986
