r,dt,N,h,r_flip,xi_max,cn_highest_mode_amplification,highest_mode_sign_flipped,method,l2_error_vs_semidiscrete,linf_error_vs_semidiscrete,total_variation,min_value,max_value,monotonicity_violation_count,linear_solves
0.25,1.5625e-06,400,0.0025,0.5000077107077108,0.9999845788223948,0.3333401872252784,0,semidiscrete_reference,0.0,0.0,2.000000000000024,-9.421426943406766e-17,1.0000000000000004,0,0
0.25,1.5625e-06,400,0.0025,0.5000077107077108,0.9999845788223948,0.3333401872252784,0,backward_euler,0.0013990533598408424,0.013485525556084385,2.0,0.0,1.0,0,1
0.25,1.5625e-06,400,0.0025,0.5000077107077108,0.9999845788223948,0.3333401872252784,0,crank_nicolson,0.0002113878764252932,0.0017485512506547618,2.0,0.0,1.0,0,1
0.25,1.5625e-06,400,0.0025,0.5000077107077108,0.9999845788223948,0.3333401872252784,0,rannacher_r1,0.0007844830348128941,0.00752025364685234,2.0,0.0,1.0,0,2
0.5,3.125e-06,400,0.0025,0.5000077107077108,1.9999691576447896,7.710648256249989e-06,0,semidiscrete_reference,0.0,0.0,2.0000000000000258,-1.1405812255229698e-16,1.0000000000000002,0,0
0.5,3.125e-06,400,0.0025,0.5000077107077108,1.9999691576447896,7.710648256249989e-06,0,backward_euler,0.002964304164362026,0.02919039231276449,2.0,0.0,1.0,0,1
0.5,3.125e-06,400,0.0025,0.5000077107077108,1.9999691576447896,7.710648256249989e-06,0,crank_nicolson,0.0009687945480510875,0.008407886725484537,2.0,0.0,1.0,0,1
0.5,3.125e-06,400,0.0025,0.5000077107077108,1.9999691576447896,7.710648256249989e-06,0,rannacher_r1,0.00170171877799821,0.01671837912159957,2.0,0.0,1.0,0,2
1.0,6.25e-06,400,0.0025,0.5000077107077108,3.999938315289579,-0.3333264794061561,1,semidiscrete_reference,0.0,0.0,2.000000000000017,-1.0581957935387018e-16,1.0000000000000004,0,0
1.0,6.25e-06,400,0.0025,0.5000077107077108,3.999938315289579,-0.3333264794061561,1,backward_euler,0.004908419381666049,0.04712818847364328,2.0000000000000004,0.0,1.0,0,1
1.0,6.25e-06,400,0.0025,0.5000077107077108,3.999938315289579,-0.3333264794061561,1,crank_nicolson,0.0032388886590983307,0.029837998332427063,2.0,0.0,1.0,0,1
1.0,6.25e-06,400,0.0025,0.5000077107077108,3.999938315289579,-0.3333264794061561,1,rannacher_r1,0.0028065573262263275,0.02678632869350875,2.0,0.0,1.0,0,2
2.0,1.25e-05,400,0.0025,0.5000077107077108,7.999876630579158,-0.5999950651622855,1,semidiscrete_reference,0.0,0.0,2.0000000000000204,-9.514352480827818e-17,1.0000000000000002,0,0
2.0,1.25e-05,400,0.0025,0.5000077107077108,7.999876630579158,-0.5999950651622855,1,backward_euler,0.00677363443513261,0.05712361963678919,1.999999999998181,0.0,0.9999999999990905,0,1
2.0,1.25e-05,400,0.0025,0.5000077107077108,7.999876630579158,-0.5999950651622855,1,crank_nicolson,0.007737045469741986,0.07484239161331607,2.0,0.0,1.0,0,1
2.0,1.25e-05,400,0.0025,0.5000077107077108,7.999876630579158,-0.5999950651622855,1,rannacher_r1,0.0038001499566316104,0.030730417386768183,1.9999999999999991,0.0,0.9999999999999997,0,2
5.0,3.125e-05,400,0.0025,0.5000077107077108,19.999691576447894,-0.8181792691911072,1,semidiscrete_reference,0.0,0.0,2.0000000000000178,-1.1997710247212672e-16,1.0000000000000004,0,0
5.0,3.125e-05,400,0.0025,0.5000077107077108,19.999691576447894,-0.8181792691911072,1,backward_euler,0.009148828331793854,0.057113576035703995,1.9999999606032695,0.0,0.9999999803016347,0,1
5.0,3.125e-05,400,0.0025,0.5000077107077108,19.999691576447894,-0.8181792691911072,1,crank_nicolson,0.016599067129378173,0.16122305120286268,2.2934003353696273,0.0,0.999999999969133,4,1
5.0,3.125e-05,400,0.0025,0.5000077107077108,19.999691576447894,-0.8181792691911072,1,rannacher_r1,0.005051166856464109,0.03217887146966239,1.9999999995968678,0.0,0.999999999798434,0,2
10.0,6.25e-05,400,0.0025,0.5000077107077108,39.99938315289579,-0.9047605059950933,1,semidiscrete_reference,0.0,0.0,2.0000000000000115,-7.411891515210354e-17,0.9999999999999996,0,0
10.0,6.25e-05,400,0.0025,0.5000077107077108,39.99938315289579,-0.9047605059950933,1,backward_euler,0.011100122213594991,0.06075279950932194,1.9999932356412011,0.0,0.9999966178206006,0,1
10.0,6.25e-05,400,0.0025,0.5000077107077108,39.99938315289579,-0.9047605059950933,1,crank_nicolson,0.02488922953256075,0.2303856975384737,3.1339393652418677,0.0,0.9999999606032693,4,1
10.0,6.25e-05,400,0.0025,0.5000077107077108,39.99938315289579,-0.9047605059950933,1,rannacher_r1,0.006099321396417359,0.032268808757855816,1.9999996167204095,0.0,0.9999998083602047,0,2
20.0,0.000125,400,0.0025,0.5000077107077108,79.99876630579158,-0.9512187782791376,1,semidiscrete_reference,0.0,0.0,1.9999999980861562,-5.094290361037895e-17,0.9999999990430744,0,0
20.0,0.000125,400,0.0025,0.5000077107077108,79.99876630579158,-0.9512187782791376,1,backward_euler,0.013323166788336513,0.06149106097341123,1.9997341544008376,0.0,0.9998670772004187,0,1
20.0,0.000125,400,0.0025,0.5000077107077108,79.99876630579158,-0.9512187782791376,1,crank_nicolson,0.0343597628327015,0.29272404261887097,3.8387367763385662,0.0,0.9999932356412032,4,1
20.0,0.000125,400,0.0025,0.5000077107077108,79.99876630579158,-0.9512187782791376,1,rannacher_r1,0.007305593647054477,0.03292056855690595,1.9999509790268082,0.0,0.9999754895134041,0,2
40.0,0.00025,400,0.0025,0.5000077107077108,159.99753261158315,-0.9753082659006252,1,semidiscrete_reference,0.0,0.0,1.9999811844121114,-2.4653848350075228e-17,0.9999905922060526,0,0
40.0,0.00025,400,0.0025,0.5000077107077108,159.99753261158315,-0.9753082659006252,1,backward_euler,0.01591819203098858,0.06147648350940843,1.9963928544350884,0.0,0.9981964272175442,0,1
40.0,0.00025,400,0.0025,0.5000077107077108,159.99753261158315,-0.9753082659006252,1,crank_nicolson,0.0450882034285035,0.34453326800577644,4.399468340604928,0.0,0.9997341544008401,4,1
40.0,0.00025,400,0.0025,0.5000077107077108,159.99753261158315,-0.9753082659006252,1,rannacher_r1,0.00871930071541091,0.03314449180850204,1.998552618404578,0.0,0.999276309202289,0,2
80.0,0.0005,400,0.0025,0.5000077107077108,319.9950652231663,-0.9875774493710713,1,semidiscrete_reference,0.0,0.0,1.9967895982853991,-1.365067002879659e-17,0.9983947991426978,0,0
80.0,0.0005,400,0.0025,0.5000077107077108,319.9950652231663,-0.9875774493710713,1,backward_euler,0.019009271808735424,0.061893825428581906,1.9771010176064658,0.0,0.9885505088032329,0,1
80.0,0.0005,400,0.0025,0.5000077107077108,319.9950652231663,-0.9875774493710713,1,crank_nicolson,0.0572905040208011,0.38541107747414327,4.823932082260617,0.0,0.9963928544350896,4,1
80.0,0.0005,400,0.0025,0.5000077107077108,319.9950652231663,-0.9875774493710713,1,rannacher_r1,0.01042131157546416,0.03316536870432768,1.985021538608989,0.0,0.9925107693044944,0,2
