mesh,source,element,left,right,a,b,h,kLL,kLR,kRL,kRR,bL,bR
nonuniform,one,1,0,1,0.0,0.25,0.25,4.0,-4.0,-4.0,4.0,0.125,0.125
nonuniform,one,2,1,2,0.25,0.5,0.25,4.0,-4.0,-4.0,4.0,0.125,0.125
nonuniform,one,3,2,3,0.5,1.0,0.5,2.0,-2.0,-2.0,2.0,0.25,0.25
nonuniform,x,1,0,1,0.0,0.25,0.25,4.0,-4.0,-4.0,4.0,0.010416666666666666,0.020833333333333332
nonuniform,x,2,1,2,0.25,0.5,0.25,4.0,-4.0,-4.0,4.0,0.041666666666666664,0.052083333333333336
nonuniform,x,3,2,3,0.5,1.0,0.5,2.0,-2.0,-2.0,2.0,0.16666666666666666,0.20833333333333334
single_third,one,1,0,1,0.0,0.3333333333333333,0.3333333333333333,3.0,-3.0,-3.0,3.0,0.16666666666666666,0.16666666666666666
single_third,one,2,1,2,0.3333333333333333,1.0,0.6666666666666667,1.4999999999999998,-1.4999999999999998,-1.4999999999999998,1.4999999999999998,0.33333333333333337,0.33333333333333337
single_third,x,1,0,1,0.0,0.3333333333333333,0.3333333333333333,3.0,-3.0,-3.0,3.0,0.018518518518518517,0.037037037037037035
single_third,x,2,1,2,0.3333333333333333,1.0,0.6666666666666667,1.4999999999999998,-1.4999999999999998,-1.4999999999999998,1.4999999999999998,0.1851851851851852,0.2592592592592593
locally_refined,one,1,0,1,0.0,0.125,0.125,8.0,-8.0,-8.0,8.0,0.0625,0.0625
locally_refined,one,2,1,2,0.125,0.25,0.125,8.0,-8.0,-8.0,8.0,0.0625,0.0625
locally_refined,one,3,2,3,0.25,0.5,0.25,4.0,-4.0,-4.0,4.0,0.125,0.125
locally_refined,one,4,3,4,0.5,1.0,0.5,2.0,-2.0,-2.0,2.0,0.25,0.25
locally_refined,x,1,0,1,0.0,0.125,0.125,8.0,-8.0,-8.0,8.0,0.0026041666666666665,0.005208333333333333
locally_refined,x,2,1,2,0.125,0.25,0.125,8.0,-8.0,-8.0,8.0,0.010416666666666666,0.013020833333333334
locally_refined,x,3,2,3,0.25,0.5,0.25,4.0,-4.0,-4.0,4.0,0.041666666666666664,0.052083333333333336
locally_refined,x,4,3,4,0.5,1.0,0.5,2.0,-2.0,-2.0,2.0,0.16666666666666666,0.20833333333333334
uniform_4,one,1,0,1,0.0,0.25,0.25,4.0,-4.0,-4.0,4.0,0.125,0.125
uniform_4,one,2,1,2,0.25,0.5,0.25,4.0,-4.0,-4.0,4.0,0.125,0.125
uniform_4,one,3,2,3,0.5,0.75,0.25,4.0,-4.0,-4.0,4.0,0.125,0.125
uniform_4,one,4,3,4,0.75,1.0,0.25,4.0,-4.0,-4.0,4.0,0.125,0.125
uniform_4,x,1,0,1,0.0,0.25,0.25,4.0,-4.0,-4.0,4.0,0.010416666666666666,0.020833333333333332
uniform_4,x,2,1,2,0.25,0.5,0.25,4.0,-4.0,-4.0,4.0,0.041666666666666664,0.052083333333333336
uniform_4,x,3,2,3,0.5,0.75,0.25,4.0,-4.0,-4.0,4.0,0.07291666666666667,0.08333333333333333
uniform_4,x,4,3,4,0.75,1.0,0.25,4.0,-4.0,-4.0,4.0,0.10416666666666667,0.11458333333333333
uniform_8,one,1,0,1,0.0,0.125,0.125,8.0,-8.0,-8.0,8.0,0.0625,0.0625
uniform_8,one,2,1,2,0.125,0.25,0.125,8.0,-8.0,-8.0,8.0,0.0625,0.0625
uniform_8,one,3,2,3,0.25,0.375,0.125,8.0,-8.0,-8.0,8.0,0.0625,0.0625
uniform_8,one,4,3,4,0.375,0.5,0.125,8.0,-8.0,-8.0,8.0,0.0625,0.0625
uniform_8,one,5,4,5,0.5,0.625,0.125,8.0,-8.0,-8.0,8.0,0.0625,0.0625
uniform_8,one,6,5,6,0.625,0.75,0.125,8.0,-8.0,-8.0,8.0,0.0625,0.0625
uniform_8,one,7,6,7,0.75,0.875,0.125,8.0,-8.0,-8.0,8.0,0.0625,0.0625
uniform_8,one,8,7,8,0.875,1.0,0.125,8.0,-8.0,-8.0,8.0,0.0625,0.0625
uniform_8,x,1,0,1,0.0,0.125,0.125,8.0,-8.0,-8.0,8.0,0.0026041666666666665,0.005208333333333333
uniform_8,x,2,1,2,0.125,0.25,0.125,8.0,-8.0,-8.0,8.0,0.010416666666666666,0.013020833333333334
uniform_8,x,3,2,3,0.25,0.375,0.125,8.0,-8.0,-8.0,8.0,0.018229166666666668,0.020833333333333332
uniform_8,x,4,3,4,0.375,0.5,0.125,8.0,-8.0,-8.0,8.0,0.026041666666666668,0.028645833333333332
uniform_8,x,5,4,5,0.5,0.625,0.125,8.0,-8.0,-8.0,8.0,0.033854166666666664,0.036458333333333336
uniform_8,x,6,5,6,0.625,0.75,0.125,8.0,-8.0,-8.0,8.0,0.041666666666666664,0.044270833333333336
uniform_8,x,7,6,7,0.75,0.875,0.125,8.0,-8.0,-8.0,8.0,0.049479166666666664,0.052083333333333336
uniform_8,x,8,7,8,0.875,1.0,0.125,8.0,-8.0,-8.0,8.0,0.057291666666666664,0.059895833333333336
uniform_16,one,1,0,1,0.0,0.0625,0.0625,16.0,-16.0,-16.0,16.0,0.03125,0.03125
uniform_16,one,2,1,2,0.0625,0.125,0.0625,16.0,-16.0,-16.0,16.0,0.03125,0.03125
uniform_16,one,3,2,3,0.125,0.1875,0.0625,16.0,-16.0,-16.0,16.0,0.03125,0.03125
uniform_16,one,4,3,4,0.1875,0.25,0.0625,16.0,-16.0,-16.0,16.0,0.03125,0.03125
uniform_16,one,5,4,5,0.25,0.3125,0.0625,16.0,-16.0,-16.0,16.0,0.03125,0.03125
uniform_16,one,6,5,6,0.3125,0.375,0.0625,16.0,-16.0,-16.0,16.0,0.03125,0.03125
uniform_16,one,7,6,7,0.375,0.4375,0.0625,16.0,-16.0,-16.0,16.0,0.03125,0.03125
uniform_16,one,8,7,8,0.4375,0.5,0.0625,16.0,-16.0,-16.0,16.0,0.03125,0.03125
uniform_16,one,9,8,9,0.5,0.5625,0.0625,16.0,-16.0,-16.0,16.0,0.03125,0.03125
uniform_16,one,10,9,10,0.5625,0.625,0.0625,16.0,-16.0,-16.0,16.0,0.03125,0.03125
uniform_16,one,11,10,11,0.625,0.6875,0.0625,16.0,-16.0,-16.0,16.0,0.03125,0.03125
uniform_16,one,12,11,12,0.6875,0.75,0.0625,16.0,-16.0,-16.0,16.0,0.03125,0.03125
uniform_16,one,13,12,13,0.75,0.8125,0.0625,16.0,-16.0,-16.0,16.0,0.03125,0.03125
uniform_16,one,14,13,14,0.8125,0.875,0.0625,16.0,-16.0,-16.0,16.0,0.03125,0.03125
uniform_16,one,15,14,15,0.875,0.9375,0.0625,16.0,-16.0,-16.0,16.0,0.03125,0.03125
uniform_16,one,16,15,16,0.9375,1.0,0.0625,16.0,-16.0,-16.0,16.0,0.03125,0.03125
uniform_16,x,1,0,1,0.0,0.0625,0.0625,16.0,-16.0,-16.0,16.0,0.0006510416666666666,0.0013020833333333333
uniform_16,x,2,1,2,0.0625,0.125,0.0625,16.0,-16.0,-16.0,16.0,0.0026041666666666665,0.0032552083333333335
uniform_16,x,3,2,3,0.125,0.1875,0.0625,16.0,-16.0,-16.0,16.0,0.004557291666666667,0.005208333333333333
uniform_16,x,4,3,4,0.1875,0.25,0.0625,16.0,-16.0,-16.0,16.0,0.006510416666666667,0.007161458333333333
uniform_16,x,5,4,5,0.25,0.3125,0.0625,16.0,-16.0,-16.0,16.0,0.008463541666666666,0.009114583333333334
uniform_16,x,6,5,6,0.3125,0.375,0.0625,16.0,-16.0,-16.0,16.0,0.010416666666666666,0.011067708333333334
uniform_16,x,7,6,7,0.375,0.4375,0.0625,16.0,-16.0,-16.0,16.0,0.012369791666666666,0.013020833333333334
uniform_16,x,8,7,8,0.4375,0.5,0.0625,16.0,-16.0,-16.0,16.0,0.014322916666666666,0.014973958333333334
uniform_16,x,9,8,9,0.5,0.5625,0.0625,16.0,-16.0,-16.0,16.0,0.016276041666666668,0.016927083333333332
uniform_16,x,10,9,10,0.5625,0.625,0.0625,16.0,-16.0,-16.0,16.0,0.018229166666666668,0.018880208333333332
uniform_16,x,11,10,11,0.625,0.6875,0.0625,16.0,-16.0,-16.0,16.0,0.020182291666666668,0.020833333333333332
uniform_16,x,12,11,12,0.6875,0.75,0.0625,16.0,-16.0,-16.0,16.0,0.022135416666666668,0.022786458333333332
uniform_16,x,13,12,13,0.75,0.8125,0.0625,16.0,-16.0,-16.0,16.0,0.024088541666666668,0.024739583333333332
uniform_16,x,14,13,14,0.8125,0.875,0.0625,16.0,-16.0,-16.0,16.0,0.026041666666666668,0.026692708333333332
uniform_16,x,15,14,15,0.875,0.9375,0.0625,16.0,-16.0,-16.0,16.0,0.027994791666666668,0.028645833333333332
uniform_16,x,16,15,16,0.9375,1.0,0.0625,16.0,-16.0,-16.0,16.0,0.029947916666666668,0.030598958333333332
