x,y,value
0.0,0.5,0.0
0.0025,0.5,0.0050000000000000044
0.005,0.5,0.010000000000000009
0.0075,0.5,0.015000000000000013
0.01,0.5,0.020000000000000018
0.0125,0.5,0.025000000000000022
0.015,0.5,0.030000000000000027
0.0175,0.5,0.03500000000000003
0.02,0.5,0.040000000000000036
0.0225,0.5,0.04500000000000004
0.025,0.5,0.050000000000000044
0.0275,0.5,0.05500000000000005
0.03,0.5,0.06000000000000005
0.0325,0.5,0.06499999999999995
0.035,0.5,0.07000000000000006
0.0375,0.5,0.07499999999999996
0.04,0.5,0.07999999999999996
0.0425,0.5,0.08499999999999996
0.045,0.5,0.08999999999999997
0.0475,0.5,0.09499999999999997
0.05,0.5,0.09999999999999998
0.0525,0.5,0.10499999999999998
0.055,0.5,0.10999999999999999
0.0575,0.5,0.11499999999999999
0.06,0.5,0.12
0.0625,0.5,0.125
0.065,0.5,0.13
0.0675,0.5,0.135
0.07,0.5,0.14
0.0725,0.5,0.14500000000000002
0.075,0.5,0.15000000000000002
0.0775,0.5,0.15500000000000003
0.08,0.5,0.16000000000000003
0.0825,0.5,0.16500000000000004
0.085,0.5,0.17000000000000004
0.0875,0.5,0.17500000000000004
0.09,0.5,0.17999999999999994
0.0925,0.5,0.18500000000000005
0.095,0.5,0.18999999999999995
0.0975,0.5,0.19500000000000006
0.1,0.5,0.19999999999999996
0.1025,0.5,0.20499999999999996
0.105,0.5,0.20999999999999996
0.1075,0.5,0.21499999999999997
0.11,0.5,0.21999999999999997
0.1125,0.5,0.22499999999999998
0.115,0.5,0.22999999999999998
0.1175,0.5,0.235
0.12,0.5,0.24
0.1225,0.5,0.245
0.125,0.5,0.25
0.1275,0.5,0.255
0.13,0.5,0.26
0.1325,0.5,0.265
0.135,0.5,0.27
0.1375,0.5,0.275
0.14,0.5,0.28
0.1425,0.5,0.2849999999999999
0.145,0.5,0.29000000000000004
0.1475,0.5,0.29499999999999993
0.15,0.5,0.30000000000000004
0.1525,0.5,0.30499999999999994
0.155,0.5,0.31000000000000005
0.1575,0.5,0.31499999999999995
0.16,0.5,0.32000000000000006
0.1625,0.5,0.32499999999999996
0.165,0.5,0.33000000000000007
0.1675,0.5,0.33499999999999996
0.17,0.5,0.3400000000000001
0.1725,0.5,0.345
0.175,0.5,0.35
0.1775,0.5,0.355
0.18,0.5,0.36
0.1825,0.5,0.365
0.185,0.5,0.37
0.1875,0.5,0.375
0.19,0.5,0.38
0.1925,0.5,0.385
0.195,0.5,0.39
0.1975,0.5,0.395
0.2,0.5,0.4
0.2025,0.5,0.405
0.205,0.5,0.4099999999999999
0.2075,0.5,0.41500000000000004
0.21,0.5,0.41999999999999993
0.2125,0.5,0.42500000000000004
0.215,0.5,0.42999999999999994
0.2175,0.5,0.43500000000000005
0.22,0.5,0.43999999999999995
0.2225,0.5,0.44500000000000006
0.225,0.5,0.44999999999999996
0.2275,0.5,0.45500000000000007
0.23,0.5,0.45999999999999996
0.2325,0.5,0.4650000000000001
0.235,0.5,0.47
0.2375,0.5,0.475
0.24,0.5,0.48
0.2425,0.5,0.485
0.245,0.5,0.49
0.2475,0.5,0.495
0.25,0.5,0.5
0.2525,0.5,0.505
0.255,0.5,0.51
0.2575,0.5,0.515
0.26,0.5,0.52
0.2625,0.5,0.525
0.265,0.5,0.53
0.2675,0.5,0.535
0.27,0.5,0.54
0.2725,0.5,0.545
0.275,0.5,0.55
0.2775,0.5,0.555
0.28,0.5,0.56
0.2825,0.5,0.565
0.285,0.5,0.57
0.2875,0.5,0.575
0.29,0.5,0.58
0.2925,0.5,0.585
0.295,0.5,0.59
0.2975,0.5,0.595
0.3,0.5,0.6
0.3025,0.5,0.605
0.305,0.5,0.61
0.3075,0.5,0.615
0.31,0.5,0.62
0.3125,0.5,0.625
0.315,0.5,0.63
0.3175,0.5,0.635
0.32,0.5,0.64
0.3225,0.5,0.645
0.325,0.5,0.65
0.3275,0.5,0.655
0.33,0.5,0.66
0.3325,0.5,0.665
0.335,0.5,0.67
0.3375,0.5,0.675
0.34,0.5,0.68
0.3425,0.5,0.685
0.345,0.5,0.69
0.3475,0.5,0.695
0.35,0.5,0.7
0.3525,0.5,0.705
0.355,0.5,0.71
0.3575,0.5,0.715
0.36,0.5,0.72
0.3625,0.5,0.725
0.365,0.5,0.73
0.3675,0.5,0.735
0.37,0.5,0.74
0.3725,0.5,0.745
0.375,0.5,0.75
0.3775,0.5,0.755
0.38,0.5,0.76
0.3825,0.5,0.765
0.385,0.5,0.77
0.3875,0.5,0.775
0.39,0.5,0.78
0.3925,0.5,0.785
0.395,0.5,0.79
0.3975,0.5,0.795
0.4,0.5,0.8
0.4025,0.5,0.805
0.405,0.5,0.81
0.4075,0.5,0.815
0.41,0.5,0.82
0.4125,0.5,0.825
0.415,0.5,0.83
0.4175,0.5,0.835
0.42,0.5,0.84
0.4225,0.5,0.845
0.425,0.5,0.85
0.4275,0.5,0.855
0.43,0.5,0.86
0.4325,0.5,0.865
0.435,0.5,0.87
0.4375,0.5,0.875
0.44,0.5,0.88
0.4425,0.5,0.885
0.445,0.5,0.89
0.4475,0.5,0.895
0.45,0.5,0.9
0.4525,0.5,0.905
0.455,0.5,0.91
0.4575,0.5,0.915
0.46,0.5,0.92
0.4625,0.5,0.925
0.465,0.5,0.93
0.4675,0.5,0.935
0.47,0.5,0.94
0.4725,0.5,0.945
0.475,0.5,0.95
0.4775,0.5,0.955
0.48,0.5,0.96
0.4825,0.5,0.965
0.485,0.5,0.97
0.4875,0.5,0.975
0.49,0.5,0.98
0.4925,0.5,0.985
0.495,0.5,0.99
0.4975,0.5,0.995
0.5,0.5,1.0
0.5025,0.5,0.9950000000000001
0.505,0.5,0.99
0.5075,0.5,0.9850000000000001
0.51,0.5,0.98
0.5125,0.5,0.9750000000000001
0.515,0.5,0.97
0.5175,0.5,0.9650000000000001
0.52,0.5,0.96
0.5225,0.5,0.9550000000000001
0.525,0.5,0.95
0.5275,0.5,0.9450000000000001
0.53,0.5,0.94
0.5325,0.5,0.935
0.535,0.5,0.9299999999999999
0.5375,0.5,0.925
0.54,0.5,0.9199999999999999
0.5425,0.5,0.915
0.545,0.5,0.9099999999999999
0.5475,0.5,0.905
0.55,0.5,0.8999999999999999
0.5525,0.5,0.895
0.555,0.5,0.8899999999999999
0.5575,0.5,0.885
0.56,0.5,0.8799999999999999
0.5625,0.5,0.875
0.565,0.5,0.8700000000000001
0.5675,0.5,0.865
0.57,0.5,0.8600000000000001
0.5725,0.5,0.855
0.575,0.5,0.8500000000000001
0.5775,0.5,0.845
0.58,0.5,0.8400000000000001
0.5825,0.5,0.835
0.585,0.5,0.8300000000000001
0.5875,0.5,0.825
0.59,0.5,0.8200000000000001
0.5925,0.5,0.815
0.595,0.5,0.81
0.5975,0.5,0.8049999999999999
0.6,0.5,0.8
0.6025,0.5,0.7949999999999999
0.605,0.5,0.79
0.6075,0.5,0.7849999999999999
0.61,0.5,0.78
0.6125,0.5,0.7749999999999999
0.615,0.5,0.77
0.6175,0.5,0.7649999999999999
0.62,0.5,0.76
0.6225,0.5,0.7549999999999999
0.625,0.5,0.75
0.6275,0.5,0.7450000000000001
0.63,0.5,0.74
0.6325,0.5,0.7350000000000001
0.635,0.5,0.73
0.6375,0.5,0.7250000000000001
0.64,0.5,0.72
0.6425,0.5,0.7150000000000001
0.645,0.5,0.71
0.6475,0.5,0.7050000000000001
0.65,0.5,0.7
0.6525,0.5,0.6950000000000001
0.655,0.5,0.69
0.6575,0.5,0.685
0.66,0.5,0.6799999999999999
0.6625,0.5,0.675
0.665,0.5,0.6699999999999999
0.6675,0.5,0.665
0.67,0.5,0.6599999999999999
0.6725,0.5,0.655
0.675,0.5,0.6499999999999999
0.6775,0.5,0.645
0.68,0.5,0.6399999999999999
0.6825,0.5,0.635
0.685,0.5,0.6299999999999999
0.6875,0.5,0.625
0.69,0.5,0.6200000000000001
0.6925,0.5,0.615
0.695,0.5,0.6100000000000001
0.6975,0.5,0.605
0.7,0.5,0.6000000000000001
0.7025,0.5,0.595
0.705,0.5,0.5900000000000001
0.7075,0.5,0.585
0.71,0.5,0.5800000000000001
0.7125,0.5,0.575
0.715,0.5,0.5700000000000001
0.7175,0.5,0.565
0.72,0.5,0.56
0.7225,0.5,0.5549999999999999
0.725,0.5,0.55
0.7275,0.5,0.5449999999999999
0.73,0.5,0.54
0.7325,0.5,0.5349999999999999
0.735,0.5,0.53
0.7375,0.5,0.5249999999999999
0.74,0.5,0.52
0.7425,0.5,0.5149999999999999
0.745,0.5,0.51
0.7475,0.5,0.5049999999999999
0.75,0.5,0.5
0.7525,0.5,0.4950000000000001
0.755,0.5,0.49
0.7575,0.5,0.4850000000000001
0.76,0.5,0.48
0.7625,0.5,0.4750000000000001
0.765,0.5,0.47
0.7675,0.5,0.4650000000000001
0.77,0.5,0.45999999999999996
0.7725,0.5,0.45500000000000007
0.775,0.5,0.44999999999999996
0.7775,0.5,0.44500000000000006
0.78,0.5,0.43999999999999995
0.7825,0.5,0.43500000000000005
0.785,0.5,0.42999999999999994
0.7875,0.5,0.42500000000000004
0.79,0.5,0.41999999999999993
0.7925,0.5,0.41500000000000004
0.795,0.5,0.4099999999999999
0.7975,0.5,0.405
0.8,0.5,0.3999999999999999
0.8025,0.5,0.395
0.805,0.5,0.3899999999999999
0.8075,0.5,0.385
0.81,0.5,0.3799999999999999
0.8125,0.5,0.375
0.815,0.5,0.3700000000000001
0.8175,0.5,0.365
0.82,0.5,0.3600000000000001
0.8225,0.5,0.355
0.825,0.5,0.3500000000000001
0.8275,0.5,0.345
0.83,0.5,0.3400000000000001
0.8325,0.5,0.33499999999999996
0.835,0.5,0.33000000000000007
0.8375,0.5,0.32499999999999996
0.84,0.5,0.32000000000000006
0.8425,0.5,0.31499999999999995
0.845,0.5,0.31000000000000005
0.8475,0.5,0.30499999999999994
0.85,0.5,0.30000000000000004
0.8525,0.5,0.29499999999999993
0.855,0.5,0.29000000000000004
0.8575,0.5,0.2849999999999999
0.86,0.5,0.28
0.8625,0.5,0.2749999999999999
0.865,0.5,0.27
0.8675,0.5,0.2649999999999999
0.87,0.5,0.26
0.8725,0.5,0.2549999999999999
0.875,0.5,0.25
0.8775,0.5,0.2450000000000001
0.88,0.5,0.24
0.8825,0.5,0.2350000000000001
0.885,0.5,0.22999999999999998
0.8875,0.5,0.2250000000000001
0.89,0.5,0.21999999999999997
0.8925,0.5,0.21500000000000008
0.895,0.5,0.20999999999999996
0.8975,0.5,0.20500000000000007
0.9,0.5,0.19999999999999996
0.9025,0.5,0.19500000000000006
0.905,0.5,0.18999999999999995
0.9075,0.5,0.18500000000000005
0.91,0.5,0.17999999999999994
0.9125,0.5,0.17500000000000004
0.915,0.5,0.16999999999999993
0.9175,0.5,0.16500000000000004
0.92,0.5,0.15999999999999992
0.9225,0.5,0.15500000000000003
0.925,0.5,0.1499999999999999
0.9275,0.5,0.14500000000000002
0.93,0.5,0.1399999999999999
0.9325,0.5,0.135
0.935,0.5,0.1299999999999999
0.9375,0.5,0.125
0.94,0.5,0.1200000000000001
0.9425,0.5,0.11499999999999999
0.945,0.5,0.1100000000000001
0.9475,0.5,0.10499999999999998
0.95,0.5,0.10000000000000009
0.9525,0.5,0.09499999999999997
0.955,0.5,0.09000000000000008
0.9575,0.5,0.08499999999999996
0.96,0.5,0.08000000000000007
0.9625,0.5,0.07499999999999996
0.965,0.5,0.07000000000000006
0.9675,0.5,0.06499999999999995
0.97,0.5,0.06000000000000005
0.9725,0.5,0.05499999999999994
0.975,0.5,0.050000000000000044
0.9775,0.5,0.04499999999999993
0.98,0.5,0.040000000000000036
0.9825,0.5,0.03499999999999992
0.985,0.5,0.030000000000000027
0.9875,0.5,0.02499999999999991
0.99,0.5,0.020000000000000018
0.9925,0.5,0.014999999999999902
0.995,0.5,0.010000000000000009
0.9975,0.5,0.004999999999999893
1.0,0.5,0.0
