mesh,case,a,b,side,length,type,q,increment
fan,constant_zero,0,1,bottom,1.0,D,0.0,0.0
fan,constant_zero,0,3,left,1.0,D,0.0,0.0
fan,constant_zero,1,2,right,1.0,D,0.0,0.0
fan,constant_zero,2,3,top,1.0,D,0.0,0.0
fan,constant_lift,0,1,bottom,1.0,D,0.0,0.0
fan,constant_lift,0,3,left,1.0,D,0.0,0.0
fan,constant_lift,1,2,right,1.0,D,0.0,0.0
fan,constant_lift,2,3,top,1.0,D,0.0,0.0
fan,affine_patch,0,1,bottom,1.0,D,0.0,0.0
fan,affine_patch,0,3,left,1.0,D,0.0,0.0
fan,affine_patch,1,2,right,1.0,D,0.0,0.0
fan,affine_patch,2,3,top,1.0,D,0.0,0.0
fan,linear_source,0,1,bottom,1.0,D,0.0,0.0
fan,linear_source,0,3,left,1.0,D,0.0,0.0
fan,linear_source,1,2,right,1.0,D,0.0,0.0
fan,linear_source,2,3,top,1.0,D,0.0,0.0
fan,quartic,0,1,bottom,1.0,D,0.0,0.0
fan,quartic,0,3,left,1.0,D,0.0,0.0
fan,quartic,1,2,right,1.0,D,0.0,0.0
fan,quartic,2,3,top,1.0,D,0.0,0.0
fan,mixed_affine,0,1,bottom,1.0,N,-2.0,-1.0
fan,mixed_affine,0,3,left,1.0,D,0.0,0.0
fan,mixed_affine,1,2,right,1.0,N,1.0,0.5
fan,mixed_affine,2,3,top,1.0,N,2.0,1.0
shifted,constant_zero,0,1,bottom,1.0,D,0.0,0.0
shifted,constant_zero,0,3,left,1.0,D,0.0,0.0
shifted,constant_zero,1,2,right,1.0,D,0.0,0.0
shifted,constant_zero,2,3,top,1.0,D,0.0,0.0
shifted,constant_lift,0,1,bottom,1.0,D,0.0,0.0
shifted,constant_lift,0,3,left,1.0,D,0.0,0.0
shifted,constant_lift,1,2,right,1.0,D,0.0,0.0
shifted,constant_lift,2,3,top,1.0,D,0.0,0.0
shifted,affine_patch,0,1,bottom,1.0,D,0.0,0.0
shifted,affine_patch,0,3,left,1.0,D,0.0,0.0
shifted,affine_patch,1,2,right,1.0,D,0.0,0.0
shifted,affine_patch,2,3,top,1.0,D,0.0,0.0
shifted,linear_source,0,1,bottom,1.0,D,0.0,0.0
shifted,linear_source,0,3,left,1.0,D,0.0,0.0
shifted,linear_source,1,2,right,1.0,D,0.0,0.0
shifted,linear_source,2,3,top,1.0,D,0.0,0.0
shifted,quartic,0,1,bottom,1.0,D,0.0,0.0
shifted,quartic,0,3,left,1.0,D,0.0,0.0
shifted,quartic,1,2,right,1.0,D,0.0,0.0
shifted,quartic,2,3,top,1.0,D,0.0,0.0
shifted,mixed_affine,0,1,bottom,1.0,N,-2.0,-1.0
shifted,mixed_affine,0,3,left,1.0,D,0.0,0.0
shifted,mixed_affine,1,2,right,1.0,N,1.0,0.5
shifted,mixed_affine,2,3,top,1.0,N,2.0,1.0
grid2,constant_zero,0,1,bottom,0.5,D,0.0,0.0
grid2,constant_zero,0,3,left,0.5,D,0.0,0.0
grid2,constant_zero,1,2,bottom,0.5,D,0.0,0.0
grid2,constant_zero,2,5,right,0.5,D,0.0,0.0
grid2,constant_zero,3,6,left,0.5,D,0.0,0.0
grid2,constant_zero,5,8,right,0.5,D,0.0,0.0
grid2,constant_zero,6,7,top,0.5,D,0.0,0.0
grid2,constant_zero,7,8,top,0.5,D,0.0,0.0
grid2,constant_lift,0,1,bottom,0.5,D,0.0,0.0
grid2,constant_lift,0,3,left,0.5,D,0.0,0.0
grid2,constant_lift,1,2,bottom,0.5,D,0.0,0.0
grid2,constant_lift,2,5,right,0.5,D,0.0,0.0
grid2,constant_lift,3,6,left,0.5,D,0.0,0.0
grid2,constant_lift,5,8,right,0.5,D,0.0,0.0
grid2,constant_lift,6,7,top,0.5,D,0.0,0.0
grid2,constant_lift,7,8,top,0.5,D,0.0,0.0
grid2,affine_patch,0,1,bottom,0.5,D,0.0,0.0
grid2,affine_patch,0,3,left,0.5,D,0.0,0.0
grid2,affine_patch,1,2,bottom,0.5,D,0.0,0.0
grid2,affine_patch,2,5,right,0.5,D,0.0,0.0
grid2,affine_patch,3,6,left,0.5,D,0.0,0.0
grid2,affine_patch,5,8,right,0.5,D,0.0,0.0
grid2,affine_patch,6,7,top,0.5,D,0.0,0.0
grid2,affine_patch,7,8,top,0.5,D,0.0,0.0
grid2,linear_source,0,1,bottom,0.5,D,0.0,0.0
grid2,linear_source,0,3,left,0.5,D,0.0,0.0
grid2,linear_source,1,2,bottom,0.5,D,0.0,0.0
grid2,linear_source,2,5,right,0.5,D,0.0,0.0
grid2,linear_source,3,6,left,0.5,D,0.0,0.0
grid2,linear_source,5,8,right,0.5,D,0.0,0.0
grid2,linear_source,6,7,top,0.5,D,0.0,0.0
grid2,linear_source,7,8,top,0.5,D,0.0,0.0
grid2,quartic,0,1,bottom,0.5,D,0.0,0.0
grid2,quartic,0,3,left,0.5,D,0.0,0.0
grid2,quartic,1,2,bottom,0.5,D,0.0,0.0
grid2,quartic,2,5,right,0.5,D,0.0,0.0
grid2,quartic,3,6,left,0.5,D,0.0,0.0
grid2,quartic,5,8,right,0.5,D,0.0,0.0
grid2,quartic,6,7,top,0.5,D,0.0,0.0
grid2,quartic,7,8,top,0.5,D,0.0,0.0
grid2,mixed_affine,0,1,bottom,0.5,N,-2.0,-0.5
grid2,mixed_affine,0,3,left,0.5,D,0.0,0.0
grid2,mixed_affine,1,2,bottom,0.5,N,-2.0,-0.5
grid2,mixed_affine,2,5,right,0.5,N,1.0,0.25
grid2,mixed_affine,3,6,left,0.5,D,0.0,0.0
grid2,mixed_affine,5,8,right,0.5,N,1.0,0.25
grid2,mixed_affine,6,7,top,0.5,N,2.0,0.5
grid2,mixed_affine,7,8,top,0.5,N,2.0,0.5
grid4,constant_zero,0,1,bottom,0.25,D,0.0,0.0
grid4,constant_zero,0,5,left,0.25,D,0.0,0.0
grid4,constant_zero,1,2,bottom,0.25,D,0.0,0.0
grid4,constant_zero,2,3,bottom,0.25,D,0.0,0.0
grid4,constant_zero,3,4,bottom,0.25,D,0.0,0.0
grid4,constant_zero,4,9,right,0.25,D,0.0,0.0
grid4,constant_zero,5,10,left,0.25,D,0.0,0.0
grid4,constant_zero,9,14,right,0.25,D,0.0,0.0
grid4,constant_zero,10,15,left,0.25,D,0.0,0.0
grid4,constant_zero,14,19,right,0.25,D,0.0,0.0
grid4,constant_zero,15,20,left,0.25,D,0.0,0.0
grid4,constant_zero,19,24,right,0.25,D,0.0,0.0
grid4,constant_zero,20,21,top,0.25,D,0.0,0.0
grid4,constant_zero,21,22,top,0.25,D,0.0,0.0
grid4,constant_zero,22,23,top,0.25,D,0.0,0.0
grid4,constant_zero,23,24,top,0.25,D,0.0,0.0
grid4,constant_lift,0,1,bottom,0.25,D,0.0,0.0
grid4,constant_lift,0,5,left,0.25,D,0.0,0.0
grid4,constant_lift,1,2,bottom,0.25,D,0.0,0.0
grid4,constant_lift,2,3,bottom,0.25,D,0.0,0.0
grid4,constant_lift,3,4,bottom,0.25,D,0.0,0.0
grid4,constant_lift,4,9,right,0.25,D,0.0,0.0
grid4,constant_lift,5,10,left,0.25,D,0.0,0.0
grid4,constant_lift,9,14,right,0.25,D,0.0,0.0
grid4,constant_lift,10,15,left,0.25,D,0.0,0.0
grid4,constant_lift,14,19,right,0.25,D,0.0,0.0
grid4,constant_lift,15,20,left,0.25,D,0.0,0.0
grid4,constant_lift,19,24,right,0.25,D,0.0,0.0
grid4,constant_lift,20,21,top,0.25,D,0.0,0.0
grid4,constant_lift,21,22,top,0.25,D,0.0,0.0
grid4,constant_lift,22,23,top,0.25,D,0.0,0.0
grid4,constant_lift,23,24,top,0.25,D,0.0,0.0
grid4,affine_patch,0,1,bottom,0.25,D,0.0,0.0
grid4,affine_patch,0,5,left,0.25,D,0.0,0.0
grid4,affine_patch,1,2,bottom,0.25,D,0.0,0.0
grid4,affine_patch,2,3,bottom,0.25,D,0.0,0.0
grid4,affine_patch,3,4,bottom,0.25,D,0.0,0.0
grid4,affine_patch,4,9,right,0.25,D,0.0,0.0
grid4,affine_patch,5,10,left,0.25,D,0.0,0.0
grid4,affine_patch,9,14,right,0.25,D,0.0,0.0
grid4,affine_patch,10,15,left,0.25,D,0.0,0.0
grid4,affine_patch,14,19,right,0.25,D,0.0,0.0
grid4,affine_patch,15,20,left,0.25,D,0.0,0.0
grid4,affine_patch,19,24,right,0.25,D,0.0,0.0
grid4,affine_patch,20,21,top,0.25,D,0.0,0.0
grid4,affine_patch,21,22,top,0.25,D,0.0,0.0
grid4,affine_patch,22,23,top,0.25,D,0.0,0.0
grid4,affine_patch,23,24,top,0.25,D,0.0,0.0
grid4,linear_source,0,1,bottom,0.25,D,0.0,0.0
grid4,linear_source,0,5,left,0.25,D,0.0,0.0
grid4,linear_source,1,2,bottom,0.25,D,0.0,0.0
grid4,linear_source,2,3,bottom,0.25,D,0.0,0.0
grid4,linear_source,3,4,bottom,0.25,D,0.0,0.0
grid4,linear_source,4,9,right,0.25,D,0.0,0.0
grid4,linear_source,5,10,left,0.25,D,0.0,0.0
grid4,linear_source,9,14,right,0.25,D,0.0,0.0
grid4,linear_source,10,15,left,0.25,D,0.0,0.0
grid4,linear_source,14,19,right,0.25,D,0.0,0.0
grid4,linear_source,15,20,left,0.25,D,0.0,0.0
grid4,linear_source,19,24,right,0.25,D,0.0,0.0
grid4,linear_source,20,21,top,0.25,D,0.0,0.0
grid4,linear_source,21,22,top,0.25,D,0.0,0.0
grid4,linear_source,22,23,top,0.25,D,0.0,0.0
grid4,linear_source,23,24,top,0.25,D,0.0,0.0
grid4,quartic,0,1,bottom,0.25,D,0.0,0.0
grid4,quartic,0,5,left,0.25,D,0.0,0.0
grid4,quartic,1,2,bottom,0.25,D,0.0,0.0
grid4,quartic,2,3,bottom,0.25,D,0.0,0.0
grid4,quartic,3,4,bottom,0.25,D,0.0,0.0
grid4,quartic,4,9,right,0.25,D,0.0,0.0
grid4,quartic,5,10,left,0.25,D,0.0,0.0
grid4,quartic,9,14,right,0.25,D,0.0,0.0
grid4,quartic,10,15,left,0.25,D,0.0,0.0
grid4,quartic,14,19,right,0.25,D,0.0,0.0
grid4,quartic,15,20,left,0.25,D,0.0,0.0
grid4,quartic,19,24,right,0.25,D,0.0,0.0
grid4,quartic,20,21,top,0.25,D,0.0,0.0
grid4,quartic,21,22,top,0.25,D,0.0,0.0
grid4,quartic,22,23,top,0.25,D,0.0,0.0
grid4,quartic,23,24,top,0.25,D,0.0,0.0
grid4,mixed_affine,0,1,bottom,0.25,N,-2.0,-0.25
grid4,mixed_affine,0,5,left,0.25,D,0.0,0.0
grid4,mixed_affine,1,2,bottom,0.25,N,-2.0,-0.25
grid4,mixed_affine,2,3,bottom,0.25,N,-2.0,-0.25
grid4,mixed_affine,3,4,bottom,0.25,N,-2.0,-0.25
grid4,mixed_affine,4,9,right,0.25,N,1.0,0.125
grid4,mixed_affine,5,10,left,0.25,D,0.0,0.0
grid4,mixed_affine,9,14,right,0.25,N,1.0,0.125
grid4,mixed_affine,10,15,left,0.25,D,0.0,0.0
grid4,mixed_affine,14,19,right,0.25,N,1.0,0.125
grid4,mixed_affine,15,20,left,0.25,D,0.0,0.0
grid4,mixed_affine,19,24,right,0.25,N,1.0,0.125
grid4,mixed_affine,20,21,top,0.25,N,2.0,0.25
grid4,mixed_affine,21,22,top,0.25,N,2.0,0.25
grid4,mixed_affine,22,23,top,0.25,N,2.0,0.25
grid4,mixed_affine,23,24,top,0.25,N,2.0,0.25
grid8,constant_zero,0,1,bottom,0.125,D,0.0,0.0
grid8,constant_zero,0,9,left,0.125,D,0.0,0.0
grid8,constant_zero,1,2,bottom,0.125,D,0.0,0.0
grid8,constant_zero,2,3,bottom,0.125,D,0.0,0.0
grid8,constant_zero,3,4,bottom,0.125,D,0.0,0.0
grid8,constant_zero,4,5,bottom,0.125,D,0.0,0.0
grid8,constant_zero,5,6,bottom,0.125,D,0.0,0.0
grid8,constant_zero,6,7,bottom,0.125,D,0.0,0.0
grid8,constant_zero,7,8,bottom,0.125,D,0.0,0.0
grid8,constant_zero,8,17,right,0.125,D,0.0,0.0
grid8,constant_zero,9,18,left,0.125,D,0.0,0.0
grid8,constant_zero,17,26,right,0.125,D,0.0,0.0
grid8,constant_zero,18,27,left,0.125,D,0.0,0.0
grid8,constant_zero,26,35,right,0.125,D,0.0,0.0
grid8,constant_zero,27,36,left,0.125,D,0.0,0.0
grid8,constant_zero,35,44,right,0.125,D,0.0,0.0
grid8,constant_zero,36,45,left,0.125,D,0.0,0.0
grid8,constant_zero,44,53,right,0.125,D,0.0,0.0
grid8,constant_zero,45,54,left,0.125,D,0.0,0.0
grid8,constant_zero,53,62,right,0.125,D,0.0,0.0
grid8,constant_zero,54,63,left,0.125,D,0.0,0.0
grid8,constant_zero,62,71,right,0.125,D,0.0,0.0
grid8,constant_zero,63,72,left,0.125,D,0.0,0.0
grid8,constant_zero,71,80,right,0.125,D,0.0,0.0
grid8,constant_zero,72,73,top,0.125,D,0.0,0.0
grid8,constant_zero,73,74,top,0.125,D,0.0,0.0
grid8,constant_zero,74,75,top,0.125,D,0.0,0.0
grid8,constant_zero,75,76,top,0.125,D,0.0,0.0
grid8,constant_zero,76,77,top,0.125,D,0.0,0.0
grid8,constant_zero,77,78,top,0.125,D,0.0,0.0
grid8,constant_zero,78,79,top,0.125,D,0.0,0.0
grid8,constant_zero,79,80,top,0.125,D,0.0,0.0
grid8,constant_lift,0,1,bottom,0.125,D,0.0,0.0
grid8,constant_lift,0,9,left,0.125,D,0.0,0.0
grid8,constant_lift,1,2,bottom,0.125,D,0.0,0.0
grid8,constant_lift,2,3,bottom,0.125,D,0.0,0.0
grid8,constant_lift,3,4,bottom,0.125,D,0.0,0.0
grid8,constant_lift,4,5,bottom,0.125,D,0.0,0.0
grid8,constant_lift,5,6,bottom,0.125,D,0.0,0.0
grid8,constant_lift,6,7,bottom,0.125,D,0.0,0.0
grid8,constant_lift,7,8,bottom,0.125,D,0.0,0.0
grid8,constant_lift,8,17,right,0.125,D,0.0,0.0
grid8,constant_lift,9,18,left,0.125,D,0.0,0.0
grid8,constant_lift,17,26,right,0.125,D,0.0,0.0
grid8,constant_lift,18,27,left,0.125,D,0.0,0.0
grid8,constant_lift,26,35,right,0.125,D,0.0,0.0
grid8,constant_lift,27,36,left,0.125,D,0.0,0.0
grid8,constant_lift,35,44,right,0.125,D,0.0,0.0
grid8,constant_lift,36,45,left,0.125,D,0.0,0.0
grid8,constant_lift,44,53,right,0.125,D,0.0,0.0
grid8,constant_lift,45,54,left,0.125,D,0.0,0.0
grid8,constant_lift,53,62,right,0.125,D,0.0,0.0
grid8,constant_lift,54,63,left,0.125,D,0.0,0.0
grid8,constant_lift,62,71,right,0.125,D,0.0,0.0
grid8,constant_lift,63,72,left,0.125,D,0.0,0.0
grid8,constant_lift,71,80,right,0.125,D,0.0,0.0
grid8,constant_lift,72,73,top,0.125,D,0.0,0.0
grid8,constant_lift,73,74,top,0.125,D,0.0,0.0
grid8,constant_lift,74,75,top,0.125,D,0.0,0.0
grid8,constant_lift,75,76,top,0.125,D,0.0,0.0
grid8,constant_lift,76,77,top,0.125,D,0.0,0.0
grid8,constant_lift,77,78,top,0.125,D,0.0,0.0
grid8,constant_lift,78,79,top,0.125,D,0.0,0.0
grid8,constant_lift,79,80,top,0.125,D,0.0,0.0
grid8,affine_patch,0,1,bottom,0.125,D,0.0,0.0
grid8,affine_patch,0,9,left,0.125,D,0.0,0.0
grid8,affine_patch,1,2,bottom,0.125,D,0.0,0.0
grid8,affine_patch,2,3,bottom,0.125,D,0.0,0.0
grid8,affine_patch,3,4,bottom,0.125,D,0.0,0.0
grid8,affine_patch,4,5,bottom,0.125,D,0.0,0.0
grid8,affine_patch,5,6,bottom,0.125,D,0.0,0.0
grid8,affine_patch,6,7,bottom,0.125,D,0.0,0.0
grid8,affine_patch,7,8,bottom,0.125,D,0.0,0.0
grid8,affine_patch,8,17,right,0.125,D,0.0,0.0
grid8,affine_patch,9,18,left,0.125,D,0.0,0.0
grid8,affine_patch,17,26,right,0.125,D,0.0,0.0
grid8,affine_patch,18,27,left,0.125,D,0.0,0.0
grid8,affine_patch,26,35,right,0.125,D,0.0,0.0
grid8,affine_patch,27,36,left,0.125,D,0.0,0.0
grid8,affine_patch,35,44,right,0.125,D,0.0,0.0
grid8,affine_patch,36,45,left,0.125,D,0.0,0.0
grid8,affine_patch,44,53,right,0.125,D,0.0,0.0
grid8,affine_patch,45,54,left,0.125,D,0.0,0.0
grid8,affine_patch,53,62,right,0.125,D,0.0,0.0
grid8,affine_patch,54,63,left,0.125,D,0.0,0.0
grid8,affine_patch,62,71,right,0.125,D,0.0,0.0
grid8,affine_patch,63,72,left,0.125,D,0.0,0.0
grid8,affine_patch,71,80,right,0.125,D,0.0,0.0
grid8,affine_patch,72,73,top,0.125,D,0.0,0.0
grid8,affine_patch,73,74,top,0.125,D,0.0,0.0
grid8,affine_patch,74,75,top,0.125,D,0.0,0.0
grid8,affine_patch,75,76,top,0.125,D,0.0,0.0
grid8,affine_patch,76,77,top,0.125,D,0.0,0.0
grid8,affine_patch,77,78,top,0.125,D,0.0,0.0
grid8,affine_patch,78,79,top,0.125,D,0.0,0.0
grid8,affine_patch,79,80,top,0.125,D,0.0,0.0
grid8,linear_source,0,1,bottom,0.125,D,0.0,0.0
grid8,linear_source,0,9,left,0.125,D,0.0,0.0
grid8,linear_source,1,2,bottom,0.125,D,0.0,0.0
grid8,linear_source,2,3,bottom,0.125,D,0.0,0.0
grid8,linear_source,3,4,bottom,0.125,D,0.0,0.0
grid8,linear_source,4,5,bottom,0.125,D,0.0,0.0
grid8,linear_source,5,6,bottom,0.125,D,0.0,0.0
grid8,linear_source,6,7,bottom,0.125,D,0.0,0.0
grid8,linear_source,7,8,bottom,0.125,D,0.0,0.0
grid8,linear_source,8,17,right,0.125,D,0.0,0.0
grid8,linear_source,9,18,left,0.125,D,0.0,0.0
grid8,linear_source,17,26,right,0.125,D,0.0,0.0
grid8,linear_source,18,27,left,0.125,D,0.0,0.0
grid8,linear_source,26,35,right,0.125,D,0.0,0.0
grid8,linear_source,27,36,left,0.125,D,0.0,0.0
grid8,linear_source,35,44,right,0.125,D,0.0,0.0
grid8,linear_source,36,45,left,0.125,D,0.0,0.0
grid8,linear_source,44,53,right,0.125,D,0.0,0.0
grid8,linear_source,45,54,left,0.125,D,0.0,0.0
grid8,linear_source,53,62,right,0.125,D,0.0,0.0
grid8,linear_source,54,63,left,0.125,D,0.0,0.0
grid8,linear_source,62,71,right,0.125,D,0.0,0.0
grid8,linear_source,63,72,left,0.125,D,0.0,0.0
grid8,linear_source,71,80,right,0.125,D,0.0,0.0
grid8,linear_source,72,73,top,0.125,D,0.0,0.0
grid8,linear_source,73,74,top,0.125,D,0.0,0.0
grid8,linear_source,74,75,top,0.125,D,0.0,0.0
grid8,linear_source,75,76,top,0.125,D,0.0,0.0
grid8,linear_source,76,77,top,0.125,D,0.0,0.0
grid8,linear_source,77,78,top,0.125,D,0.0,0.0
grid8,linear_source,78,79,top,0.125,D,0.0,0.0
grid8,linear_source,79,80,top,0.125,D,0.0,0.0
grid8,quartic,0,1,bottom,0.125,D,0.0,0.0
grid8,quartic,0,9,left,0.125,D,0.0,0.0
grid8,quartic,1,2,bottom,0.125,D,0.0,0.0
grid8,quartic,2,3,bottom,0.125,D,0.0,0.0
grid8,quartic,3,4,bottom,0.125,D,0.0,0.0
grid8,quartic,4,5,bottom,0.125,D,0.0,0.0
grid8,quartic,5,6,bottom,0.125,D,0.0,0.0
grid8,quartic,6,7,bottom,0.125,D,0.0,0.0
grid8,quartic,7,8,bottom,0.125,D,0.0,0.0
grid8,quartic,8,17,right,0.125,D,0.0,0.0
grid8,quartic,9,18,left,0.125,D,0.0,0.0
grid8,quartic,17,26,right,0.125,D,0.0,0.0
grid8,quartic,18,27,left,0.125,D,0.0,0.0
grid8,quartic,26,35,right,0.125,D,0.0,0.0
grid8,quartic,27,36,left,0.125,D,0.0,0.0
grid8,quartic,35,44,right,0.125,D,0.0,0.0
grid8,quartic,36,45,left,0.125,D,0.0,0.0
grid8,quartic,44,53,right,0.125,D,0.0,0.0
grid8,quartic,45,54,left,0.125,D,0.0,0.0
grid8,quartic,53,62,right,0.125,D,0.0,0.0
grid8,quartic,54,63,left,0.125,D,0.0,0.0
grid8,quartic,62,71,right,0.125,D,0.0,0.0
grid8,quartic,63,72,left,0.125,D,0.0,0.0
grid8,quartic,71,80,right,0.125,D,0.0,0.0
grid8,quartic,72,73,top,0.125,D,0.0,0.0
grid8,quartic,73,74,top,0.125,D,0.0,0.0
grid8,quartic,74,75,top,0.125,D,0.0,0.0
grid8,quartic,75,76,top,0.125,D,0.0,0.0
grid8,quartic,76,77,top,0.125,D,0.0,0.0
grid8,quartic,77,78,top,0.125,D,0.0,0.0
grid8,quartic,78,79,top,0.125,D,0.0,0.0
grid8,quartic,79,80,top,0.125,D,0.0,0.0
grid8,mixed_affine,0,1,bottom,0.125,N,-2.0,-0.125
grid8,mixed_affine,0,9,left,0.125,D,0.0,0.0
grid8,mixed_affine,1,2,bottom,0.125,N,-2.0,-0.125
grid8,mixed_affine,2,3,bottom,0.125,N,-2.0,-0.125
grid8,mixed_affine,3,4,bottom,0.125,N,-2.0,-0.125
grid8,mixed_affine,4,5,bottom,0.125,N,-2.0,-0.125
grid8,mixed_affine,5,6,bottom,0.125,N,-2.0,-0.125
grid8,mixed_affine,6,7,bottom,0.125,N,-2.0,-0.125
grid8,mixed_affine,7,8,bottom,0.125,N,-2.0,-0.125
grid8,mixed_affine,8,17,right,0.125,N,1.0,0.0625
grid8,mixed_affine,9,18,left,0.125,D,0.0,0.0
grid8,mixed_affine,17,26,right,0.125,N,1.0,0.0625
grid8,mixed_affine,18,27,left,0.125,D,0.0,0.0
grid8,mixed_affine,26,35,right,0.125,N,1.0,0.0625
grid8,mixed_affine,27,36,left,0.125,D,0.0,0.0
grid8,mixed_affine,35,44,right,0.125,N,1.0,0.0625
grid8,mixed_affine,36,45,left,0.125,D,0.0,0.0
grid8,mixed_affine,44,53,right,0.125,N,1.0,0.0625
grid8,mixed_affine,45,54,left,0.125,D,0.0,0.0
grid8,mixed_affine,53,62,right,0.125,N,1.0,0.0625
grid8,mixed_affine,54,63,left,0.125,D,0.0,0.0
grid8,mixed_affine,62,71,right,0.125,N,1.0,0.0625
grid8,mixed_affine,63,72,left,0.125,D,0.0,0.0
grid8,mixed_affine,71,80,right,0.125,N,1.0,0.0625
grid8,mixed_affine,72,73,top,0.125,N,2.0,0.125
grid8,mixed_affine,73,74,top,0.125,N,2.0,0.125
grid8,mixed_affine,74,75,top,0.125,N,2.0,0.125
grid8,mixed_affine,75,76,top,0.125,N,2.0,0.125
grid8,mixed_affine,76,77,top,0.125,N,2.0,0.125
grid8,mixed_affine,77,78,top,0.125,N,2.0,0.125
grid8,mixed_affine,78,79,top,0.125,N,2.0,0.125
grid8,mixed_affine,79,80,top,0.125,N,2.0,0.125
grid16,constant_zero,0,1,bottom,0.0625,D,0.0,0.0
grid16,constant_zero,0,17,left,0.0625,D,0.0,0.0
grid16,constant_zero,1,2,bottom,0.0625,D,0.0,0.0
grid16,constant_zero,2,3,bottom,0.0625,D,0.0,0.0
grid16,constant_zero,3,4,bottom,0.0625,D,0.0,0.0
grid16,constant_zero,4,5,bottom,0.0625,D,0.0,0.0
grid16,constant_zero,5,6,bottom,0.0625,D,0.0,0.0
grid16,constant_zero,6,7,bottom,0.0625,D,0.0,0.0
grid16,constant_zero,7,8,bottom,0.0625,D,0.0,0.0
grid16,constant_zero,8,9,bottom,0.0625,D,0.0,0.0
grid16,constant_zero,9,10,bottom,0.0625,D,0.0,0.0
grid16,constant_zero,10,11,bottom,0.0625,D,0.0,0.0
grid16,constant_zero,11,12,bottom,0.0625,D,0.0,0.0
grid16,constant_zero,12,13,bottom,0.0625,D,0.0,0.0
grid16,constant_zero,13,14,bottom,0.0625,D,0.0,0.0
grid16,constant_zero,14,15,bottom,0.0625,D,0.0,0.0
grid16,constant_zero,15,16,bottom,0.0625,D,0.0,0.0
grid16,constant_zero,16,33,right,0.0625,D,0.0,0.0
grid16,constant_zero,17,34,left,0.0625,D,0.0,0.0
grid16,constant_zero,33,50,right,0.0625,D,0.0,0.0
grid16,constant_zero,34,51,left,0.0625,D,0.0,0.0
grid16,constant_zero,50,67,right,0.0625,D,0.0,0.0
grid16,constant_zero,51,68,left,0.0625,D,0.0,0.0
grid16,constant_zero,67,84,right,0.0625,D,0.0,0.0
grid16,constant_zero,68,85,left,0.0625,D,0.0,0.0
grid16,constant_zero,84,101,right,0.0625,D,0.0,0.0
grid16,constant_zero,85,102,left,0.0625,D,0.0,0.0
grid16,constant_zero,101,118,right,0.0625,D,0.0,0.0
grid16,constant_zero,102,119,left,0.0625,D,0.0,0.0
grid16,constant_zero,118,135,right,0.0625,D,0.0,0.0
grid16,constant_zero,119,136,left,0.0625,D,0.0,0.0
grid16,constant_zero,135,152,right,0.0625,D,0.0,0.0
grid16,constant_zero,136,153,left,0.0625,D,0.0,0.0
grid16,constant_zero,152,169,right,0.0625,D,0.0,0.0
grid16,constant_zero,153,170,left,0.0625,D,0.0,0.0
grid16,constant_zero,169,186,right,0.0625,D,0.0,0.0
grid16,constant_zero,170,187,left,0.0625,D,0.0,0.0
grid16,constant_zero,186,203,right,0.0625,D,0.0,0.0
grid16,constant_zero,187,204,left,0.0625,D,0.0,0.0
grid16,constant_zero,203,220,right,0.0625,D,0.0,0.0
grid16,constant_zero,204,221,left,0.0625,D,0.0,0.0
grid16,constant_zero,220,237,right,0.0625,D,0.0,0.0
grid16,constant_zero,221,238,left,0.0625,D,0.0,0.0
grid16,constant_zero,237,254,right,0.0625,D,0.0,0.0
grid16,constant_zero,238,255,left,0.0625,D,0.0,0.0
grid16,constant_zero,254,271,right,0.0625,D,0.0,0.0
grid16,constant_zero,255,272,left,0.0625,D,0.0,0.0
grid16,constant_zero,271,288,right,0.0625,D,0.0,0.0
grid16,constant_zero,272,273,top,0.0625,D,0.0,0.0
grid16,constant_zero,273,274,top,0.0625,D,0.0,0.0
grid16,constant_zero,274,275,top,0.0625,D,0.0,0.0
grid16,constant_zero,275,276,top,0.0625,D,0.0,0.0
grid16,constant_zero,276,277,top,0.0625,D,0.0,0.0
grid16,constant_zero,277,278,top,0.0625,D,0.0,0.0
grid16,constant_zero,278,279,top,0.0625,D,0.0,0.0
grid16,constant_zero,279,280,top,0.0625,D,0.0,0.0
grid16,constant_zero,280,281,top,0.0625,D,0.0,0.0
grid16,constant_zero,281,282,top,0.0625,D,0.0,0.0
grid16,constant_zero,282,283,top,0.0625,D,0.0,0.0
grid16,constant_zero,283,284,top,0.0625,D,0.0,0.0
grid16,constant_zero,284,285,top,0.0625,D,0.0,0.0
grid16,constant_zero,285,286,top,0.0625,D,0.0,0.0
grid16,constant_zero,286,287,top,0.0625,D,0.0,0.0
grid16,constant_zero,287,288,top,0.0625,D,0.0,0.0
grid16,constant_lift,0,1,bottom,0.0625,D,0.0,0.0
grid16,constant_lift,0,17,left,0.0625,D,0.0,0.0
grid16,constant_lift,1,2,bottom,0.0625,D,0.0,0.0
grid16,constant_lift,2,3,bottom,0.0625,D,0.0,0.0
grid16,constant_lift,3,4,bottom,0.0625,D,0.0,0.0
grid16,constant_lift,4,5,bottom,0.0625,D,0.0,0.0
grid16,constant_lift,5,6,bottom,0.0625,D,0.0,0.0
grid16,constant_lift,6,7,bottom,0.0625,D,0.0,0.0
grid16,constant_lift,7,8,bottom,0.0625,D,0.0,0.0
grid16,constant_lift,8,9,bottom,0.0625,D,0.0,0.0
grid16,constant_lift,9,10,bottom,0.0625,D,0.0,0.0
grid16,constant_lift,10,11,bottom,0.0625,D,0.0,0.0
grid16,constant_lift,11,12,bottom,0.0625,D,0.0,0.0
grid16,constant_lift,12,13,bottom,0.0625,D,0.0,0.0
grid16,constant_lift,13,14,bottom,0.0625,D,0.0,0.0
grid16,constant_lift,14,15,bottom,0.0625,D,0.0,0.0
grid16,constant_lift,15,16,bottom,0.0625,D,0.0,0.0
grid16,constant_lift,16,33,right,0.0625,D,0.0,0.0
grid16,constant_lift,17,34,left,0.0625,D,0.0,0.0
grid16,constant_lift,33,50,right,0.0625,D,0.0,0.0
grid16,constant_lift,34,51,left,0.0625,D,0.0,0.0
grid16,constant_lift,50,67,right,0.0625,D,0.0,0.0
grid16,constant_lift,51,68,left,0.0625,D,0.0,0.0
grid16,constant_lift,67,84,right,0.0625,D,0.0,0.0
grid16,constant_lift,68,85,left,0.0625,D,0.0,0.0
grid16,constant_lift,84,101,right,0.0625,D,0.0,0.0
grid16,constant_lift,85,102,left,0.0625,D,0.0,0.0
grid16,constant_lift,101,118,right,0.0625,D,0.0,0.0
grid16,constant_lift,102,119,left,0.0625,D,0.0,0.0
grid16,constant_lift,118,135,right,0.0625,D,0.0,0.0
grid16,constant_lift,119,136,left,0.0625,D,0.0,0.0
grid16,constant_lift,135,152,right,0.0625,D,0.0,0.0
grid16,constant_lift,136,153,left,0.0625,D,0.0,0.0
grid16,constant_lift,152,169,right,0.0625,D,0.0,0.0
grid16,constant_lift,153,170,left,0.0625,D,0.0,0.0
grid16,constant_lift,169,186,right,0.0625,D,0.0,0.0
grid16,constant_lift,170,187,left,0.0625,D,0.0,0.0
grid16,constant_lift,186,203,right,0.0625,D,0.0,0.0
grid16,constant_lift,187,204,left,0.0625,D,0.0,0.0
grid16,constant_lift,203,220,right,0.0625,D,0.0,0.0
grid16,constant_lift,204,221,left,0.0625,D,0.0,0.0
grid16,constant_lift,220,237,right,0.0625,D,0.0,0.0
grid16,constant_lift,221,238,left,0.0625,D,0.0,0.0
grid16,constant_lift,237,254,right,0.0625,D,0.0,0.0
grid16,constant_lift,238,255,left,0.0625,D,0.0,0.0
grid16,constant_lift,254,271,right,0.0625,D,0.0,0.0
grid16,constant_lift,255,272,left,0.0625,D,0.0,0.0
grid16,constant_lift,271,288,right,0.0625,D,0.0,0.0
grid16,constant_lift,272,273,top,0.0625,D,0.0,0.0
grid16,constant_lift,273,274,top,0.0625,D,0.0,0.0
grid16,constant_lift,274,275,top,0.0625,D,0.0,0.0
grid16,constant_lift,275,276,top,0.0625,D,0.0,0.0
grid16,constant_lift,276,277,top,0.0625,D,0.0,0.0
grid16,constant_lift,277,278,top,0.0625,D,0.0,0.0
grid16,constant_lift,278,279,top,0.0625,D,0.0,0.0
grid16,constant_lift,279,280,top,0.0625,D,0.0,0.0
grid16,constant_lift,280,281,top,0.0625,D,0.0,0.0
grid16,constant_lift,281,282,top,0.0625,D,0.0,0.0
grid16,constant_lift,282,283,top,0.0625,D,0.0,0.0
grid16,constant_lift,283,284,top,0.0625,D,0.0,0.0
grid16,constant_lift,284,285,top,0.0625,D,0.0,0.0
grid16,constant_lift,285,286,top,0.0625,D,0.0,0.0
grid16,constant_lift,286,287,top,0.0625,D,0.0,0.0
grid16,constant_lift,287,288,top,0.0625,D,0.0,0.0
grid16,affine_patch,0,1,bottom,0.0625,D,0.0,0.0
grid16,affine_patch,0,17,left,0.0625,D,0.0,0.0
grid16,affine_patch,1,2,bottom,0.0625,D,0.0,0.0
grid16,affine_patch,2,3,bottom,0.0625,D,0.0,0.0
grid16,affine_patch,3,4,bottom,0.0625,D,0.0,0.0
grid16,affine_patch,4,5,bottom,0.0625,D,0.0,0.0
grid16,affine_patch,5,6,bottom,0.0625,D,0.0,0.0
grid16,affine_patch,6,7,bottom,0.0625,D,0.0,0.0
grid16,affine_patch,7,8,bottom,0.0625,D,0.0,0.0
grid16,affine_patch,8,9,bottom,0.0625,D,0.0,0.0
grid16,affine_patch,9,10,bottom,0.0625,D,0.0,0.0
grid16,affine_patch,10,11,bottom,0.0625,D,0.0,0.0
grid16,affine_patch,11,12,bottom,0.0625,D,0.0,0.0
grid16,affine_patch,12,13,bottom,0.0625,D,0.0,0.0
grid16,affine_patch,13,14,bottom,0.0625,D,0.0,0.0
grid16,affine_patch,14,15,bottom,0.0625,D,0.0,0.0
grid16,affine_patch,15,16,bottom,0.0625,D,0.0,0.0
grid16,affine_patch,16,33,right,0.0625,D,0.0,0.0
grid16,affine_patch,17,34,left,0.0625,D,0.0,0.0
grid16,affine_patch,33,50,right,0.0625,D,0.0,0.0
grid16,affine_patch,34,51,left,0.0625,D,0.0,0.0
grid16,affine_patch,50,67,right,0.0625,D,0.0,0.0
grid16,affine_patch,51,68,left,0.0625,D,0.0,0.0
grid16,affine_patch,67,84,right,0.0625,D,0.0,0.0
grid16,affine_patch,68,85,left,0.0625,D,0.0,0.0
grid16,affine_patch,84,101,right,0.0625,D,0.0,0.0
grid16,affine_patch,85,102,left,0.0625,D,0.0,0.0
grid16,affine_patch,101,118,right,0.0625,D,0.0,0.0
grid16,affine_patch,102,119,left,0.0625,D,0.0,0.0
grid16,affine_patch,118,135,right,0.0625,D,0.0,0.0
grid16,affine_patch,119,136,left,0.0625,D,0.0,0.0
grid16,affine_patch,135,152,right,0.0625,D,0.0,0.0
grid16,affine_patch,136,153,left,0.0625,D,0.0,0.0
grid16,affine_patch,152,169,right,0.0625,D,0.0,0.0
grid16,affine_patch,153,170,left,0.0625,D,0.0,0.0
grid16,affine_patch,169,186,right,0.0625,D,0.0,0.0
grid16,affine_patch,170,187,left,0.0625,D,0.0,0.0
grid16,affine_patch,186,203,right,0.0625,D,0.0,0.0
grid16,affine_patch,187,204,left,0.0625,D,0.0,0.0
grid16,affine_patch,203,220,right,0.0625,D,0.0,0.0
grid16,affine_patch,204,221,left,0.0625,D,0.0,0.0
grid16,affine_patch,220,237,right,0.0625,D,0.0,0.0
grid16,affine_patch,221,238,left,0.0625,D,0.0,0.0
grid16,affine_patch,237,254,right,0.0625,D,0.0,0.0
grid16,affine_patch,238,255,left,0.0625,D,0.0,0.0
grid16,affine_patch,254,271,right,0.0625,D,0.0,0.0
grid16,affine_patch,255,272,left,0.0625,D,0.0,0.0
grid16,affine_patch,271,288,right,0.0625,D,0.0,0.0
grid16,affine_patch,272,273,top,0.0625,D,0.0,0.0
grid16,affine_patch,273,274,top,0.0625,D,0.0,0.0
grid16,affine_patch,274,275,top,0.0625,D,0.0,0.0
grid16,affine_patch,275,276,top,0.0625,D,0.0,0.0
grid16,affine_patch,276,277,top,0.0625,D,0.0,0.0
grid16,affine_patch,277,278,top,0.0625,D,0.0,0.0
grid16,affine_patch,278,279,top,0.0625,D,0.0,0.0
grid16,affine_patch,279,280,top,0.0625,D,0.0,0.0
grid16,affine_patch,280,281,top,0.0625,D,0.0,0.0
grid16,affine_patch,281,282,top,0.0625,D,0.0,0.0
grid16,affine_patch,282,283,top,0.0625,D,0.0,0.0
grid16,affine_patch,283,284,top,0.0625,D,0.0,0.0
grid16,affine_patch,284,285,top,0.0625,D,0.0,0.0
grid16,affine_patch,285,286,top,0.0625,D,0.0,0.0
grid16,affine_patch,286,287,top,0.0625,D,0.0,0.0
grid16,affine_patch,287,288,top,0.0625,D,0.0,0.0
grid16,linear_source,0,1,bottom,0.0625,D,0.0,0.0
grid16,linear_source,0,17,left,0.0625,D,0.0,0.0
grid16,linear_source,1,2,bottom,0.0625,D,0.0,0.0
grid16,linear_source,2,3,bottom,0.0625,D,0.0,0.0
grid16,linear_source,3,4,bottom,0.0625,D,0.0,0.0
grid16,linear_source,4,5,bottom,0.0625,D,0.0,0.0
grid16,linear_source,5,6,bottom,0.0625,D,0.0,0.0
grid16,linear_source,6,7,bottom,0.0625,D,0.0,0.0
grid16,linear_source,7,8,bottom,0.0625,D,0.0,0.0
grid16,linear_source,8,9,bottom,0.0625,D,0.0,0.0
grid16,linear_source,9,10,bottom,0.0625,D,0.0,0.0
grid16,linear_source,10,11,bottom,0.0625,D,0.0,0.0
grid16,linear_source,11,12,bottom,0.0625,D,0.0,0.0
grid16,linear_source,12,13,bottom,0.0625,D,0.0,0.0
grid16,linear_source,13,14,bottom,0.0625,D,0.0,0.0
grid16,linear_source,14,15,bottom,0.0625,D,0.0,0.0
grid16,linear_source,15,16,bottom,0.0625,D,0.0,0.0
grid16,linear_source,16,33,right,0.0625,D,0.0,0.0
grid16,linear_source,17,34,left,0.0625,D,0.0,0.0
grid16,linear_source,33,50,right,0.0625,D,0.0,0.0
grid16,linear_source,34,51,left,0.0625,D,0.0,0.0
grid16,linear_source,50,67,right,0.0625,D,0.0,0.0
grid16,linear_source,51,68,left,0.0625,D,0.0,0.0
grid16,linear_source,67,84,right,0.0625,D,0.0,0.0
grid16,linear_source,68,85,left,0.0625,D,0.0,0.0
grid16,linear_source,84,101,right,0.0625,D,0.0,0.0
grid16,linear_source,85,102,left,0.0625,D,0.0,0.0
grid16,linear_source,101,118,right,0.0625,D,0.0,0.0
grid16,linear_source,102,119,left,0.0625,D,0.0,0.0
grid16,linear_source,118,135,right,0.0625,D,0.0,0.0
grid16,linear_source,119,136,left,0.0625,D,0.0,0.0
grid16,linear_source,135,152,right,0.0625,D,0.0,0.0
grid16,linear_source,136,153,left,0.0625,D,0.0,0.0
grid16,linear_source,152,169,right,0.0625,D,0.0,0.0
grid16,linear_source,153,170,left,0.0625,D,0.0,0.0
grid16,linear_source,169,186,right,0.0625,D,0.0,0.0
grid16,linear_source,170,187,left,0.0625,D,0.0,0.0
grid16,linear_source,186,203,right,0.0625,D,0.0,0.0
grid16,linear_source,187,204,left,0.0625,D,0.0,0.0
grid16,linear_source,203,220,right,0.0625,D,0.0,0.0
grid16,linear_source,204,221,left,0.0625,D,0.0,0.0
grid16,linear_source,220,237,right,0.0625,D,0.0,0.0
grid16,linear_source,221,238,left,0.0625,D,0.0,0.0
grid16,linear_source,237,254,right,0.0625,D,0.0,0.0
grid16,linear_source,238,255,left,0.0625,D,0.0,0.0
grid16,linear_source,254,271,right,0.0625,D,0.0,0.0
grid16,linear_source,255,272,left,0.0625,D,0.0,0.0
grid16,linear_source,271,288,right,0.0625,D,0.0,0.0
grid16,linear_source,272,273,top,0.0625,D,0.0,0.0
grid16,linear_source,273,274,top,0.0625,D,0.0,0.0
grid16,linear_source,274,275,top,0.0625,D,0.0,0.0
grid16,linear_source,275,276,top,0.0625,D,0.0,0.0
grid16,linear_source,276,277,top,0.0625,D,0.0,0.0
grid16,linear_source,277,278,top,0.0625,D,0.0,0.0
grid16,linear_source,278,279,top,0.0625,D,0.0,0.0
grid16,linear_source,279,280,top,0.0625,D,0.0,0.0
grid16,linear_source,280,281,top,0.0625,D,0.0,0.0
grid16,linear_source,281,282,top,0.0625,D,0.0,0.0
grid16,linear_source,282,283,top,0.0625,D,0.0,0.0
grid16,linear_source,283,284,top,0.0625,D,0.0,0.0
grid16,linear_source,284,285,top,0.0625,D,0.0,0.0
grid16,linear_source,285,286,top,0.0625,D,0.0,0.0
grid16,linear_source,286,287,top,0.0625,D,0.0,0.0
grid16,linear_source,287,288,top,0.0625,D,0.0,0.0
grid16,quartic,0,1,bottom,0.0625,D,0.0,0.0
grid16,quartic,0,17,left,0.0625,D,0.0,0.0
grid16,quartic,1,2,bottom,0.0625,D,0.0,0.0
grid16,quartic,2,3,bottom,0.0625,D,0.0,0.0
grid16,quartic,3,4,bottom,0.0625,D,0.0,0.0
grid16,quartic,4,5,bottom,0.0625,D,0.0,0.0
grid16,quartic,5,6,bottom,0.0625,D,0.0,0.0
grid16,quartic,6,7,bottom,0.0625,D,0.0,0.0
grid16,quartic,7,8,bottom,0.0625,D,0.0,0.0
grid16,quartic,8,9,bottom,0.0625,D,0.0,0.0
grid16,quartic,9,10,bottom,0.0625,D,0.0,0.0
grid16,quartic,10,11,bottom,0.0625,D,0.0,0.0
grid16,quartic,11,12,bottom,0.0625,D,0.0,0.0
grid16,quartic,12,13,bottom,0.0625,D,0.0,0.0
grid16,quartic,13,14,bottom,0.0625,D,0.0,0.0
grid16,quartic,14,15,bottom,0.0625,D,0.0,0.0
grid16,quartic,15,16,bottom,0.0625,D,0.0,0.0
grid16,quartic,16,33,right,0.0625,D,0.0,0.0
grid16,quartic,17,34,left,0.0625,D,0.0,0.0
grid16,quartic,33,50,right,0.0625,D,0.0,0.0
grid16,quartic,34,51,left,0.0625,D,0.0,0.0
grid16,quartic,50,67,right,0.0625,D,0.0,0.0
grid16,quartic,51,68,left,0.0625,D,0.0,0.0
grid16,quartic,67,84,right,0.0625,D,0.0,0.0
grid16,quartic,68,85,left,0.0625,D,0.0,0.0
grid16,quartic,84,101,right,0.0625,D,0.0,0.0
grid16,quartic,85,102,left,0.0625,D,0.0,0.0
grid16,quartic,101,118,right,0.0625,D,0.0,0.0
grid16,quartic,102,119,left,0.0625,D,0.0,0.0
grid16,quartic,118,135,right,0.0625,D,0.0,0.0
grid16,quartic,119,136,left,0.0625,D,0.0,0.0
grid16,quartic,135,152,right,0.0625,D,0.0,0.0
grid16,quartic,136,153,left,0.0625,D,0.0,0.0
grid16,quartic,152,169,right,0.0625,D,0.0,0.0
grid16,quartic,153,170,left,0.0625,D,0.0,0.0
grid16,quartic,169,186,right,0.0625,D,0.0,0.0
grid16,quartic,170,187,left,0.0625,D,0.0,0.0
grid16,quartic,186,203,right,0.0625,D,0.0,0.0
grid16,quartic,187,204,left,0.0625,D,0.0,0.0
grid16,quartic,203,220,right,0.0625,D,0.0,0.0
grid16,quartic,204,221,left,0.0625,D,0.0,0.0
grid16,quartic,220,237,right,0.0625,D,0.0,0.0
grid16,quartic,221,238,left,0.0625,D,0.0,0.0
grid16,quartic,237,254,right,0.0625,D,0.0,0.0
grid16,quartic,238,255,left,0.0625,D,0.0,0.0
grid16,quartic,254,271,right,0.0625,D,0.0,0.0
grid16,quartic,255,272,left,0.0625,D,0.0,0.0
grid16,quartic,271,288,right,0.0625,D,0.0,0.0
grid16,quartic,272,273,top,0.0625,D,0.0,0.0
grid16,quartic,273,274,top,0.0625,D,0.0,0.0
grid16,quartic,274,275,top,0.0625,D,0.0,0.0
grid16,quartic,275,276,top,0.0625,D,0.0,0.0
grid16,quartic,276,277,top,0.0625,D,0.0,0.0
grid16,quartic,277,278,top,0.0625,D,0.0,0.0
grid16,quartic,278,279,top,0.0625,D,0.0,0.0
grid16,quartic,279,280,top,0.0625,D,0.0,0.0
grid16,quartic,280,281,top,0.0625,D,0.0,0.0
grid16,quartic,281,282,top,0.0625,D,0.0,0.0
grid16,quartic,282,283,top,0.0625,D,0.0,0.0
grid16,quartic,283,284,top,0.0625,D,0.0,0.0
grid16,quartic,284,285,top,0.0625,D,0.0,0.0
grid16,quartic,285,286,top,0.0625,D,0.0,0.0
grid16,quartic,286,287,top,0.0625,D,0.0,0.0
grid16,quartic,287,288,top,0.0625,D,0.0,0.0
grid16,mixed_affine,0,1,bottom,0.0625,N,-2.0,-0.0625
grid16,mixed_affine,0,17,left,0.0625,D,0.0,0.0
grid16,mixed_affine,1,2,bottom,0.0625,N,-2.0,-0.0625
grid16,mixed_affine,2,3,bottom,0.0625,N,-2.0,-0.0625
grid16,mixed_affine,3,4,bottom,0.0625,N,-2.0,-0.0625
grid16,mixed_affine,4,5,bottom,0.0625,N,-2.0,-0.0625
grid16,mixed_affine,5,6,bottom,0.0625,N,-2.0,-0.0625
grid16,mixed_affine,6,7,bottom,0.0625,N,-2.0,-0.0625
grid16,mixed_affine,7,8,bottom,0.0625,N,-2.0,-0.0625
grid16,mixed_affine,8,9,bottom,0.0625,N,-2.0,-0.0625
grid16,mixed_affine,9,10,bottom,0.0625,N,-2.0,-0.0625
grid16,mixed_affine,10,11,bottom,0.0625,N,-2.0,-0.0625
grid16,mixed_affine,11,12,bottom,0.0625,N,-2.0,-0.0625
grid16,mixed_affine,12,13,bottom,0.0625,N,-2.0,-0.0625
grid16,mixed_affine,13,14,bottom,0.0625,N,-2.0,-0.0625
grid16,mixed_affine,14,15,bottom,0.0625,N,-2.0,-0.0625
grid16,mixed_affine,15,16,bottom,0.0625,N,-2.0,-0.0625
grid16,mixed_affine,16,33,right,0.0625,N,1.0,0.03125
grid16,mixed_affine,17,34,left,0.0625,D,0.0,0.0
grid16,mixed_affine,33,50,right,0.0625,N,1.0,0.03125
grid16,mixed_affine,34,51,left,0.0625,D,0.0,0.0
grid16,mixed_affine,50,67,right,0.0625,N,1.0,0.03125
grid16,mixed_affine,51,68,left,0.0625,D,0.0,0.0
grid16,mixed_affine,67,84,right,0.0625,N,1.0,0.03125
grid16,mixed_affine,68,85,left,0.0625,D,0.0,0.0
grid16,mixed_affine,84,101,right,0.0625,N,1.0,0.03125
grid16,mixed_affine,85,102,left,0.0625,D,0.0,0.0
grid16,mixed_affine,101,118,right,0.0625,N,1.0,0.03125
grid16,mixed_affine,102,119,left,0.0625,D,0.0,0.0
grid16,mixed_affine,118,135,right,0.0625,N,1.0,0.03125
grid16,mixed_affine,119,136,left,0.0625,D,0.0,0.0
grid16,mixed_affine,135,152,right,0.0625,N,1.0,0.03125
grid16,mixed_affine,136,153,left,0.0625,D,0.0,0.0
grid16,mixed_affine,152,169,right,0.0625,N,1.0,0.03125
grid16,mixed_affine,153,170,left,0.0625,D,0.0,0.0
grid16,mixed_affine,169,186,right,0.0625,N,1.0,0.03125
grid16,mixed_affine,170,187,left,0.0625,D,0.0,0.0
grid16,mixed_affine,186,203,right,0.0625,N,1.0,0.03125
grid16,mixed_affine,187,204,left,0.0625,D,0.0,0.0
grid16,mixed_affine,203,220,right,0.0625,N,1.0,0.03125
grid16,mixed_affine,204,221,left,0.0625,D,0.0,0.0
grid16,mixed_affine,220,237,right,0.0625,N,1.0,0.03125
grid16,mixed_affine,221,238,left,0.0625,D,0.0,0.0
grid16,mixed_affine,237,254,right,0.0625,N,1.0,0.03125
grid16,mixed_affine,238,255,left,0.0625,D,0.0,0.0
grid16,mixed_affine,254,271,right,0.0625,N,1.0,0.03125
grid16,mixed_affine,255,272,left,0.0625,D,0.0,0.0
grid16,mixed_affine,271,288,right,0.0625,N,1.0,0.03125
grid16,mixed_affine,272,273,top,0.0625,N,2.0,0.0625
grid16,mixed_affine,273,274,top,0.0625,N,2.0,0.0625
grid16,mixed_affine,274,275,top,0.0625,N,2.0,0.0625
grid16,mixed_affine,275,276,top,0.0625,N,2.0,0.0625
grid16,mixed_affine,276,277,top,0.0625,N,2.0,0.0625
grid16,mixed_affine,277,278,top,0.0625,N,2.0,0.0625
grid16,mixed_affine,278,279,top,0.0625,N,2.0,0.0625
grid16,mixed_affine,279,280,top,0.0625,N,2.0,0.0625
grid16,mixed_affine,280,281,top,0.0625,N,2.0,0.0625
grid16,mixed_affine,281,282,top,0.0625,N,2.0,0.0625
grid16,mixed_affine,282,283,top,0.0625,N,2.0,0.0625
grid16,mixed_affine,283,284,top,0.0625,N,2.0,0.0625
grid16,mixed_affine,284,285,top,0.0625,N,2.0,0.0625
grid16,mixed_affine,285,286,top,0.0625,N,2.0,0.0625
grid16,mixed_affine,286,287,top,0.0625,N,2.0,0.0625
grid16,mixed_affine,287,288,top,0.0625,N,2.0,0.0625
alternate4,constant_zero,0,1,bottom,0.25,D,0.0,0.0
alternate4,constant_zero,0,5,left,0.25,D,0.0,0.0
alternate4,constant_zero,1,2,bottom,0.25,D,0.0,0.0
alternate4,constant_zero,2,3,bottom,0.25,D,0.0,0.0
alternate4,constant_zero,3,4,bottom,0.25,D,0.0,0.0
alternate4,constant_zero,4,9,right,0.25,D,0.0,0.0
alternate4,constant_zero,5,10,left,0.25,D,0.0,0.0
alternate4,constant_zero,9,14,right,0.25,D,0.0,0.0
alternate4,constant_zero,10,15,left,0.25,D,0.0,0.0
alternate4,constant_zero,14,19,right,0.25,D,0.0,0.0
alternate4,constant_zero,15,20,left,0.25,D,0.0,0.0
alternate4,constant_zero,19,24,right,0.25,D,0.0,0.0
alternate4,constant_zero,20,21,top,0.25,D,0.0,0.0
alternate4,constant_zero,21,22,top,0.25,D,0.0,0.0
alternate4,constant_zero,22,23,top,0.25,D,0.0,0.0
alternate4,constant_zero,23,24,top,0.25,D,0.0,0.0
alternate4,constant_lift,0,1,bottom,0.25,D,0.0,0.0
alternate4,constant_lift,0,5,left,0.25,D,0.0,0.0
alternate4,constant_lift,1,2,bottom,0.25,D,0.0,0.0
alternate4,constant_lift,2,3,bottom,0.25,D,0.0,0.0
alternate4,constant_lift,3,4,bottom,0.25,D,0.0,0.0
alternate4,constant_lift,4,9,right,0.25,D,0.0,0.0
alternate4,constant_lift,5,10,left,0.25,D,0.0,0.0
alternate4,constant_lift,9,14,right,0.25,D,0.0,0.0
alternate4,constant_lift,10,15,left,0.25,D,0.0,0.0
alternate4,constant_lift,14,19,right,0.25,D,0.0,0.0
alternate4,constant_lift,15,20,left,0.25,D,0.0,0.0
alternate4,constant_lift,19,24,right,0.25,D,0.0,0.0
alternate4,constant_lift,20,21,top,0.25,D,0.0,0.0
alternate4,constant_lift,21,22,top,0.25,D,0.0,0.0
alternate4,constant_lift,22,23,top,0.25,D,0.0,0.0
alternate4,constant_lift,23,24,top,0.25,D,0.0,0.0
alternate4,affine_patch,0,1,bottom,0.25,D,0.0,0.0
alternate4,affine_patch,0,5,left,0.25,D,0.0,0.0
alternate4,affine_patch,1,2,bottom,0.25,D,0.0,0.0
alternate4,affine_patch,2,3,bottom,0.25,D,0.0,0.0
alternate4,affine_patch,3,4,bottom,0.25,D,0.0,0.0
alternate4,affine_patch,4,9,right,0.25,D,0.0,0.0
alternate4,affine_patch,5,10,left,0.25,D,0.0,0.0
alternate4,affine_patch,9,14,right,0.25,D,0.0,0.0
alternate4,affine_patch,10,15,left,0.25,D,0.0,0.0
alternate4,affine_patch,14,19,right,0.25,D,0.0,0.0
alternate4,affine_patch,15,20,left,0.25,D,0.0,0.0
alternate4,affine_patch,19,24,right,0.25,D,0.0,0.0
alternate4,affine_patch,20,21,top,0.25,D,0.0,0.0
alternate4,affine_patch,21,22,top,0.25,D,0.0,0.0
alternate4,affine_patch,22,23,top,0.25,D,0.0,0.0
alternate4,affine_patch,23,24,top,0.25,D,0.0,0.0
alternate4,linear_source,0,1,bottom,0.25,D,0.0,0.0
alternate4,linear_source,0,5,left,0.25,D,0.0,0.0
alternate4,linear_source,1,2,bottom,0.25,D,0.0,0.0
alternate4,linear_source,2,3,bottom,0.25,D,0.0,0.0
alternate4,linear_source,3,4,bottom,0.25,D,0.0,0.0
alternate4,linear_source,4,9,right,0.25,D,0.0,0.0
alternate4,linear_source,5,10,left,0.25,D,0.0,0.0
alternate4,linear_source,9,14,right,0.25,D,0.0,0.0
alternate4,linear_source,10,15,left,0.25,D,0.0,0.0
alternate4,linear_source,14,19,right,0.25,D,0.0,0.0
alternate4,linear_source,15,20,left,0.25,D,0.0,0.0
alternate4,linear_source,19,24,right,0.25,D,0.0,0.0
alternate4,linear_source,20,21,top,0.25,D,0.0,0.0
alternate4,linear_source,21,22,top,0.25,D,0.0,0.0
alternate4,linear_source,22,23,top,0.25,D,0.0,0.0
alternate4,linear_source,23,24,top,0.25,D,0.0,0.0
alternate4,quartic,0,1,bottom,0.25,D,0.0,0.0
alternate4,quartic,0,5,left,0.25,D,0.0,0.0
alternate4,quartic,1,2,bottom,0.25,D,0.0,0.0
alternate4,quartic,2,3,bottom,0.25,D,0.0,0.0
alternate4,quartic,3,4,bottom,0.25,D,0.0,0.0
alternate4,quartic,4,9,right,0.25,D,0.0,0.0
alternate4,quartic,5,10,left,0.25,D,0.0,0.0
alternate4,quartic,9,14,right,0.25,D,0.0,0.0
alternate4,quartic,10,15,left,0.25,D,0.0,0.0
alternate4,quartic,14,19,right,0.25,D,0.0,0.0
alternate4,quartic,15,20,left,0.25,D,0.0,0.0
alternate4,quartic,19,24,right,0.25,D,0.0,0.0
alternate4,quartic,20,21,top,0.25,D,0.0,0.0
alternate4,quartic,21,22,top,0.25,D,0.0,0.0
alternate4,quartic,22,23,top,0.25,D,0.0,0.0
alternate4,quartic,23,24,top,0.25,D,0.0,0.0
alternate4,mixed_affine,0,1,bottom,0.25,N,-2.0,-0.25
alternate4,mixed_affine,0,5,left,0.25,D,0.0,0.0
alternate4,mixed_affine,1,2,bottom,0.25,N,-2.0,-0.25
alternate4,mixed_affine,2,3,bottom,0.25,N,-2.0,-0.25
alternate4,mixed_affine,3,4,bottom,0.25,N,-2.0,-0.25
alternate4,mixed_affine,4,9,right,0.25,N,1.0,0.125
alternate4,mixed_affine,5,10,left,0.25,D,0.0,0.0
alternate4,mixed_affine,9,14,right,0.25,N,1.0,0.125
alternate4,mixed_affine,10,15,left,0.25,D,0.0,0.0
alternate4,mixed_affine,14,19,right,0.25,N,1.0,0.125
alternate4,mixed_affine,15,20,left,0.25,D,0.0,0.0
alternate4,mixed_affine,19,24,right,0.25,N,1.0,0.125
alternate4,mixed_affine,20,21,top,0.25,N,2.0,0.25
alternate4,mixed_affine,21,22,top,0.25,N,2.0,0.25
alternate4,mixed_affine,22,23,top,0.25,N,2.0,0.25
alternate4,mixed_affine,23,24,top,0.25,N,2.0,0.25
