mesh,case,index,node,right,diagonal
fan,constant_zero,0,4,0.3333333333333333,4.0
fan,constant_lift,0,4,10.333333333333334,4.0
fan,affine_patch,0,4,10.0,4.0
fan,linear_source,0,4,0.33333333333333337,4.0
fan,quartic,0,4,0.2666666666666667,4.0
fan,mixed_affine,0,1,-0.5,1.0
fan,mixed_affine,1,2,1.5,1.0
fan,mixed_affine,2,4,4.0,4.0
shifted,constant_zero,0,4,0.33333333333333337,4.333333333333334
shifted,constant_lift,0,4,9.57777777777778,4.333333333333334
shifted,affine_patch,0,4,9.244444444444445,4.333333333333334
shifted,linear_source,0,4,0.31111111111111117,4.333333333333334
shifted,quartic,0,4,0.2641481481481482,4.333333333333334
shifted,mixed_affine,0,1,-0.5777777777777777,0.9422222222222223
shifted,mixed_affine,1,2,1.8444444444444443,0.845925925925926
shifted,mixed_affine,2,4,5.200000000000001,4.333333333333334
grid2,constant_zero,0,4,0.24999999999999997,4.0
grid2,constant_lift,0,4,10.25,4.0
grid2,affine_patch,0,4,10.0,4.0
grid2,linear_source,0,4,0.24999999999999997,4.0
grid2,quartic,0,4,0.20833333333333331,4.0
grid2,mixed_affine,0,1,-0.5,2.0
grid2,mixed_affine,1,2,-0.25,1.0
grid2,mixed_affine,2,4,2.0,4.0
grid2,mixed_affine,3,5,0.5,2.0
grid2,mixed_affine,4,7,2.5,2.0
grid2,mixed_affine,5,8,0.75,1.0
grid4,constant_zero,0,6,0.06249999999999999,4.0
grid4,constant_zero,1,7,0.06249999999999999,4.0
grid4,constant_zero,2,8,0.06249999999999999,4.0
grid4,constant_zero,3,11,0.06249999999999999,4.0
grid4,constant_zero,4,12,0.06249999999999999,4.0
grid4,constant_zero,5,13,0.06249999999999999,4.0
grid4,constant_zero,6,16,0.06249999999999999,4.0
grid4,constant_zero,7,17,0.06249999999999999,4.0
grid4,constant_zero,8,18,0.06249999999999999,4.0
grid4,constant_lift,0,6,2.8125,4.0
grid4,constant_lift,1,7,1.5625,4.0
grid4,constant_lift,2,8,4.3125,4.0
grid4,constant_lift,3,11,2.0625,4.0
grid4,constant_lift,4,12,0.06249999999999999,4.0
grid4,constant_lift,5,13,3.0625,4.0
grid4,constant_lift,6,16,5.8125,4.0
grid4,constant_lift,7,17,3.5625,4.0
grid4,constant_lift,8,18,7.3125,4.0
grid4,affine_patch,0,6,2.75,4.0
grid4,affine_patch,1,7,1.5,4.0
grid4,affine_patch,2,8,4.25,4.0
grid4,affine_patch,3,11,2.0,4.0
grid4,affine_patch,4,12,0.0,4.0
grid4,affine_patch,5,13,3.0,4.0
grid4,affine_patch,6,16,5.75,4.0
grid4,affine_patch,7,17,3.5,4.0
grid4,affine_patch,8,18,7.25,4.0
grid4,linear_source,0,6,0.031249999999999997,4.0
grid4,linear_source,1,7,0.046875,4.0
grid4,linear_source,2,8,0.06249999999999999,4.0
grid4,linear_source,3,11,0.046875,4.0
grid4,linear_source,4,12,0.06249999999999999,4.0
grid4,linear_source,5,13,0.078125,4.0
grid4,linear_source,6,16,0.06249999999999999,4.0
grid4,linear_source,7,17,0.078125,4.0
grid4,linear_source,8,18,0.09375,4.0
grid4,quartic,0,6,0.04427083333333334,4.0
grid4,quartic,1,7,0.052083333333333336,4.0
grid4,quartic,2,8,0.04427083333333334,4.0
grid4,quartic,3,11,0.052083333333333336,4.0
grid4,quartic,4,12,0.05989583333333334,4.0
grid4,quartic,5,13,0.05208333333333334,4.0
grid4,quartic,6,16,0.04427083333333334,4.0
grid4,quartic,7,17,0.05208333333333334,4.0
grid4,quartic,8,18,0.04427083333333334,4.0
grid4,mixed_affine,0,1,0.0,2.0
grid4,mixed_affine,1,2,-0.5,2.0
grid4,mixed_affine,2,3,-0.5,2.0
grid4,mixed_affine,3,4,-0.125,1.0
grid4,mixed_affine,4,6,1.5,4.0
grid4,mixed_affine,5,7,0.0,4.0
grid4,mixed_affine,6,8,0.0,4.0
grid4,mixed_affine,7,9,0.25,2.0
grid4,mixed_affine,8,11,2.0,4.0
grid4,mixed_affine,9,12,0.0,4.0
grid4,mixed_affine,10,13,0.0,4.0
grid4,mixed_affine,11,14,0.25,2.0
grid4,mixed_affine,12,16,2.5,4.0
grid4,mixed_affine,13,17,0.0,4.0
grid4,mixed_affine,14,18,0.0,4.0
grid4,mixed_affine,15,19,0.25,2.0
grid4,mixed_affine,16,21,2.0,2.0
grid4,mixed_affine,17,22,0.5,2.0
grid4,mixed_affine,18,23,0.5,2.0
grid4,mixed_affine,19,24,0.375,1.0
grid8,constant_zero,0,10,0.015624999999999998,4.0
grid8,constant_zero,1,11,0.015624999999999998,4.0
grid8,constant_zero,2,12,0.015624999999999998,4.0
grid8,constant_zero,3,13,0.015624999999999998,4.0
grid8,constant_zero,4,14,0.015624999999999998,4.0
grid8,constant_zero,5,15,0.015624999999999998,4.0
grid8,constant_zero,6,16,0.015624999999999998,4.0
grid8,constant_zero,7,19,0.015624999999999998,4.0
grid8,constant_zero,8,20,0.015624999999999998,4.0
grid8,constant_zero,9,21,0.015624999999999998,4.0
grid8,constant_zero,10,22,0.015624999999999998,4.0
grid8,constant_zero,11,23,0.015624999999999998,4.0
grid8,constant_zero,12,24,0.015624999999999998,4.0
grid8,constant_zero,13,25,0.015624999999999998,4.0
grid8,constant_zero,14,28,0.015624999999999998,4.0
grid8,constant_zero,15,29,0.015624999999999998,4.0
grid8,constant_zero,16,30,0.015624999999999998,4.0
grid8,constant_zero,17,31,0.015624999999999998,4.0
grid8,constant_zero,18,32,0.015624999999999998,4.0
grid8,constant_zero,19,33,0.015624999999999998,4.0
grid8,constant_zero,20,34,0.015624999999999998,4.0
grid8,constant_zero,21,37,0.015624999999999998,4.0
grid8,constant_zero,22,38,0.015624999999999998,4.0
grid8,constant_zero,23,39,0.015624999999999998,4.0
grid8,constant_zero,24,40,0.015624999999999998,4.0
grid8,constant_zero,25,41,0.015624999999999998,4.0
grid8,constant_zero,26,42,0.015624999999999998,4.0
grid8,constant_zero,27,43,0.015624999999999998,4.0
grid8,constant_zero,28,46,0.015624999999999998,4.0
grid8,constant_zero,29,47,0.015624999999999998,4.0
grid8,constant_zero,30,48,0.015624999999999998,4.0
grid8,constant_zero,31,49,0.015624999999999998,4.0
grid8,constant_zero,32,50,0.015624999999999998,4.0
grid8,constant_zero,33,51,0.015624999999999998,4.0
grid8,constant_zero,34,52,0.015624999999999998,4.0
grid8,constant_zero,35,55,0.015624999999999998,4.0
grid8,constant_zero,36,56,0.015624999999999998,4.0
grid8,constant_zero,37,57,0.015624999999999998,4.0
grid8,constant_zero,38,58,0.015624999999999998,4.0
grid8,constant_zero,39,59,0.015624999999999998,4.0
grid8,constant_zero,40,60,0.015624999999999998,4.0
grid8,constant_zero,41,61,0.015624999999999998,4.0
grid8,constant_zero,42,64,0.015624999999999998,4.0
grid8,constant_zero,43,65,0.015624999999999998,4.0
grid8,constant_zero,44,66,0.015624999999999998,4.0
grid8,constant_zero,45,67,0.015624999999999998,4.0
grid8,constant_zero,46,68,0.015624999999999998,4.0
grid8,constant_zero,47,69,0.015624999999999998,4.0
grid8,constant_zero,48,70,0.015624999999999998,4.0
grid8,constant_lift,0,10,2.390625,4.0
grid8,constant_lift,1,11,1.265625,4.0
grid8,constant_lift,2,12,1.390625,4.0
grid8,constant_lift,3,13,1.515625,4.0
grid8,constant_lift,4,14,1.640625,4.0
grid8,constant_lift,5,15,1.765625,4.0
grid8,constant_lift,6,16,4.140625,4.0
grid8,constant_lift,7,19,1.515625,4.0
grid8,constant_lift,8,20,0.015624999999999998,4.0
grid8,constant_lift,9,21,0.015624999999999998,4.0
grid8,constant_lift,10,22,0.015624999999999998,4.0
grid8,constant_lift,11,23,0.015624999999999998,4.0
grid8,constant_lift,12,24,0.015624999999999998,4.0
grid8,constant_lift,13,25,2.515625,4.0
grid8,constant_lift,14,28,1.765625,4.0
grid8,constant_lift,15,29,0.015624999999999998,4.0
grid8,constant_lift,16,30,0.015624999999999998,4.0
grid8,constant_lift,17,31,0.015624999999999998,4.0
grid8,constant_lift,18,32,0.015624999999999998,4.0
grid8,constant_lift,19,33,0.015624999999999998,4.0
grid8,constant_lift,20,34,2.765625,4.0
grid8,constant_lift,21,37,2.015625,4.0
grid8,constant_lift,22,38,0.015624999999999998,4.0
grid8,constant_lift,23,39,0.015624999999999998,4.0
grid8,constant_lift,24,40,0.015624999999999998,4.0
grid8,constant_lift,25,41,0.015624999999999998,4.0
grid8,constant_lift,26,42,0.015624999999999998,4.0
grid8,constant_lift,27,43,3.015625,4.0
grid8,constant_lift,28,46,2.265625,4.0
grid8,constant_lift,29,47,0.015624999999999998,4.0
grid8,constant_lift,30,48,0.015624999999999998,4.0
grid8,constant_lift,31,49,0.015624999999999998,4.0
grid8,constant_lift,32,50,0.015624999999999998,4.0
grid8,constant_lift,33,51,0.015624999999999998,4.0
grid8,constant_lift,34,52,3.265625,4.0
grid8,constant_lift,35,55,2.515625,4.0
grid8,constant_lift,36,56,0.015624999999999998,4.0
grid8,constant_lift,37,57,0.015624999999999998,4.0
grid8,constant_lift,38,58,0.015624999999999998,4.0
grid8,constant_lift,39,59,0.015624999999999998,4.0
grid8,constant_lift,40,60,0.015624999999999998,4.0
grid8,constant_lift,41,61,3.515625,4.0
grid8,constant_lift,42,64,5.890625,4.0
grid8,constant_lift,43,65,3.265625,4.0
grid8,constant_lift,44,66,3.390625,4.0
grid8,constant_lift,45,67,3.515625,4.0
grid8,constant_lift,46,68,3.640625,4.0
grid8,constant_lift,47,69,3.765625,4.0
grid8,constant_lift,48,70,7.640625,4.0
grid8,affine_patch,0,10,2.375,4.0
grid8,affine_patch,1,11,1.25,4.0
grid8,affine_patch,2,12,1.375,4.0
grid8,affine_patch,3,13,1.5,4.0
grid8,affine_patch,4,14,1.625,4.0
grid8,affine_patch,5,15,1.75,4.0
grid8,affine_patch,6,16,4.125,4.0
grid8,affine_patch,7,19,1.5,4.0
grid8,affine_patch,8,20,0.0,4.0
grid8,affine_patch,9,21,0.0,4.0
grid8,affine_patch,10,22,0.0,4.0
grid8,affine_patch,11,23,0.0,4.0
grid8,affine_patch,12,24,0.0,4.0
grid8,affine_patch,13,25,2.5,4.0
grid8,affine_patch,14,28,1.75,4.0
grid8,affine_patch,15,29,0.0,4.0
grid8,affine_patch,16,30,0.0,4.0
grid8,affine_patch,17,31,0.0,4.0
grid8,affine_patch,18,32,0.0,4.0
grid8,affine_patch,19,33,0.0,4.0
grid8,affine_patch,20,34,2.75,4.0
grid8,affine_patch,21,37,2.0,4.0
grid8,affine_patch,22,38,0.0,4.0
grid8,affine_patch,23,39,0.0,4.0
grid8,affine_patch,24,40,0.0,4.0
grid8,affine_patch,25,41,0.0,4.0
grid8,affine_patch,26,42,0.0,4.0
grid8,affine_patch,27,43,3.0,4.0
grid8,affine_patch,28,46,2.25,4.0
grid8,affine_patch,29,47,0.0,4.0
grid8,affine_patch,30,48,0.0,4.0
grid8,affine_patch,31,49,0.0,4.0
grid8,affine_patch,32,50,0.0,4.0
grid8,affine_patch,33,51,0.0,4.0
grid8,affine_patch,34,52,3.25,4.0
grid8,affine_patch,35,55,2.5,4.0
grid8,affine_patch,36,56,0.0,4.0
grid8,affine_patch,37,57,0.0,4.0
grid8,affine_patch,38,58,0.0,4.0
grid8,affine_patch,39,59,0.0,4.0
grid8,affine_patch,40,60,0.0,4.0
grid8,affine_patch,41,61,3.5,4.0
grid8,affine_patch,42,64,5.875,4.0
grid8,affine_patch,43,65,3.25,4.0
grid8,affine_patch,44,66,3.375,4.0
grid8,affine_patch,45,67,3.5,4.0
grid8,affine_patch,46,68,3.625,4.0
grid8,affine_patch,47,69,3.75,4.0
grid8,affine_patch,48,70,7.625,4.0
grid8,linear_source,0,10,0.0039062499999999996,4.0
grid8,linear_source,1,11,0.005859375,4.0
grid8,linear_source,2,12,0.007812499999999999,4.0
grid8,linear_source,3,13,0.009765625,4.0
grid8,linear_source,4,14,0.01171875,4.0
grid8,linear_source,5,15,0.013671875000000002,4.0
grid8,linear_source,6,16,0.015624999999999998,4.0
grid8,linear_source,7,19,0.005859375,4.0
grid8,linear_source,8,20,0.007812499999999999,4.0
grid8,linear_source,9,21,0.009765625,4.0
grid8,linear_source,10,22,0.01171875,4.0
grid8,linear_source,11,23,0.013671875000000002,4.0
grid8,linear_source,12,24,0.015624999999999998,4.0
grid8,linear_source,13,25,0.017578125,4.0
grid8,linear_source,14,28,0.007812499999999999,4.0
grid8,linear_source,15,29,0.009765625,4.0
grid8,linear_source,16,30,0.01171875,4.0
grid8,linear_source,17,31,0.013671875000000002,4.0
grid8,linear_source,18,32,0.015624999999999998,4.0
grid8,linear_source,19,33,0.017578125,4.0
grid8,linear_source,20,34,0.01953125,4.0
grid8,linear_source,21,37,0.009765625,4.0
grid8,linear_source,22,38,0.01171875,4.0
grid8,linear_source,23,39,0.013671875000000002,4.0
grid8,linear_source,24,40,0.015624999999999998,4.0
grid8,linear_source,25,41,0.017578125,4.0
grid8,linear_source,26,42,0.01953125,4.0
grid8,linear_source,27,43,0.021484375,4.0
grid8,linear_source,28,46,0.01171875,4.0
grid8,linear_source,29,47,0.013671875000000002,4.0
grid8,linear_source,30,48,0.015624999999999998,4.0
grid8,linear_source,31,49,0.017578125,4.0
grid8,linear_source,32,50,0.01953125,4.0
grid8,linear_source,33,51,0.021484375,4.0
grid8,linear_source,34,52,0.0234375,4.0
grid8,linear_source,35,55,0.013671875000000002,4.0
grid8,linear_source,36,56,0.015624999999999998,4.0
grid8,linear_source,37,57,0.017578125,4.0
grid8,linear_source,38,58,0.01953125,4.0
grid8,linear_source,39,59,0.021484375,4.0
grid8,linear_source,40,60,0.0234375,4.0
grid8,linear_source,41,61,0.025390624999999997,4.0
grid8,linear_source,42,64,0.015624999999999998,4.0
grid8,linear_source,43,65,0.017578125,4.0
grid8,linear_source,44,66,0.01953125,4.0
grid8,linear_source,45,67,0.021484375,4.0
grid8,linear_source,46,68,0.0234375,4.0
grid8,linear_source,47,69,0.025390624999999997,4.0
grid8,linear_source,48,70,0.027343750000000003,4.0
grid8,quartic,0,10,0.006673177083333335,4.0
grid8,quartic,1,11,0.009114583333333334,4.0
grid8,quartic,2,12,0.010579427083333334,4.0
grid8,quartic,3,13,0.011067708333333334,4.0
grid8,quartic,4,14,0.010579427083333334,4.0
grid8,quartic,5,15,0.009114583333333334,4.0
grid8,quartic,6,16,0.0066731770833333304,4.0
grid8,quartic,7,19,0.009114583333333336,4.0
grid8,quartic,8,20,0.011555989583333339,4.0
grid8,quartic,9,21,0.013020833333333336,4.0
grid8,quartic,10,22,0.013509114583333334,4.0
grid8,quartic,11,23,0.013020833333333334,4.0
grid8,quartic,12,24,0.011555989583333334,4.0
grid8,quartic,13,25,0.009114583333333332,4.0
grid8,quartic,14,28,0.010579427083333334,4.0
grid8,quartic,15,29,0.013020833333333336,4.0
grid8,quartic,16,30,0.014485677083333334,4.0
grid8,quartic,17,31,0.014973958333333334,4.0
grid8,quartic,18,32,0.014485677083333334,4.0
grid8,quartic,19,33,0.013020833333333332,4.0
grid8,quartic,20,34,0.010579427083333332,4.0
grid8,quartic,21,37,0.011067708333333334,4.0
grid8,quartic,22,38,0.013509114583333336,4.0
grid8,quartic,23,39,0.014973958333333334,4.0
grid8,quartic,24,40,0.015462239583333336,4.0
grid8,quartic,25,41,0.014973958333333336,4.0
grid8,quartic,26,42,0.013509114583333334,4.0
grid8,quartic,27,43,0.01106770833333333,4.0
grid8,quartic,28,46,0.010579427083333334,4.0
grid8,quartic,29,47,0.013020833333333332,4.0
grid8,quartic,30,48,0.014485677083333334,4.0
grid8,quartic,31,49,0.014973958333333334,4.0
grid8,quartic,32,50,0.014485677083333336,4.0
grid8,quartic,33,51,0.013020833333333332,4.0
grid8,quartic,34,52,0.010579427083333332,4.0
grid8,quartic,35,55,0.009114583333333334,4.0
grid8,quartic,36,56,0.011555989583333334,4.0
grid8,quartic,37,57,0.01302083333333333,4.0
grid8,quartic,38,58,0.013509114583333334,4.0
grid8,quartic,39,59,0.013020833333333332,4.0
grid8,quartic,40,60,0.011555989583333334,4.0
grid8,quartic,41,61,0.009114583333333332,4.0
grid8,quartic,42,64,0.0066731770833333304,4.0
grid8,quartic,43,65,0.009114583333333332,4.0
grid8,quartic,44,66,0.010579427083333332,4.0
grid8,quartic,45,67,0.01106770833333333,4.0
grid8,quartic,46,68,0.01057942708333333,4.0
grid8,quartic,47,69,0.009114583333333332,4.0
grid8,quartic,48,70,0.006673177083333329,4.0
grid8,mixed_affine,0,1,0.25,2.0
grid8,mixed_affine,1,2,-0.25,2.0
grid8,mixed_affine,2,3,-0.25,2.0
grid8,mixed_affine,3,4,-0.25,2.0
grid8,mixed_affine,4,5,-0.25,2.0
grid8,mixed_affine,5,6,-0.25,2.0
grid8,mixed_affine,6,7,-0.25,2.0
grid8,mixed_affine,7,8,-0.0625,1.0
grid8,mixed_affine,8,10,1.25,4.0
grid8,mixed_affine,9,11,0.0,4.0
grid8,mixed_affine,10,12,0.0,4.0
grid8,mixed_affine,11,13,0.0,4.0
grid8,mixed_affine,12,14,0.0,4.0
grid8,mixed_affine,13,15,0.0,4.0
grid8,mixed_affine,14,16,0.0,4.0
grid8,mixed_affine,15,17,0.125,2.0
grid8,mixed_affine,16,19,1.5,4.0
grid8,mixed_affine,17,20,0.0,4.0
grid8,mixed_affine,18,21,0.0,4.0
grid8,mixed_affine,19,22,0.0,4.0
grid8,mixed_affine,20,23,0.0,4.0
grid8,mixed_affine,21,24,0.0,4.0
grid8,mixed_affine,22,25,0.0,4.0
grid8,mixed_affine,23,26,0.125,2.0
grid8,mixed_affine,24,28,1.75,4.0
grid8,mixed_affine,25,29,0.0,4.0
grid8,mixed_affine,26,30,0.0,4.0
grid8,mixed_affine,27,31,0.0,4.0
grid8,mixed_affine,28,32,0.0,4.0
grid8,mixed_affine,29,33,0.0,4.0
grid8,mixed_affine,30,34,0.0,4.0
grid8,mixed_affine,31,35,0.125,2.0
grid8,mixed_affine,32,37,2.0,4.0
grid8,mixed_affine,33,38,0.0,4.0
grid8,mixed_affine,34,39,0.0,4.0
grid8,mixed_affine,35,40,0.0,4.0
grid8,mixed_affine,36,41,0.0,4.0
grid8,mixed_affine,37,42,0.0,4.0
grid8,mixed_affine,38,43,0.0,4.0
grid8,mixed_affine,39,44,0.125,2.0
grid8,mixed_affine,40,46,2.25,4.0
grid8,mixed_affine,41,47,0.0,4.0
grid8,mixed_affine,42,48,0.0,4.0
grid8,mixed_affine,43,49,0.0,4.0
grid8,mixed_affine,44,50,0.0,4.0
grid8,mixed_affine,45,51,0.0,4.0
grid8,mixed_affine,46,52,0.0,4.0
grid8,mixed_affine,47,53,0.125,2.0
grid8,mixed_affine,48,55,2.5,4.0
grid8,mixed_affine,49,56,0.0,4.0
grid8,mixed_affine,50,57,0.0,4.0
grid8,mixed_affine,51,58,0.0,4.0
grid8,mixed_affine,52,59,0.0,4.0
grid8,mixed_affine,53,60,0.0,4.0
grid8,mixed_affine,54,61,0.0,4.0
grid8,mixed_affine,55,62,0.125,2.0
grid8,mixed_affine,56,64,2.75,4.0
grid8,mixed_affine,57,65,0.0,4.0
grid8,mixed_affine,58,66,0.0,4.0
grid8,mixed_affine,59,67,0.0,4.0
grid8,mixed_affine,60,68,0.0,4.0
grid8,mixed_affine,61,69,0.0,4.0
grid8,mixed_affine,62,70,0.0,4.0
grid8,mixed_affine,63,71,0.125,2.0
grid8,mixed_affine,64,73,1.75,2.0
grid8,mixed_affine,65,74,0.25,2.0
grid8,mixed_affine,66,75,0.25,2.0
grid8,mixed_affine,67,76,0.25,2.0
grid8,mixed_affine,68,77,0.25,2.0
grid8,mixed_affine,69,78,0.25,2.0
grid8,mixed_affine,70,79,0.25,2.0
grid8,mixed_affine,71,80,0.1875,1.0
grid16,constant_zero,0,18,0.0039062499999999996,4.0
grid16,constant_zero,1,19,0.0039062499999999996,4.0
grid16,constant_zero,2,20,0.0039062499999999996,4.0
grid16,constant_zero,3,21,0.0039062499999999996,4.0
grid16,constant_zero,4,22,0.0039062499999999996,4.0
grid16,constant_zero,5,23,0.0039062499999999996,4.0
grid16,constant_zero,6,24,0.0039062499999999996,4.0
grid16,constant_zero,7,25,0.0039062499999999996,4.0
grid16,constant_zero,8,26,0.0039062499999999996,4.0
grid16,constant_zero,9,27,0.0039062499999999996,4.0
grid16,constant_zero,10,28,0.0039062499999999996,4.0
grid16,constant_zero,11,29,0.0039062499999999996,4.0
grid16,constant_zero,12,30,0.0039062499999999996,4.0
grid16,constant_zero,13,31,0.0039062499999999996,4.0
grid16,constant_zero,14,32,0.0039062499999999996,4.0
grid16,constant_zero,15,35,0.0039062499999999996,4.0
grid16,constant_zero,16,36,0.0039062499999999996,4.0
grid16,constant_zero,17,37,0.0039062499999999996,4.0
grid16,constant_zero,18,38,0.0039062499999999996,4.0
grid16,constant_zero,19,39,0.0039062499999999996,4.0
grid16,constant_zero,20,40,0.0039062499999999996,4.0
grid16,constant_zero,21,41,0.0039062499999999996,4.0
grid16,constant_zero,22,42,0.0039062499999999996,4.0
grid16,constant_zero,23,43,0.0039062499999999996,4.0
grid16,constant_zero,24,44,0.0039062499999999996,4.0
grid16,constant_zero,25,45,0.0039062499999999996,4.0
grid16,constant_zero,26,46,0.0039062499999999996,4.0
grid16,constant_zero,27,47,0.0039062499999999996,4.0
grid16,constant_zero,28,48,0.0039062499999999996,4.0
grid16,constant_zero,29,49,0.0039062499999999996,4.0
grid16,constant_zero,30,52,0.0039062499999999996,4.0
grid16,constant_zero,31,53,0.0039062499999999996,4.0
grid16,constant_zero,32,54,0.0039062499999999996,4.0
grid16,constant_zero,33,55,0.0039062499999999996,4.0
grid16,constant_zero,34,56,0.0039062499999999996,4.0
grid16,constant_zero,35,57,0.0039062499999999996,4.0
grid16,constant_zero,36,58,0.0039062499999999996,4.0
grid16,constant_zero,37,59,0.0039062499999999996,4.0
grid16,constant_zero,38,60,0.0039062499999999996,4.0
grid16,constant_zero,39,61,0.0039062499999999996,4.0
grid16,constant_zero,40,62,0.0039062499999999996,4.0
grid16,constant_zero,41,63,0.0039062499999999996,4.0
grid16,constant_zero,42,64,0.0039062499999999996,4.0
grid16,constant_zero,43,65,0.0039062499999999996,4.0
grid16,constant_zero,44,66,0.0039062499999999996,4.0
grid16,constant_zero,45,69,0.0039062499999999996,4.0
grid16,constant_zero,46,70,0.0039062499999999996,4.0
grid16,constant_zero,47,71,0.0039062499999999996,4.0
grid16,constant_zero,48,72,0.0039062499999999996,4.0
grid16,constant_zero,49,73,0.0039062499999999996,4.0
grid16,constant_zero,50,74,0.0039062499999999996,4.0
grid16,constant_zero,51,75,0.0039062499999999996,4.0
grid16,constant_zero,52,76,0.0039062499999999996,4.0
grid16,constant_zero,53,77,0.0039062499999999996,4.0
grid16,constant_zero,54,78,0.0039062499999999996,4.0
grid16,constant_zero,55,79,0.0039062499999999996,4.0
grid16,constant_zero,56,80,0.0039062499999999996,4.0
grid16,constant_zero,57,81,0.0039062499999999996,4.0
grid16,constant_zero,58,82,0.0039062499999999996,4.0
grid16,constant_zero,59,83,0.0039062499999999996,4.0
grid16,constant_zero,60,86,0.0039062499999999996,4.0
grid16,constant_zero,61,87,0.0039062499999999996,4.0
grid16,constant_zero,62,88,0.0039062499999999996,4.0
grid16,constant_zero,63,89,0.0039062499999999996,4.0
grid16,constant_zero,64,90,0.0039062499999999996,4.0
grid16,constant_zero,65,91,0.0039062499999999996,4.0
grid16,constant_zero,66,92,0.0039062499999999996,4.0
grid16,constant_zero,67,93,0.0039062499999999996,4.0
grid16,constant_zero,68,94,0.0039062499999999996,4.0
grid16,constant_zero,69,95,0.0039062499999999996,4.0
grid16,constant_zero,70,96,0.0039062499999999996,4.0
grid16,constant_zero,71,97,0.0039062499999999996,4.0
grid16,constant_zero,72,98,0.0039062499999999996,4.0
grid16,constant_zero,73,99,0.0039062499999999996,4.0
grid16,constant_zero,74,100,0.0039062499999999996,4.0
grid16,constant_zero,75,103,0.0039062499999999996,4.0
grid16,constant_zero,76,104,0.0039062499999999996,4.0
grid16,constant_zero,77,105,0.0039062499999999996,4.0
grid16,constant_zero,78,106,0.0039062499999999996,4.0
grid16,constant_zero,79,107,0.0039062499999999996,4.0
grid16,constant_zero,80,108,0.0039062499999999996,4.0
grid16,constant_zero,81,109,0.0039062499999999996,4.0
grid16,constant_zero,82,110,0.0039062499999999996,4.0
grid16,constant_zero,83,111,0.0039062499999999996,4.0
grid16,constant_zero,84,112,0.0039062499999999996,4.0
grid16,constant_zero,85,113,0.0039062499999999996,4.0
grid16,constant_zero,86,114,0.0039062499999999996,4.0
grid16,constant_zero,87,115,0.0039062499999999996,4.0
grid16,constant_zero,88,116,0.0039062499999999996,4.0
grid16,constant_zero,89,117,0.0039062499999999996,4.0
grid16,constant_zero,90,120,0.0039062499999999996,4.0
grid16,constant_zero,91,121,0.0039062499999999996,4.0
grid16,constant_zero,92,122,0.0039062499999999996,4.0
grid16,constant_zero,93,123,0.0039062499999999996,4.0
grid16,constant_zero,94,124,0.0039062499999999996,4.0
grid16,constant_zero,95,125,0.0039062499999999996,4.0
grid16,constant_zero,96,126,0.0039062499999999996,4.0
grid16,constant_zero,97,127,0.0039062499999999996,4.0
grid16,constant_zero,98,128,0.0039062499999999996,4.0
grid16,constant_zero,99,129,0.0039062499999999996,4.0
grid16,constant_zero,100,130,0.0039062499999999996,4.0
grid16,constant_zero,101,131,0.0039062499999999996,4.0
grid16,constant_zero,102,132,0.0039062499999999996,4.0
grid16,constant_zero,103,133,0.0039062499999999996,4.0
grid16,constant_zero,104,134,0.0039062499999999996,4.0
grid16,constant_zero,105,137,0.0039062499999999996,4.0
grid16,constant_zero,106,138,0.0039062499999999996,4.0
grid16,constant_zero,107,139,0.0039062499999999996,4.0
grid16,constant_zero,108,140,0.0039062499999999996,4.0
grid16,constant_zero,109,141,0.0039062499999999996,4.0
grid16,constant_zero,110,142,0.0039062499999999996,4.0
grid16,constant_zero,111,143,0.0039062499999999996,4.0
grid16,constant_zero,112,144,0.0039062499999999996,4.0
grid16,constant_zero,113,145,0.0039062499999999996,4.0
grid16,constant_zero,114,146,0.0039062499999999996,4.0
grid16,constant_zero,115,147,0.0039062499999999996,4.0
grid16,constant_zero,116,148,0.0039062499999999996,4.0
grid16,constant_zero,117,149,0.0039062499999999996,4.0
grid16,constant_zero,118,150,0.0039062499999999996,4.0
grid16,constant_zero,119,151,0.0039062499999999996,4.0
grid16,constant_zero,120,154,0.0039062499999999996,4.0
grid16,constant_zero,121,155,0.0039062499999999996,4.0
grid16,constant_zero,122,156,0.0039062499999999996,4.0
grid16,constant_zero,123,157,0.0039062499999999996,4.0
grid16,constant_zero,124,158,0.0039062499999999996,4.0
grid16,constant_zero,125,159,0.0039062499999999996,4.0
grid16,constant_zero,126,160,0.0039062499999999996,4.0
grid16,constant_zero,127,161,0.0039062499999999996,4.0
grid16,constant_zero,128,162,0.0039062499999999996,4.0
grid16,constant_zero,129,163,0.0039062499999999996,4.0
grid16,constant_zero,130,164,0.0039062499999999996,4.0
grid16,constant_zero,131,165,0.0039062499999999996,4.0
grid16,constant_zero,132,166,0.0039062499999999996,4.0
grid16,constant_zero,133,167,0.0039062499999999996,4.0
grid16,constant_zero,134,168,0.0039062499999999996,4.0
grid16,constant_zero,135,171,0.0039062499999999996,4.0
grid16,constant_zero,136,172,0.0039062499999999996,4.0
grid16,constant_zero,137,173,0.0039062499999999996,4.0
grid16,constant_zero,138,174,0.0039062499999999996,4.0
grid16,constant_zero,139,175,0.0039062499999999996,4.0
grid16,constant_zero,140,176,0.0039062499999999996,4.0
grid16,constant_zero,141,177,0.0039062499999999996,4.0
grid16,constant_zero,142,178,0.0039062499999999996,4.0
grid16,constant_zero,143,179,0.0039062499999999996,4.0
grid16,constant_zero,144,180,0.0039062499999999996,4.0
grid16,constant_zero,145,181,0.0039062499999999996,4.0
grid16,constant_zero,146,182,0.0039062499999999996,4.0
grid16,constant_zero,147,183,0.0039062499999999996,4.0
grid16,constant_zero,148,184,0.0039062499999999996,4.0
grid16,constant_zero,149,185,0.0039062499999999996,4.0
grid16,constant_zero,150,188,0.0039062499999999996,4.0
grid16,constant_zero,151,189,0.0039062499999999996,4.0
grid16,constant_zero,152,190,0.0039062499999999996,4.0
grid16,constant_zero,153,191,0.0039062499999999996,4.0
grid16,constant_zero,154,192,0.0039062499999999996,4.0
grid16,constant_zero,155,193,0.0039062499999999996,4.0
grid16,constant_zero,156,194,0.0039062499999999996,4.0
grid16,constant_zero,157,195,0.0039062499999999996,4.0
grid16,constant_zero,158,196,0.0039062499999999996,4.0
grid16,constant_zero,159,197,0.0039062499999999996,4.0
grid16,constant_zero,160,198,0.0039062499999999996,4.0
grid16,constant_zero,161,199,0.0039062499999999996,4.0
grid16,constant_zero,162,200,0.0039062499999999996,4.0
grid16,constant_zero,163,201,0.0039062499999999996,4.0
grid16,constant_zero,164,202,0.0039062499999999996,4.0
grid16,constant_zero,165,205,0.0039062499999999996,4.0
grid16,constant_zero,166,206,0.0039062499999999996,4.0
grid16,constant_zero,167,207,0.0039062499999999996,4.0
grid16,constant_zero,168,208,0.0039062499999999996,4.0
grid16,constant_zero,169,209,0.0039062499999999996,4.0
grid16,constant_zero,170,210,0.0039062499999999996,4.0
grid16,constant_zero,171,211,0.0039062499999999996,4.0
grid16,constant_zero,172,212,0.0039062499999999996,4.0
grid16,constant_zero,173,213,0.0039062499999999996,4.0
grid16,constant_zero,174,214,0.0039062499999999996,4.0
grid16,constant_zero,175,215,0.0039062499999999996,4.0
grid16,constant_zero,176,216,0.0039062499999999996,4.0
grid16,constant_zero,177,217,0.0039062499999999996,4.0
grid16,constant_zero,178,218,0.0039062499999999996,4.0
grid16,constant_zero,179,219,0.0039062499999999996,4.0
grid16,constant_zero,180,222,0.0039062499999999996,4.0
grid16,constant_zero,181,223,0.0039062499999999996,4.0
grid16,constant_zero,182,224,0.0039062499999999996,4.0
grid16,constant_zero,183,225,0.0039062499999999996,4.0
grid16,constant_zero,184,226,0.0039062499999999996,4.0
grid16,constant_zero,185,227,0.0039062499999999996,4.0
grid16,constant_zero,186,228,0.0039062499999999996,4.0
grid16,constant_zero,187,229,0.0039062499999999996,4.0
grid16,constant_zero,188,230,0.0039062499999999996,4.0
grid16,constant_zero,189,231,0.0039062499999999996,4.0
grid16,constant_zero,190,232,0.0039062499999999996,4.0
grid16,constant_zero,191,233,0.0039062499999999996,4.0
grid16,constant_zero,192,234,0.0039062499999999996,4.0
grid16,constant_zero,193,235,0.0039062499999999996,4.0
grid16,constant_zero,194,236,0.0039062499999999996,4.0
grid16,constant_zero,195,239,0.0039062499999999996,4.0
grid16,constant_zero,196,240,0.0039062499999999996,4.0
grid16,constant_zero,197,241,0.0039062499999999996,4.0
grid16,constant_zero,198,242,0.0039062499999999996,4.0
grid16,constant_zero,199,243,0.0039062499999999996,4.0
grid16,constant_zero,200,244,0.0039062499999999996,4.0
grid16,constant_zero,201,245,0.0039062499999999996,4.0
grid16,constant_zero,202,246,0.0039062499999999996,4.0
grid16,constant_zero,203,247,0.0039062499999999996,4.0
grid16,constant_zero,204,248,0.0039062499999999996,4.0
grid16,constant_zero,205,249,0.0039062499999999996,4.0
grid16,constant_zero,206,250,0.0039062499999999996,4.0
grid16,constant_zero,207,251,0.0039062499999999996,4.0
grid16,constant_zero,208,252,0.0039062499999999996,4.0
grid16,constant_zero,209,253,0.0039062499999999996,4.0
grid16,constant_zero,210,256,0.0039062499999999996,4.0
grid16,constant_zero,211,257,0.0039062499999999996,4.0
grid16,constant_zero,212,258,0.0039062499999999996,4.0
grid16,constant_zero,213,259,0.0039062499999999996,4.0
grid16,constant_zero,214,260,0.0039062499999999996,4.0
grid16,constant_zero,215,261,0.0039062499999999996,4.0
grid16,constant_zero,216,262,0.0039062499999999996,4.0
grid16,constant_zero,217,263,0.0039062499999999996,4.0
grid16,constant_zero,218,264,0.0039062499999999996,4.0
grid16,constant_zero,219,265,0.0039062499999999996,4.0
grid16,constant_zero,220,266,0.0039062499999999996,4.0
grid16,constant_zero,221,267,0.0039062499999999996,4.0
grid16,constant_zero,222,268,0.0039062499999999996,4.0
grid16,constant_zero,223,269,0.0039062499999999996,4.0
grid16,constant_zero,224,270,0.0039062499999999996,4.0
grid16,constant_lift,0,18,2.19140625,4.0
grid16,constant_lift,1,19,1.12890625,4.0
grid16,constant_lift,2,20,1.19140625,4.0
grid16,constant_lift,3,21,1.25390625,4.0
grid16,constant_lift,4,22,1.31640625,4.0
grid16,constant_lift,5,23,1.37890625,4.0
grid16,constant_lift,6,24,1.44140625,4.0
grid16,constant_lift,7,25,1.50390625,4.0
grid16,constant_lift,8,26,1.56640625,4.0
grid16,constant_lift,9,27,1.62890625,4.0
grid16,constant_lift,10,28,1.69140625,4.0
grid16,constant_lift,11,29,1.75390625,4.0
grid16,constant_lift,12,30,1.81640625,4.0
grid16,constant_lift,13,31,1.87890625,4.0
grid16,constant_lift,14,32,4.06640625,4.0
grid16,constant_lift,15,35,1.25390625,4.0
grid16,constant_lift,16,36,0.0039062499999999996,4.0
grid16,constant_lift,17,37,0.0039062499999999996,4.0
grid16,constant_lift,18,38,0.0039062499999999996,4.0
grid16,constant_lift,19,39,0.0039062499999999996,4.0
grid16,constant_lift,20,40,0.0039062499999999996,4.0
grid16,constant_lift,21,41,0.0039062499999999996,4.0
grid16,constant_lift,22,42,0.0039062499999999996,4.0
grid16,constant_lift,23,43,0.0039062499999999996,4.0
grid16,constant_lift,24,44,0.0039062499999999996,4.0
grid16,constant_lift,25,45,0.0039062499999999996,4.0
grid16,constant_lift,26,46,0.0039062499999999996,4.0
grid16,constant_lift,27,47,0.0039062499999999996,4.0
grid16,constant_lift,28,48,0.0039062499999999996,4.0
grid16,constant_lift,29,49,2.25390625,4.0
grid16,constant_lift,30,52,1.37890625,4.0
grid16,constant_lift,31,53,0.0039062499999999996,4.0
grid16,constant_lift,32,54,0.0039062499999999996,4.0
grid16,constant_lift,33,55,0.0039062499999999996,4.0
grid16,constant_lift,34,56,0.0039062499999999996,4.0
grid16,constant_lift,35,57,0.0039062499999999996,4.0
grid16,constant_lift,36,58,0.0039062499999999996,4.0
grid16,constant_lift,37,59,0.0039062499999999996,4.0
grid16,constant_lift,38,60,0.0039062499999999996,4.0
grid16,constant_lift,39,61,0.0039062499999999996,4.0
grid16,constant_lift,40,62,0.0039062499999999996,4.0
grid16,constant_lift,41,63,0.0039062499999999996,4.0
grid16,constant_lift,42,64,0.0039062499999999996,4.0
grid16,constant_lift,43,65,0.0039062499999999996,4.0
grid16,constant_lift,44,66,2.37890625,4.0
grid16,constant_lift,45,69,1.50390625,4.0
grid16,constant_lift,46,70,0.0039062499999999996,4.0
grid16,constant_lift,47,71,0.0039062499999999996,4.0
grid16,constant_lift,48,72,0.0039062499999999996,4.0
grid16,constant_lift,49,73,0.0039062499999999996,4.0
grid16,constant_lift,50,74,0.0039062499999999996,4.0
grid16,constant_lift,51,75,0.0039062499999999996,4.0
grid16,constant_lift,52,76,0.0039062499999999996,4.0
grid16,constant_lift,53,77,0.0039062499999999996,4.0
grid16,constant_lift,54,78,0.0039062499999999996,4.0
grid16,constant_lift,55,79,0.0039062499999999996,4.0
grid16,constant_lift,56,80,0.0039062499999999996,4.0
grid16,constant_lift,57,81,0.0039062499999999996,4.0
grid16,constant_lift,58,82,0.0039062499999999996,4.0
grid16,constant_lift,59,83,2.50390625,4.0
grid16,constant_lift,60,86,1.62890625,4.0
grid16,constant_lift,61,87,0.0039062499999999996,4.0
grid16,constant_lift,62,88,0.0039062499999999996,4.0
grid16,constant_lift,63,89,0.0039062499999999996,4.0
grid16,constant_lift,64,90,0.0039062499999999996,4.0
grid16,constant_lift,65,91,0.0039062499999999996,4.0
grid16,constant_lift,66,92,0.0039062499999999996,4.0
grid16,constant_lift,67,93,0.0039062499999999996,4.0
grid16,constant_lift,68,94,0.0039062499999999996,4.0
grid16,constant_lift,69,95,0.0039062499999999996,4.0
grid16,constant_lift,70,96,0.0039062499999999996,4.0
grid16,constant_lift,71,97,0.0039062499999999996,4.0
grid16,constant_lift,72,98,0.0039062499999999996,4.0
grid16,constant_lift,73,99,0.0039062499999999996,4.0
grid16,constant_lift,74,100,2.62890625,4.0
grid16,constant_lift,75,103,1.75390625,4.0
grid16,constant_lift,76,104,0.0039062499999999996,4.0
grid16,constant_lift,77,105,0.0039062499999999996,4.0
grid16,constant_lift,78,106,0.0039062499999999996,4.0
grid16,constant_lift,79,107,0.0039062499999999996,4.0
grid16,constant_lift,80,108,0.0039062499999999996,4.0
grid16,constant_lift,81,109,0.0039062499999999996,4.0
grid16,constant_lift,82,110,0.0039062499999999996,4.0
grid16,constant_lift,83,111,0.0039062499999999996,4.0
grid16,constant_lift,84,112,0.0039062499999999996,4.0
grid16,constant_lift,85,113,0.0039062499999999996,4.0
grid16,constant_lift,86,114,0.0039062499999999996,4.0
grid16,constant_lift,87,115,0.0039062499999999996,4.0
grid16,constant_lift,88,116,0.0039062499999999996,4.0
grid16,constant_lift,89,117,2.75390625,4.0
grid16,constant_lift,90,120,1.87890625,4.0
grid16,constant_lift,91,121,0.0039062499999999996,4.0
grid16,constant_lift,92,122,0.0039062499999999996,4.0
grid16,constant_lift,93,123,0.0039062499999999996,4.0
grid16,constant_lift,94,124,0.0039062499999999996,4.0
grid16,constant_lift,95,125,0.0039062499999999996,4.0
grid16,constant_lift,96,126,0.0039062499999999996,4.0
grid16,constant_lift,97,127,0.0039062499999999996,4.0
grid16,constant_lift,98,128,0.0039062499999999996,4.0
grid16,constant_lift,99,129,0.0039062499999999996,4.0
grid16,constant_lift,100,130,0.0039062499999999996,4.0
grid16,constant_lift,101,131,0.0039062499999999996,4.0
grid16,constant_lift,102,132,0.0039062499999999996,4.0
grid16,constant_lift,103,133,0.0039062499999999996,4.0
grid16,constant_lift,104,134,2.87890625,4.0
grid16,constant_lift,105,137,2.00390625,4.0
grid16,constant_lift,106,138,0.0039062499999999996,4.0
grid16,constant_lift,107,139,0.0039062499999999996,4.0
grid16,constant_lift,108,140,0.0039062499999999996,4.0
grid16,constant_lift,109,141,0.0039062499999999996,4.0
grid16,constant_lift,110,142,0.0039062499999999996,4.0
grid16,constant_lift,111,143,0.0039062499999999996,4.0
grid16,constant_lift,112,144,0.0039062499999999996,4.0
grid16,constant_lift,113,145,0.0039062499999999996,4.0
grid16,constant_lift,114,146,0.0039062499999999996,4.0
grid16,constant_lift,115,147,0.0039062499999999996,4.0
grid16,constant_lift,116,148,0.0039062499999999996,4.0
grid16,constant_lift,117,149,0.0039062499999999996,4.0
grid16,constant_lift,118,150,0.0039062499999999996,4.0
grid16,constant_lift,119,151,3.00390625,4.0
grid16,constant_lift,120,154,2.12890625,4.0
grid16,constant_lift,121,155,0.0039062499999999996,4.0
grid16,constant_lift,122,156,0.0039062499999999996,4.0
grid16,constant_lift,123,157,0.0039062499999999996,4.0
grid16,constant_lift,124,158,0.0039062499999999996,4.0
grid16,constant_lift,125,159,0.0039062499999999996,4.0
grid16,constant_lift,126,160,0.0039062499999999996,4.0
grid16,constant_lift,127,161,0.0039062499999999996,4.0
grid16,constant_lift,128,162,0.0039062499999999996,4.0
grid16,constant_lift,129,163,0.0039062499999999996,4.0
grid16,constant_lift,130,164,0.0039062499999999996,4.0
grid16,constant_lift,131,165,0.0039062499999999996,4.0
grid16,constant_lift,132,166,0.0039062499999999996,4.0
grid16,constant_lift,133,167,0.0039062499999999996,4.0
grid16,constant_lift,134,168,3.12890625,4.0
grid16,constant_lift,135,171,2.25390625,4.0
grid16,constant_lift,136,172,0.0039062499999999996,4.0
grid16,constant_lift,137,173,0.0039062499999999996,4.0
grid16,constant_lift,138,174,0.0039062499999999996,4.0
grid16,constant_lift,139,175,0.0039062499999999996,4.0
grid16,constant_lift,140,176,0.0039062499999999996,4.0
grid16,constant_lift,141,177,0.0039062499999999996,4.0
grid16,constant_lift,142,178,0.0039062499999999996,4.0
grid16,constant_lift,143,179,0.0039062499999999996,4.0
grid16,constant_lift,144,180,0.0039062499999999996,4.0
grid16,constant_lift,145,181,0.0039062499999999996,4.0
grid16,constant_lift,146,182,0.0039062499999999996,4.0
grid16,constant_lift,147,183,0.0039062499999999996,4.0
grid16,constant_lift,148,184,0.0039062499999999996,4.0
grid16,constant_lift,149,185,3.25390625,4.0
grid16,constant_lift,150,188,2.37890625,4.0
grid16,constant_lift,151,189,0.0039062499999999996,4.0
grid16,constant_lift,152,190,0.0039062499999999996,4.0
grid16,constant_lift,153,191,0.0039062499999999996,4.0
grid16,constant_lift,154,192,0.0039062499999999996,4.0
grid16,constant_lift,155,193,0.0039062499999999996,4.0
grid16,constant_lift,156,194,0.0039062499999999996,4.0
grid16,constant_lift,157,195,0.0039062499999999996,4.0
grid16,constant_lift,158,196,0.0039062499999999996,4.0
grid16,constant_lift,159,197,0.0039062499999999996,4.0
grid16,constant_lift,160,198,0.0039062499999999996,4.0
grid16,constant_lift,161,199,0.0039062499999999996,4.0
grid16,constant_lift,162,200,0.0039062499999999996,4.0
grid16,constant_lift,163,201,0.0039062499999999996,4.0
grid16,constant_lift,164,202,3.37890625,4.0
grid16,constant_lift,165,205,2.50390625,4.0
grid16,constant_lift,166,206,0.0039062499999999996,4.0
grid16,constant_lift,167,207,0.0039062499999999996,4.0
grid16,constant_lift,168,208,0.0039062499999999996,4.0
grid16,constant_lift,169,209,0.0039062499999999996,4.0
grid16,constant_lift,170,210,0.0039062499999999996,4.0
grid16,constant_lift,171,211,0.0039062499999999996,4.0
grid16,constant_lift,172,212,0.0039062499999999996,4.0
grid16,constant_lift,173,213,0.0039062499999999996,4.0
grid16,constant_lift,174,214,0.0039062499999999996,4.0
grid16,constant_lift,175,215,0.0039062499999999996,4.0
grid16,constant_lift,176,216,0.0039062499999999996,4.0
grid16,constant_lift,177,217,0.0039062499999999996,4.0
grid16,constant_lift,178,218,0.0039062499999999996,4.0
grid16,constant_lift,179,219,3.50390625,4.0
grid16,constant_lift,180,222,2.62890625,4.0
grid16,constant_lift,181,223,0.0039062499999999996,4.0
grid16,constant_lift,182,224,0.0039062499999999996,4.0
grid16,constant_lift,183,225,0.0039062499999999996,4.0
grid16,constant_lift,184,226,0.0039062499999999996,4.0
grid16,constant_lift,185,227,0.0039062499999999996,4.0
grid16,constant_lift,186,228,0.0039062499999999996,4.0
grid16,constant_lift,187,229,0.0039062499999999996,4.0
grid16,constant_lift,188,230,0.0039062499999999996,4.0
grid16,constant_lift,189,231,0.0039062499999999996,4.0
grid16,constant_lift,190,232,0.0039062499999999996,4.0
grid16,constant_lift,191,233,0.0039062499999999996,4.0
grid16,constant_lift,192,234,0.0039062499999999996,4.0
grid16,constant_lift,193,235,0.0039062499999999996,4.0
grid16,constant_lift,194,236,3.62890625,4.0
grid16,constant_lift,195,239,2.75390625,4.0
grid16,constant_lift,196,240,0.0039062499999999996,4.0
grid16,constant_lift,197,241,0.0039062499999999996,4.0
grid16,constant_lift,198,242,0.0039062499999999996,4.0
grid16,constant_lift,199,243,0.0039062499999999996,4.0
grid16,constant_lift,200,244,0.0039062499999999996,4.0
grid16,constant_lift,201,245,0.0039062499999999996,4.0
grid16,constant_lift,202,246,0.0039062499999999996,4.0
grid16,constant_lift,203,247,0.0039062499999999996,4.0
grid16,constant_lift,204,248,0.0039062499999999996,4.0
grid16,constant_lift,205,249,0.0039062499999999996,4.0
grid16,constant_lift,206,250,0.0039062499999999996,4.0
grid16,constant_lift,207,251,0.0039062499999999996,4.0
grid16,constant_lift,208,252,0.0039062499999999996,4.0
grid16,constant_lift,209,253,3.75390625,4.0
grid16,constant_lift,210,256,5.94140625,4.0
grid16,constant_lift,211,257,3.12890625,4.0
grid16,constant_lift,212,258,3.19140625,4.0
grid16,constant_lift,213,259,3.25390625,4.0
grid16,constant_lift,214,260,3.31640625,4.0
grid16,constant_lift,215,261,3.37890625,4.0
grid16,constant_lift,216,262,3.44140625,4.0
grid16,constant_lift,217,263,3.50390625,4.0
grid16,constant_lift,218,264,3.56640625,4.0
grid16,constant_lift,219,265,3.62890625,4.0
grid16,constant_lift,220,266,3.69140625,4.0
grid16,constant_lift,221,267,3.75390625,4.0
grid16,constant_lift,222,268,3.81640625,4.0
grid16,constant_lift,223,269,3.87890625,4.0
grid16,constant_lift,224,270,7.81640625,4.0
grid16,affine_patch,0,18,2.1875,4.0
grid16,affine_patch,1,19,1.125,4.0
grid16,affine_patch,2,20,1.1875,4.0
grid16,affine_patch,3,21,1.25,4.0
grid16,affine_patch,4,22,1.3125,4.0
grid16,affine_patch,5,23,1.375,4.0
grid16,affine_patch,6,24,1.4375,4.0
grid16,affine_patch,7,25,1.5,4.0
grid16,affine_patch,8,26,1.5625,4.0
grid16,affine_patch,9,27,1.625,4.0
grid16,affine_patch,10,28,1.6875,4.0
grid16,affine_patch,11,29,1.75,4.0
grid16,affine_patch,12,30,1.8125,4.0
grid16,affine_patch,13,31,1.875,4.0
grid16,affine_patch,14,32,4.0625,4.0
grid16,affine_patch,15,35,1.25,4.0
grid16,affine_patch,16,36,0.0,4.0
grid16,affine_patch,17,37,0.0,4.0
grid16,affine_patch,18,38,0.0,4.0
grid16,affine_patch,19,39,0.0,4.0
grid16,affine_patch,20,40,0.0,4.0
grid16,affine_patch,21,41,0.0,4.0
grid16,affine_patch,22,42,0.0,4.0
grid16,affine_patch,23,43,0.0,4.0
grid16,affine_patch,24,44,0.0,4.0
grid16,affine_patch,25,45,0.0,4.0
grid16,affine_patch,26,46,0.0,4.0
grid16,affine_patch,27,47,0.0,4.0
grid16,affine_patch,28,48,0.0,4.0
grid16,affine_patch,29,49,2.25,4.0
grid16,affine_patch,30,52,1.375,4.0
grid16,affine_patch,31,53,0.0,4.0
grid16,affine_patch,32,54,0.0,4.0
grid16,affine_patch,33,55,0.0,4.0
grid16,affine_patch,34,56,0.0,4.0
grid16,affine_patch,35,57,0.0,4.0
grid16,affine_patch,36,58,0.0,4.0
grid16,affine_patch,37,59,0.0,4.0
grid16,affine_patch,38,60,0.0,4.0
grid16,affine_patch,39,61,0.0,4.0
grid16,affine_patch,40,62,0.0,4.0
grid16,affine_patch,41,63,0.0,4.0
grid16,affine_patch,42,64,0.0,4.0
grid16,affine_patch,43,65,0.0,4.0
grid16,affine_patch,44,66,2.375,4.0
grid16,affine_patch,45,69,1.5,4.0
grid16,affine_patch,46,70,0.0,4.0
grid16,affine_patch,47,71,0.0,4.0
grid16,affine_patch,48,72,0.0,4.0
grid16,affine_patch,49,73,0.0,4.0
grid16,affine_patch,50,74,0.0,4.0
grid16,affine_patch,51,75,0.0,4.0
grid16,affine_patch,52,76,0.0,4.0
grid16,affine_patch,53,77,0.0,4.0
grid16,affine_patch,54,78,0.0,4.0
grid16,affine_patch,55,79,0.0,4.0
grid16,affine_patch,56,80,0.0,4.0
grid16,affine_patch,57,81,0.0,4.0
grid16,affine_patch,58,82,0.0,4.0
grid16,affine_patch,59,83,2.5,4.0
grid16,affine_patch,60,86,1.625,4.0
grid16,affine_patch,61,87,0.0,4.0
grid16,affine_patch,62,88,0.0,4.0
grid16,affine_patch,63,89,0.0,4.0
grid16,affine_patch,64,90,0.0,4.0
grid16,affine_patch,65,91,0.0,4.0
grid16,affine_patch,66,92,0.0,4.0
grid16,affine_patch,67,93,0.0,4.0
grid16,affine_patch,68,94,0.0,4.0
grid16,affine_patch,69,95,0.0,4.0
grid16,affine_patch,70,96,0.0,4.0
grid16,affine_patch,71,97,0.0,4.0
grid16,affine_patch,72,98,0.0,4.0
grid16,affine_patch,73,99,0.0,4.0
grid16,affine_patch,74,100,2.625,4.0
grid16,affine_patch,75,103,1.75,4.0
grid16,affine_patch,76,104,0.0,4.0
grid16,affine_patch,77,105,0.0,4.0
grid16,affine_patch,78,106,0.0,4.0
grid16,affine_patch,79,107,0.0,4.0
grid16,affine_patch,80,108,0.0,4.0
grid16,affine_patch,81,109,0.0,4.0
grid16,affine_patch,82,110,0.0,4.0
grid16,affine_patch,83,111,0.0,4.0
grid16,affine_patch,84,112,0.0,4.0
grid16,affine_patch,85,113,0.0,4.0
grid16,affine_patch,86,114,0.0,4.0
grid16,affine_patch,87,115,0.0,4.0
grid16,affine_patch,88,116,0.0,4.0
grid16,affine_patch,89,117,2.75,4.0
grid16,affine_patch,90,120,1.875,4.0
grid16,affine_patch,91,121,0.0,4.0
grid16,affine_patch,92,122,0.0,4.0
grid16,affine_patch,93,123,0.0,4.0
grid16,affine_patch,94,124,0.0,4.0
grid16,affine_patch,95,125,0.0,4.0
grid16,affine_patch,96,126,0.0,4.0
grid16,affine_patch,97,127,0.0,4.0
grid16,affine_patch,98,128,0.0,4.0
grid16,affine_patch,99,129,0.0,4.0
grid16,affine_patch,100,130,0.0,4.0
grid16,affine_patch,101,131,0.0,4.0
grid16,affine_patch,102,132,0.0,4.0
grid16,affine_patch,103,133,0.0,4.0
grid16,affine_patch,104,134,2.875,4.0
grid16,affine_patch,105,137,2.0,4.0
grid16,affine_patch,106,138,0.0,4.0
grid16,affine_patch,107,139,0.0,4.0
grid16,affine_patch,108,140,0.0,4.0
grid16,affine_patch,109,141,0.0,4.0
grid16,affine_patch,110,142,0.0,4.0
grid16,affine_patch,111,143,0.0,4.0
grid16,affine_patch,112,144,0.0,4.0
grid16,affine_patch,113,145,0.0,4.0
grid16,affine_patch,114,146,0.0,4.0
grid16,affine_patch,115,147,0.0,4.0
grid16,affine_patch,116,148,0.0,4.0
grid16,affine_patch,117,149,0.0,4.0
grid16,affine_patch,118,150,0.0,4.0
grid16,affine_patch,119,151,3.0,4.0
grid16,affine_patch,120,154,2.125,4.0
grid16,affine_patch,121,155,0.0,4.0
grid16,affine_patch,122,156,0.0,4.0
grid16,affine_patch,123,157,0.0,4.0
grid16,affine_patch,124,158,0.0,4.0
grid16,affine_patch,125,159,0.0,4.0
grid16,affine_patch,126,160,0.0,4.0
grid16,affine_patch,127,161,0.0,4.0
grid16,affine_patch,128,162,0.0,4.0
grid16,affine_patch,129,163,0.0,4.0
grid16,affine_patch,130,164,0.0,4.0
grid16,affine_patch,131,165,0.0,4.0
grid16,affine_patch,132,166,0.0,4.0
grid16,affine_patch,133,167,0.0,4.0
grid16,affine_patch,134,168,3.125,4.0
grid16,affine_patch,135,171,2.25,4.0
grid16,affine_patch,136,172,0.0,4.0
grid16,affine_patch,137,173,0.0,4.0
grid16,affine_patch,138,174,0.0,4.0
grid16,affine_patch,139,175,0.0,4.0
grid16,affine_patch,140,176,0.0,4.0
grid16,affine_patch,141,177,0.0,4.0
grid16,affine_patch,142,178,0.0,4.0
grid16,affine_patch,143,179,0.0,4.0
grid16,affine_patch,144,180,0.0,4.0
grid16,affine_patch,145,181,0.0,4.0
grid16,affine_patch,146,182,0.0,4.0
grid16,affine_patch,147,183,0.0,4.0
grid16,affine_patch,148,184,0.0,4.0
grid16,affine_patch,149,185,3.25,4.0
grid16,affine_patch,150,188,2.375,4.0
grid16,affine_patch,151,189,0.0,4.0
grid16,affine_patch,152,190,0.0,4.0
grid16,affine_patch,153,191,0.0,4.0
grid16,affine_patch,154,192,0.0,4.0
grid16,affine_patch,155,193,0.0,4.0
grid16,affine_patch,156,194,0.0,4.0
grid16,affine_patch,157,195,0.0,4.0
grid16,affine_patch,158,196,0.0,4.0
grid16,affine_patch,159,197,0.0,4.0
grid16,affine_patch,160,198,0.0,4.0
grid16,affine_patch,161,199,0.0,4.0
grid16,affine_patch,162,200,0.0,4.0
grid16,affine_patch,163,201,0.0,4.0
grid16,affine_patch,164,202,3.375,4.0
grid16,affine_patch,165,205,2.5,4.0
grid16,affine_patch,166,206,0.0,4.0
grid16,affine_patch,167,207,0.0,4.0
grid16,affine_patch,168,208,0.0,4.0
grid16,affine_patch,169,209,0.0,4.0
grid16,affine_patch,170,210,0.0,4.0
grid16,affine_patch,171,211,0.0,4.0
grid16,affine_patch,172,212,0.0,4.0
grid16,affine_patch,173,213,0.0,4.0
grid16,affine_patch,174,214,0.0,4.0
grid16,affine_patch,175,215,0.0,4.0
grid16,affine_patch,176,216,0.0,4.0
grid16,affine_patch,177,217,0.0,4.0
grid16,affine_patch,178,218,0.0,4.0
grid16,affine_patch,179,219,3.5,4.0
grid16,affine_patch,180,222,2.625,4.0
grid16,affine_patch,181,223,0.0,4.0
grid16,affine_patch,182,224,0.0,4.0
grid16,affine_patch,183,225,0.0,4.0
grid16,affine_patch,184,226,0.0,4.0
grid16,affine_patch,185,227,0.0,4.0
grid16,affine_patch,186,228,0.0,4.0
grid16,affine_patch,187,229,0.0,4.0
grid16,affine_patch,188,230,0.0,4.0
grid16,affine_patch,189,231,0.0,4.0
grid16,affine_patch,190,232,0.0,4.0
grid16,affine_patch,191,233,0.0,4.0
grid16,affine_patch,192,234,0.0,4.0
grid16,affine_patch,193,235,0.0,4.0
grid16,affine_patch,194,236,3.625,4.0
grid16,affine_patch,195,239,2.75,4.0
grid16,affine_patch,196,240,0.0,4.0
grid16,affine_patch,197,241,0.0,4.0
grid16,affine_patch,198,242,0.0,4.0
grid16,affine_patch,199,243,0.0,4.0
grid16,affine_patch,200,244,0.0,4.0
grid16,affine_patch,201,245,0.0,4.0
grid16,affine_patch,202,246,0.0,4.0
grid16,affine_patch,203,247,0.0,4.0
grid16,affine_patch,204,248,0.0,4.0
grid16,affine_patch,205,249,0.0,4.0
grid16,affine_patch,206,250,0.0,4.0
grid16,affine_patch,207,251,0.0,4.0
grid16,affine_patch,208,252,0.0,4.0
grid16,affine_patch,209,253,3.75,4.0
grid16,affine_patch,210,256,5.9375,4.0
grid16,affine_patch,211,257,3.125,4.0
grid16,affine_patch,212,258,3.1875,4.0
grid16,affine_patch,213,259,3.25,4.0
grid16,affine_patch,214,260,3.3125,4.0
grid16,affine_patch,215,261,3.375,4.0
grid16,affine_patch,216,262,3.4375,4.0
grid16,affine_patch,217,263,3.5,4.0
grid16,affine_patch,218,264,3.5625,4.0
grid16,affine_patch,219,265,3.625,4.0
grid16,affine_patch,220,266,3.6875,4.0
grid16,affine_patch,221,267,3.75,4.0
grid16,affine_patch,222,268,3.8125,4.0
grid16,affine_patch,223,269,3.875,4.0
grid16,affine_patch,224,270,7.8125,4.0
grid16,linear_source,0,18,0.00048828124999999995,4.0
grid16,linear_source,1,19,0.000732421875,4.0
grid16,linear_source,2,20,0.0009765624999999999,4.0
grid16,linear_source,3,21,0.001220703125,4.0
grid16,linear_source,4,22,0.00146484375,4.0
grid16,linear_source,5,23,0.0017089843750000002,4.0
grid16,linear_source,6,24,0.0019531249999999998,4.0
grid16,linear_source,7,25,0.002197265625,4.0
grid16,linear_source,8,26,0.00244140625,4.0
grid16,linear_source,9,27,0.002685546875,4.0
grid16,linear_source,10,28,0.0029296875,4.0
grid16,linear_source,11,29,0.0031738281249999996,4.0
grid16,linear_source,12,30,0.0034179687500000004,4.0
grid16,linear_source,13,31,0.003662109375,4.0
grid16,linear_source,14,32,0.0039062499999999996,4.0
grid16,linear_source,15,35,0.000732421875,4.0
grid16,linear_source,16,36,0.0009765624999999999,4.0
grid16,linear_source,17,37,0.001220703125,4.0
grid16,linear_source,18,38,0.00146484375,4.0
grid16,linear_source,19,39,0.0017089843750000002,4.0
grid16,linear_source,20,40,0.0019531249999999998,4.0
grid16,linear_source,21,41,0.002197265625,4.0
grid16,linear_source,22,42,0.00244140625,4.0
grid16,linear_source,23,43,0.002685546875,4.0
grid16,linear_source,24,44,0.0029296875,4.0
grid16,linear_source,25,45,0.0031738281249999996,4.0
grid16,linear_source,26,46,0.0034179687500000004,4.0
grid16,linear_source,27,47,0.003662109375,4.0
grid16,linear_source,28,48,0.0039062499999999996,4.0
grid16,linear_source,29,49,0.004150390625,4.0
grid16,linear_source,30,52,0.0009765624999999999,4.0
grid16,linear_source,31,53,0.001220703125,4.0
grid16,linear_source,32,54,0.00146484375,4.0
grid16,linear_source,33,55,0.0017089843750000002,4.0
grid16,linear_source,34,56,0.0019531249999999998,4.0
grid16,linear_source,35,57,0.002197265625,4.0
grid16,linear_source,36,58,0.00244140625,4.0
grid16,linear_source,37,59,0.002685546875,4.0
grid16,linear_source,38,60,0.0029296875,4.0
grid16,linear_source,39,61,0.0031738281249999996,4.0
grid16,linear_source,40,62,0.0034179687500000004,4.0
grid16,linear_source,41,63,0.003662109375,4.0
grid16,linear_source,42,64,0.0039062499999999996,4.0
grid16,linear_source,43,65,0.004150390625,4.0
grid16,linear_source,44,66,0.00439453125,4.0
grid16,linear_source,45,69,0.001220703125,4.0
grid16,linear_source,46,70,0.00146484375,4.0
grid16,linear_source,47,71,0.0017089843750000002,4.0
grid16,linear_source,48,72,0.0019531249999999998,4.0
grid16,linear_source,49,73,0.002197265625,4.0
grid16,linear_source,50,74,0.00244140625,4.0
grid16,linear_source,51,75,0.002685546875,4.0
grid16,linear_source,52,76,0.0029296875,4.0
grid16,linear_source,53,77,0.0031738281249999996,4.0
grid16,linear_source,54,78,0.0034179687500000004,4.0
grid16,linear_source,55,79,0.003662109375,4.0
grid16,linear_source,56,80,0.0039062499999999996,4.0
grid16,linear_source,57,81,0.004150390625,4.0
grid16,linear_source,58,82,0.00439453125,4.0
grid16,linear_source,59,83,0.004638671875,4.0
grid16,linear_source,60,86,0.00146484375,4.0
grid16,linear_source,61,87,0.0017089843750000002,4.0
grid16,linear_source,62,88,0.0019531249999999998,4.0
grid16,linear_source,63,89,0.002197265625,4.0
grid16,linear_source,64,90,0.00244140625,4.0
grid16,linear_source,65,91,0.002685546875,4.0
grid16,linear_source,66,92,0.0029296875,4.0
grid16,linear_source,67,93,0.0031738281249999996,4.0
grid16,linear_source,68,94,0.0034179687500000004,4.0
grid16,linear_source,69,95,0.003662109375,4.0
grid16,linear_source,70,96,0.0039062499999999996,4.0
grid16,linear_source,71,97,0.004150390625,4.0
grid16,linear_source,72,98,0.00439453125,4.0
grid16,linear_source,73,99,0.004638671875,4.0
grid16,linear_source,74,100,0.0048828125,4.0
grid16,linear_source,75,103,0.0017089843750000002,4.0
grid16,linear_source,76,104,0.0019531249999999998,4.0
grid16,linear_source,77,105,0.002197265625,4.0
grid16,linear_source,78,106,0.00244140625,4.0
grid16,linear_source,79,107,0.002685546875,4.0
grid16,linear_source,80,108,0.0029296875,4.0
grid16,linear_source,81,109,0.0031738281249999996,4.0
grid16,linear_source,82,110,0.0034179687500000004,4.0
grid16,linear_source,83,111,0.003662109375,4.0
grid16,linear_source,84,112,0.0039062499999999996,4.0
grid16,linear_source,85,113,0.004150390625,4.0
grid16,linear_source,86,114,0.00439453125,4.0
grid16,linear_source,87,115,0.004638671875,4.0
grid16,linear_source,88,116,0.0048828125,4.0
grid16,linear_source,89,117,0.005126953125,4.0
grid16,linear_source,90,120,0.0019531249999999998,4.0
grid16,linear_source,91,121,0.002197265625,4.0
grid16,linear_source,92,122,0.00244140625,4.0
grid16,linear_source,93,123,0.002685546875,4.0
grid16,linear_source,94,124,0.0029296875,4.0
grid16,linear_source,95,125,0.0031738281249999996,4.0
grid16,linear_source,96,126,0.0034179687500000004,4.0
grid16,linear_source,97,127,0.003662109375,4.0
grid16,linear_source,98,128,0.0039062499999999996,4.0
grid16,linear_source,99,129,0.004150390625,4.0
grid16,linear_source,100,130,0.00439453125,4.0
grid16,linear_source,101,131,0.004638671875,4.0
grid16,linear_source,102,132,0.0048828125,4.0
grid16,linear_source,103,133,0.005126953125,4.0
grid16,linear_source,104,134,0.00537109375,4.0
grid16,linear_source,105,137,0.002197265625,4.0
grid16,linear_source,106,138,0.00244140625,4.0
grid16,linear_source,107,139,0.002685546875,4.0
grid16,linear_source,108,140,0.0029296875,4.0
grid16,linear_source,109,141,0.0031738281249999996,4.0
grid16,linear_source,110,142,0.0034179687500000004,4.0
grid16,linear_source,111,143,0.003662109375,4.0
grid16,linear_source,112,144,0.0039062499999999996,4.0
grid16,linear_source,113,145,0.004150390625,4.0
grid16,linear_source,114,146,0.00439453125,4.0
grid16,linear_source,115,147,0.004638671875,4.0
grid16,linear_source,116,148,0.0048828125,4.0
grid16,linear_source,117,149,0.005126953125,4.0
grid16,linear_source,118,150,0.00537109375,4.0
grid16,linear_source,119,151,0.005615234375,4.0
grid16,linear_source,120,154,0.00244140625,4.0
grid16,linear_source,121,155,0.002685546875,4.0
grid16,linear_source,122,156,0.0029296875,4.0
grid16,linear_source,123,157,0.0031738281249999996,4.0
grid16,linear_source,124,158,0.0034179687500000004,4.0
grid16,linear_source,125,159,0.003662109375,4.0
grid16,linear_source,126,160,0.0039062499999999996,4.0
grid16,linear_source,127,161,0.004150390625,4.0
grid16,linear_source,128,162,0.00439453125,4.0
grid16,linear_source,129,163,0.004638671875,4.0
grid16,linear_source,130,164,0.0048828125,4.0
grid16,linear_source,131,165,0.005126953125,4.0
grid16,linear_source,132,166,0.00537109375,4.0
grid16,linear_source,133,167,0.005615234375,4.0
grid16,linear_source,134,168,0.005859375,4.0
grid16,linear_source,135,171,0.002685546875,4.0
grid16,linear_source,136,172,0.0029296875,4.0
grid16,linear_source,137,173,0.0031738281249999996,4.0
grid16,linear_source,138,174,0.0034179687500000004,4.0
grid16,linear_source,139,175,0.003662109375,4.0
grid16,linear_source,140,176,0.0039062499999999996,4.0
grid16,linear_source,141,177,0.004150390625,4.0
grid16,linear_source,142,178,0.00439453125,4.0
grid16,linear_source,143,179,0.004638671875,4.0
grid16,linear_source,144,180,0.0048828125,4.0
grid16,linear_source,145,181,0.005126953125,4.0
grid16,linear_source,146,182,0.00537109375,4.0
grid16,linear_source,147,183,0.005615234375,4.0
grid16,linear_source,148,184,0.005859375,4.0
grid16,linear_source,149,185,0.006103515625000001,4.0
grid16,linear_source,150,188,0.0029296875,4.0
grid16,linear_source,151,189,0.0031738281249999996,4.0
grid16,linear_source,152,190,0.0034179687500000004,4.0
grid16,linear_source,153,191,0.003662109375,4.0
grid16,linear_source,154,192,0.0039062499999999996,4.0
grid16,linear_source,155,193,0.004150390625,4.0
grid16,linear_source,156,194,0.00439453125,4.0
grid16,linear_source,157,195,0.004638671875,4.0
grid16,linear_source,158,196,0.0048828125,4.0
grid16,linear_source,159,197,0.005126953125,4.0
grid16,linear_source,160,198,0.00537109375,4.0
grid16,linear_source,161,199,0.005615234375,4.0
grid16,linear_source,162,200,0.005859375,4.0
grid16,linear_source,163,201,0.006103515625000001,4.0
grid16,linear_source,164,202,0.006347656249999999,4.0
grid16,linear_source,165,205,0.0031738281249999996,4.0
grid16,linear_source,166,206,0.0034179687500000004,4.0
grid16,linear_source,167,207,0.003662109375,4.0
grid16,linear_source,168,208,0.0039062499999999996,4.0
grid16,linear_source,169,209,0.004150390625,4.0
grid16,linear_source,170,210,0.00439453125,4.0
grid16,linear_source,171,211,0.004638671875,4.0
grid16,linear_source,172,212,0.0048828125,4.0
grid16,linear_source,173,213,0.005126953125,4.0
grid16,linear_source,174,214,0.00537109375,4.0
grid16,linear_source,175,215,0.005615234375,4.0
grid16,linear_source,176,216,0.005859375,4.0
grid16,linear_source,177,217,0.006103515625000001,4.0
grid16,linear_source,178,218,0.006347656249999999,4.0
grid16,linear_source,179,219,0.006591796875,4.0
grid16,linear_source,180,222,0.0034179687500000004,4.0
grid16,linear_source,181,223,0.003662109375,4.0
grid16,linear_source,182,224,0.0039062499999999996,4.0
grid16,linear_source,183,225,0.004150390625,4.0
grid16,linear_source,184,226,0.00439453125,4.0
grid16,linear_source,185,227,0.004638671875,4.0
grid16,linear_source,186,228,0.0048828125,4.0
grid16,linear_source,187,229,0.005126953125,4.0
grid16,linear_source,188,230,0.00537109375,4.0
grid16,linear_source,189,231,0.005615234375,4.0
grid16,linear_source,190,232,0.005859375,4.0
grid16,linear_source,191,233,0.006103515625000001,4.0
grid16,linear_source,192,234,0.006347656249999999,4.0
grid16,linear_source,193,235,0.006591796875,4.0
grid16,linear_source,194,236,0.006835937500000001,4.0
grid16,linear_source,195,239,0.003662109375,4.0
grid16,linear_source,196,240,0.0039062499999999996,4.0
grid16,linear_source,197,241,0.004150390625,4.0
grid16,linear_source,198,242,0.00439453125,4.0
grid16,linear_source,199,243,0.004638671875,4.0
grid16,linear_source,200,244,0.0048828125,4.0
grid16,linear_source,201,245,0.005126953125,4.0
grid16,linear_source,202,246,0.00537109375,4.0
grid16,linear_source,203,247,0.005615234375,4.0
grid16,linear_source,204,248,0.005859375,4.0
grid16,linear_source,205,249,0.006103515625000001,4.0
grid16,linear_source,206,250,0.006347656249999999,4.0
grid16,linear_source,207,251,0.006591796875,4.0
grid16,linear_source,208,252,0.006835937500000001,4.0
grid16,linear_source,209,253,0.007080078124999999,4.0
grid16,linear_source,210,256,0.0039062499999999996,4.0
grid16,linear_source,211,257,0.004150390625,4.0
grid16,linear_source,212,258,0.00439453125,4.0
grid16,linear_source,213,259,0.004638671875,4.0
grid16,linear_source,214,260,0.0048828125,4.0
grid16,linear_source,215,261,0.005126953125,4.0
grid16,linear_source,216,262,0.00537109375,4.0
grid16,linear_source,217,263,0.005615234375,4.0
grid16,linear_source,218,264,0.005859375,4.0
grid16,linear_source,219,265,0.006103515625000001,4.0
grid16,linear_source,220,266,0.006347656249999999,4.0
grid16,linear_source,221,267,0.006591796875,4.0
grid16,linear_source,222,268,0.006835937500000001,4.0
grid16,linear_source,223,269,0.007080078124999999,4.0
grid16,linear_source,224,270,0.00732421875,4.0
grid16,quartic,0,18,0.0009053548177083337,4.0
grid16,quartic,1,19,0.0013020833333333335,4.0
grid16,quartic,2,20,0.0016377766927083337,4.0
grid16,quartic,3,21,0.0019124348958333335,4.0
grid16,quartic,4,22,0.002126057942708334,4.0
grid16,quartic,5,23,0.002278645833333334,4.0
grid16,quartic,6,24,0.002370198567708334,4.0
grid16,quartic,7,25,0.0024007161458333335,4.0
grid16,quartic,8,26,0.002370198567708334,4.0
grid16,quartic,9,27,0.0022786458333333335,4.0
grid16,quartic,10,28,0.0021260579427083335,4.0
grid16,quartic,11,29,0.0019124348958333335,4.0
grid16,quartic,12,30,0.0016377766927083335,4.0
grid16,quartic,13,31,0.001302083333333333,4.0
grid16,quartic,14,32,0.000905354817708333,4.0
grid16,quartic,15,35,0.0013020833333333337,4.0
grid16,quartic,16,36,0.0016988118489583337,4.0
grid16,quartic,17,37,0.0020345052083333335,4.0
grid16,quartic,18,38,0.002309163411458334,4.0
grid16,quartic,19,39,0.0025227864583333335,4.0
grid16,quartic,20,40,0.0026753743489583335,4.0
grid16,quartic,21,41,0.002766927083333334,4.0
grid16,quartic,22,42,0.0027974446614583335,4.0
grid16,quartic,23,43,0.0027669270833333335,4.0
grid16,quartic,24,44,0.002675374348958334,4.0
grid16,quartic,25,45,0.0025227864583333335,4.0
grid16,quartic,26,46,0.0023091634114583335,4.0
grid16,quartic,27,47,0.0020345052083333335,4.0
grid16,quartic,28,48,0.001698811848958333,4.0
grid16,quartic,29,49,0.0013020833333333333,4.0
grid16,quartic,30,52,0.0016377766927083337,4.0
grid16,quartic,31,53,0.0020345052083333335,4.0
grid16,quartic,32,54,0.0023701985677083335,4.0
grid16,quartic,33,55,0.002644856770833334,4.0
grid16,quartic,34,56,0.0028584798177083335,4.0
grid16,quartic,35,57,0.003011067708333334,4.0
grid16,quartic,36,58,0.003102620442708334,4.0
grid16,quartic,37,59,0.003133138020833334,4.0
grid16,quartic,38,60,0.003102620442708334,4.0
grid16,quartic,39,61,0.003011067708333334,4.0
grid16,quartic,40,62,0.002858479817708334,4.0
grid16,quartic,41,63,0.0026448567708333335,4.0
grid16,quartic,42,64,0.0023701985677083335,4.0
grid16,quartic,43,65,0.002034505208333333,4.0
grid16,quartic,44,66,0.0016377766927083335,4.0
grid16,quartic,45,69,0.0019124348958333335,4.0
grid16,quartic,46,70,0.002309163411458334,4.0
grid16,quartic,47,71,0.0026448567708333335,4.0
grid16,quartic,48,72,0.0029195149739583335,4.0
grid16,quartic,49,73,0.0031331380208333335,4.0
grid16,quartic,50,74,0.003285725911458334,4.0
grid16,quartic,51,75,0.003377278645833334,4.0
grid16,quartic,52,76,0.0034077962239583335,4.0
grid16,quartic,53,77,0.0033772786458333335,4.0
grid16,quartic,54,78,0.003285725911458334,4.0
grid16,quartic,55,79,0.003133138020833334,4.0
grid16,quartic,56,80,0.002919514973958334,4.0
grid16,quartic,57,81,0.0026448567708333335,4.0
grid16,quartic,58,82,0.002309163411458333,4.0
grid16,quartic,59,83,0.0019124348958333335,4.0
grid16,quartic,60,86,0.002126057942708334,4.0
grid16,quartic,61,87,0.0025227864583333335,4.0
grid16,quartic,62,88,0.0028584798177083335,4.0
grid16,quartic,63,89,0.0031331380208333335,4.0
grid16,quartic,64,90,0.003346761067708334,4.0
grid16,quartic,65,91,0.0034993489583333335,4.0
grid16,quartic,66,92,0.003590901692708334,4.0
grid16,quartic,67,93,0.0036214192708333335,4.0
grid16,quartic,68,94,0.003590901692708334,4.0
grid16,quartic,69,95,0.003499348958333334,4.0
grid16,quartic,70,96,0.0033467610677083335,4.0
grid16,quartic,71,97,0.0031331380208333335,4.0
grid16,quartic,72,98,0.002858479817708334,4.0
grid16,quartic,73,99,0.002522786458333333,4.0
grid16,quartic,74,100,0.002126057942708333,4.0
grid16,quartic,75,103,0.0022786458333333335,4.0
grid16,quartic,76,104,0.002675374348958334,4.0
grid16,quartic,77,105,0.003011067708333334,4.0
grid16,quartic,78,106,0.003285725911458334,4.0
grid16,quartic,79,107,0.0034993489583333335,4.0
grid16,quartic,80,108,0.003651936848958334,4.0
grid16,quartic,81,109,0.0037434895833333335,4.0
grid16,quartic,82,110,0.0037740071614583335,4.0
grid16,quartic,83,111,0.003743489583333334,4.0
grid16,quartic,84,112,0.003651936848958334,4.0
grid16,quartic,85,113,0.0034993489583333335,4.0
grid16,quartic,86,114,0.0032857259114583335,4.0
grid16,quartic,87,115,0.003011067708333334,4.0
grid16,quartic,88,116,0.002675374348958333,4.0
grid16,quartic,89,117,0.002278645833333333,4.0
grid16,quartic,90,120,0.002370198567708334,4.0
grid16,quartic,91,121,0.002766927083333334,4.0
grid16,quartic,92,122,0.003102620442708334,4.0
grid16,quartic,93,123,0.003377278645833334,4.0
grid16,quartic,94,124,0.003590901692708334,4.0
grid16,quartic,95,125,0.003743489583333334,4.0
grid16,quartic,96,126,0.003835042317708334,4.0
grid16,quartic,97,127,0.003865559895833334,4.0
grid16,quartic,98,128,0.003835042317708334,4.0
grid16,quartic,99,129,0.003743489583333334,4.0
grid16,quartic,100,130,0.003590901692708334,4.0
grid16,quartic,101,131,0.003377278645833334,4.0
grid16,quartic,102,132,0.003102620442708334,4.0
grid16,quartic,103,133,0.0027669270833333335,4.0
grid16,quartic,104,134,0.002370198567708333,4.0
grid16,quartic,105,137,0.002400716145833334,4.0
grid16,quartic,106,138,0.0027974446614583335,4.0
grid16,quartic,107,139,0.003133138020833334,4.0
grid16,quartic,108,140,0.0034077962239583335,4.0
grid16,quartic,109,141,0.003621419270833334,4.0
grid16,quartic,110,142,0.0037740071614583335,4.0
grid16,quartic,111,143,0.003865559895833334,4.0
grid16,quartic,112,144,0.0038960774739583335,4.0
grid16,quartic,113,145,0.003865559895833334,4.0
grid16,quartic,114,146,0.0037740071614583335,4.0
grid16,quartic,115,147,0.003621419270833334,4.0
grid16,quartic,116,148,0.0034077962239583335,4.0
grid16,quartic,117,149,0.0031331380208333335,4.0
grid16,quartic,118,150,0.002797444661458333,4.0
grid16,quartic,119,151,0.0024007161458333335,4.0
grid16,quartic,120,154,0.002370198567708334,4.0
grid16,quartic,121,155,0.0027669270833333335,4.0
grid16,quartic,122,156,0.003102620442708334,4.0
grid16,quartic,123,157,0.003377278645833333,4.0
grid16,quartic,124,158,0.003590901692708334,4.0
grid16,quartic,125,159,0.003743489583333334,4.0
grid16,quartic,126,160,0.003835042317708334,4.0
grid16,quartic,127,161,0.003865559895833334,4.0
grid16,quartic,128,162,0.003835042317708334,4.0
grid16,quartic,129,163,0.003743489583333334,4.0
grid16,quartic,130,164,0.0035909016927083335,4.0
grid16,quartic,131,165,0.003377278645833334,4.0
grid16,quartic,132,166,0.003102620442708334,4.0
grid16,quartic,133,167,0.002766927083333333,4.0
grid16,quartic,134,168,0.002370198567708333,4.0
grid16,quartic,135,171,0.0022786458333333335,4.0
grid16,quartic,136,172,0.0026753743489583335,4.0
grid16,quartic,137,173,0.0030110677083333335,4.0
grid16,quartic,138,174,0.003285725911458334,4.0
grid16,quartic,139,175,0.003499348958333334,4.0
grid16,quartic,140,176,0.0036519368489583335,4.0
grid16,quartic,141,177,0.003743489583333334,4.0
grid16,quartic,142,178,0.0037740071614583335,4.0
grid16,quartic,143,179,0.003743489583333334,4.0
grid16,quartic,144,180,0.003651936848958334,4.0
grid16,quartic,145,181,0.0034993489583333335,4.0
grid16,quartic,146,182,0.0032857259114583335,4.0
grid16,quartic,147,183,0.003011067708333334,4.0
grid16,quartic,148,184,0.002675374348958333,4.0
grid16,quartic,149,185,0.0022786458333333335,4.0
grid16,quartic,150,188,0.0021260579427083335,4.0
grid16,quartic,151,189,0.0025227864583333335,4.0
grid16,quartic,152,190,0.0028584798177083335,4.0
grid16,quartic,153,191,0.003133138020833334,4.0
grid16,quartic,154,192,0.0033467610677083335,4.0
grid16,quartic,155,193,0.0034993489583333335,4.0
grid16,quartic,156,194,0.003590901692708334,4.0
grid16,quartic,157,195,0.003621419270833334,4.0
grid16,quartic,158,196,0.0035909016927083335,4.0
grid16,quartic,159,197,0.0034993489583333335,4.0
grid16,quartic,160,198,0.0033467610677083335,4.0
grid16,quartic,161,199,0.0031331380208333335,4.0
grid16,quartic,162,200,0.002858479817708333,4.0
grid16,quartic,163,201,0.002522786458333333,4.0
grid16,quartic,164,202,0.002126057942708333,4.0
grid16,quartic,165,205,0.0019124348958333337,4.0
grid16,quartic,166,206,0.0023091634114583335,4.0
grid16,quartic,167,207,0.002644856770833334,4.0
grid16,quartic,168,208,0.0029195149739583335,4.0
grid16,quartic,169,209,0.0031331380208333335,4.0
grid16,quartic,170,210,0.0032857259114583335,4.0
grid16,quartic,171,211,0.003377278645833334,4.0
grid16,quartic,172,212,0.0034077962239583335,4.0
grid16,quartic,173,213,0.003377278645833334,4.0
grid16,quartic,174,214,0.0032857259114583335,4.0
grid16,quartic,175,215,0.0031331380208333335,4.0
grid16,quartic,176,216,0.002919514973958334,4.0
grid16,quartic,177,217,0.002644856770833333,4.0
grid16,quartic,178,218,0.002309163411458333,4.0
grid16,quartic,179,219,0.0019124348958333328,4.0
grid16,quartic,180,222,0.0016377766927083335,4.0
grid16,quartic,181,223,0.002034505208333334,4.0
grid16,quartic,182,224,0.002370198567708333,4.0
grid16,quartic,183,225,0.0026448567708333335,4.0
grid16,quartic,184,226,0.0028584798177083335,4.0
grid16,quartic,185,227,0.0030110677083333335,4.0
grid16,quartic,186,228,0.003102620442708334,4.0
grid16,quartic,187,229,0.0031331380208333335,4.0
grid16,quartic,188,230,0.0031026204427083335,4.0
grid16,quartic,189,231,0.003011067708333334,4.0
grid16,quartic,190,232,0.0028584798177083335,4.0
grid16,quartic,191,233,0.0026448567708333335,4.0
grid16,quartic,192,234,0.0023701985677083335,4.0
grid16,quartic,193,235,0.0020345052083333326,4.0
grid16,quartic,194,236,0.001637776692708333,4.0
grid16,quartic,195,239,0.0013020833333333326,4.0
grid16,quartic,196,240,0.001698811848958333,4.0
grid16,quartic,197,241,0.002034505208333333,4.0
grid16,quartic,198,242,0.002309163411458333,4.0
grid16,quartic,199,243,0.002522786458333333,4.0
grid16,quartic,200,244,0.002675374348958333,4.0
grid16,quartic,201,245,0.002766927083333333,4.0
grid16,quartic,202,246,0.002797444661458333,4.0
grid16,quartic,203,247,0.002766927083333333,4.0
grid16,quartic,204,248,0.002675374348958333,4.0
grid16,quartic,205,249,0.002522786458333333,4.0
grid16,quartic,206,250,0.002309163411458333,4.0
grid16,quartic,207,251,0.0020345052083333326,4.0
grid16,quartic,208,252,0.0016988118489583322,4.0
grid16,quartic,209,253,0.0013020833333333326,4.0
grid16,quartic,210,256,0.0009053548177083332,4.0
grid16,quartic,211,257,0.001302083333333333,4.0
grid16,quartic,212,258,0.0016377766927083335,4.0
grid16,quartic,213,259,0.0019124348958333333,4.0
grid16,quartic,214,260,0.002126057942708333,4.0
grid16,quartic,215,261,0.002278645833333333,4.0
grid16,quartic,216,262,0.0023701985677083335,4.0
grid16,quartic,217,263,0.002400716145833333,4.0
grid16,quartic,218,264,0.002370198567708333,4.0
grid16,quartic,219,265,0.002278645833333333,4.0
grid16,quartic,220,266,0.002126057942708333,4.0
grid16,quartic,221,267,0.001912434895833333,4.0
grid16,quartic,222,268,0.001637776692708333,4.0
grid16,quartic,223,269,0.0013020833333333326,4.0
grid16,quartic,224,270,0.0009053548177083328,4.0
grid16,mixed_affine,0,1,0.375,2.0
grid16,mixed_affine,1,2,-0.125,2.0
grid16,mixed_affine,2,3,-0.125,2.0
grid16,mixed_affine,3,4,-0.125,2.0
grid16,mixed_affine,4,5,-0.125,2.0
grid16,mixed_affine,5,6,-0.125,2.0
grid16,mixed_affine,6,7,-0.125,2.0
grid16,mixed_affine,7,8,-0.125,2.0
grid16,mixed_affine,8,9,-0.125,2.0
grid16,mixed_affine,9,10,-0.125,2.0
grid16,mixed_affine,10,11,-0.125,2.0
grid16,mixed_affine,11,12,-0.125,2.0
grid16,mixed_affine,12,13,-0.125,2.0
grid16,mixed_affine,13,14,-0.125,2.0
grid16,mixed_affine,14,15,-0.125,2.0
grid16,mixed_affine,15,16,-0.03125,1.0
grid16,mixed_affine,16,18,1.125,4.0
grid16,mixed_affine,17,19,0.0,4.0
grid16,mixed_affine,18,20,0.0,4.0
grid16,mixed_affine,19,21,0.0,4.0
grid16,mixed_affine,20,22,0.0,4.0
grid16,mixed_affine,21,23,0.0,4.0
grid16,mixed_affine,22,24,0.0,4.0
grid16,mixed_affine,23,25,0.0,4.0
grid16,mixed_affine,24,26,0.0,4.0
grid16,mixed_affine,25,27,0.0,4.0
grid16,mixed_affine,26,28,0.0,4.0
grid16,mixed_affine,27,29,0.0,4.0
grid16,mixed_affine,28,30,0.0,4.0
grid16,mixed_affine,29,31,0.0,4.0
grid16,mixed_affine,30,32,0.0,4.0
grid16,mixed_affine,31,33,0.0625,2.0
grid16,mixed_affine,32,35,1.25,4.0
grid16,mixed_affine,33,36,0.0,4.0
grid16,mixed_affine,34,37,0.0,4.0
grid16,mixed_affine,35,38,0.0,4.0
grid16,mixed_affine,36,39,0.0,4.0
grid16,mixed_affine,37,40,0.0,4.0
grid16,mixed_affine,38,41,0.0,4.0
grid16,mixed_affine,39,42,0.0,4.0
grid16,mixed_affine,40,43,0.0,4.0
grid16,mixed_affine,41,44,0.0,4.0
grid16,mixed_affine,42,45,0.0,4.0
grid16,mixed_affine,43,46,0.0,4.0
grid16,mixed_affine,44,47,0.0,4.0
grid16,mixed_affine,45,48,0.0,4.0
grid16,mixed_affine,46,49,0.0,4.0
grid16,mixed_affine,47,50,0.0625,2.0
grid16,mixed_affine,48,52,1.375,4.0
grid16,mixed_affine,49,53,0.0,4.0
grid16,mixed_affine,50,54,0.0,4.0
grid16,mixed_affine,51,55,0.0,4.0
grid16,mixed_affine,52,56,0.0,4.0
grid16,mixed_affine,53,57,0.0,4.0
grid16,mixed_affine,54,58,0.0,4.0
grid16,mixed_affine,55,59,0.0,4.0
grid16,mixed_affine,56,60,0.0,4.0
grid16,mixed_affine,57,61,0.0,4.0
grid16,mixed_affine,58,62,0.0,4.0
grid16,mixed_affine,59,63,0.0,4.0
grid16,mixed_affine,60,64,0.0,4.0
grid16,mixed_affine,61,65,0.0,4.0
grid16,mixed_affine,62,66,0.0,4.0
grid16,mixed_affine,63,67,0.0625,2.0
grid16,mixed_affine,64,69,1.5,4.0
grid16,mixed_affine,65,70,0.0,4.0
grid16,mixed_affine,66,71,0.0,4.0
grid16,mixed_affine,67,72,0.0,4.0
grid16,mixed_affine,68,73,0.0,4.0
grid16,mixed_affine,69,74,0.0,4.0
grid16,mixed_affine,70,75,0.0,4.0
grid16,mixed_affine,71,76,0.0,4.0
grid16,mixed_affine,72,77,0.0,4.0
grid16,mixed_affine,73,78,0.0,4.0
grid16,mixed_affine,74,79,0.0,4.0
grid16,mixed_affine,75,80,0.0,4.0
grid16,mixed_affine,76,81,0.0,4.0
grid16,mixed_affine,77,82,0.0,4.0
grid16,mixed_affine,78,83,0.0,4.0
grid16,mixed_affine,79,84,0.0625,2.0
grid16,mixed_affine,80,86,1.625,4.0
grid16,mixed_affine,81,87,0.0,4.0
grid16,mixed_affine,82,88,0.0,4.0
grid16,mixed_affine,83,89,0.0,4.0
grid16,mixed_affine,84,90,0.0,4.0
grid16,mixed_affine,85,91,0.0,4.0
grid16,mixed_affine,86,92,0.0,4.0
grid16,mixed_affine,87,93,0.0,4.0
grid16,mixed_affine,88,94,0.0,4.0
grid16,mixed_affine,89,95,0.0,4.0
grid16,mixed_affine,90,96,0.0,4.0
grid16,mixed_affine,91,97,0.0,4.0
grid16,mixed_affine,92,98,0.0,4.0
grid16,mixed_affine,93,99,0.0,4.0
grid16,mixed_affine,94,100,0.0,4.0
grid16,mixed_affine,95,101,0.0625,2.0
grid16,mixed_affine,96,103,1.75,4.0
grid16,mixed_affine,97,104,0.0,4.0
grid16,mixed_affine,98,105,0.0,4.0
grid16,mixed_affine,99,106,0.0,4.0
grid16,mixed_affine,100,107,0.0,4.0
grid16,mixed_affine,101,108,0.0,4.0
grid16,mixed_affine,102,109,0.0,4.0
grid16,mixed_affine,103,110,0.0,4.0
grid16,mixed_affine,104,111,0.0,4.0
grid16,mixed_affine,105,112,0.0,4.0
grid16,mixed_affine,106,113,0.0,4.0
grid16,mixed_affine,107,114,0.0,4.0
grid16,mixed_affine,108,115,0.0,4.0
grid16,mixed_affine,109,116,0.0,4.0
grid16,mixed_affine,110,117,0.0,4.0
grid16,mixed_affine,111,118,0.0625,2.0
grid16,mixed_affine,112,120,1.875,4.0
grid16,mixed_affine,113,121,0.0,4.0
grid16,mixed_affine,114,122,0.0,4.0
grid16,mixed_affine,115,123,0.0,4.0
grid16,mixed_affine,116,124,0.0,4.0
grid16,mixed_affine,117,125,0.0,4.0
grid16,mixed_affine,118,126,0.0,4.0
grid16,mixed_affine,119,127,0.0,4.0
grid16,mixed_affine,120,128,0.0,4.0
grid16,mixed_affine,121,129,0.0,4.0
grid16,mixed_affine,122,130,0.0,4.0
grid16,mixed_affine,123,131,0.0,4.0
grid16,mixed_affine,124,132,0.0,4.0
grid16,mixed_affine,125,133,0.0,4.0
grid16,mixed_affine,126,134,0.0,4.0
grid16,mixed_affine,127,135,0.0625,2.0
grid16,mixed_affine,128,137,2.0,4.0
grid16,mixed_affine,129,138,0.0,4.0
grid16,mixed_affine,130,139,0.0,4.0
grid16,mixed_affine,131,140,0.0,4.0
grid16,mixed_affine,132,141,0.0,4.0
grid16,mixed_affine,133,142,0.0,4.0
grid16,mixed_affine,134,143,0.0,4.0
grid16,mixed_affine,135,144,0.0,4.0
grid16,mixed_affine,136,145,0.0,4.0
grid16,mixed_affine,137,146,0.0,4.0
grid16,mixed_affine,138,147,0.0,4.0
grid16,mixed_affine,139,148,0.0,4.0
grid16,mixed_affine,140,149,0.0,4.0
grid16,mixed_affine,141,150,0.0,4.0
grid16,mixed_affine,142,151,0.0,4.0
grid16,mixed_affine,143,152,0.0625,2.0
grid16,mixed_affine,144,154,2.125,4.0
grid16,mixed_affine,145,155,0.0,4.0
grid16,mixed_affine,146,156,0.0,4.0
grid16,mixed_affine,147,157,0.0,4.0
grid16,mixed_affine,148,158,0.0,4.0
grid16,mixed_affine,149,159,0.0,4.0
grid16,mixed_affine,150,160,0.0,4.0
grid16,mixed_affine,151,161,0.0,4.0
grid16,mixed_affine,152,162,0.0,4.0
grid16,mixed_affine,153,163,0.0,4.0
grid16,mixed_affine,154,164,0.0,4.0
grid16,mixed_affine,155,165,0.0,4.0
grid16,mixed_affine,156,166,0.0,4.0
grid16,mixed_affine,157,167,0.0,4.0
grid16,mixed_affine,158,168,0.0,4.0
grid16,mixed_affine,159,169,0.0625,2.0
grid16,mixed_affine,160,171,2.25,4.0
grid16,mixed_affine,161,172,0.0,4.0
grid16,mixed_affine,162,173,0.0,4.0
grid16,mixed_affine,163,174,0.0,4.0
grid16,mixed_affine,164,175,0.0,4.0
grid16,mixed_affine,165,176,0.0,4.0
grid16,mixed_affine,166,177,0.0,4.0
grid16,mixed_affine,167,178,0.0,4.0
grid16,mixed_affine,168,179,0.0,4.0
grid16,mixed_affine,169,180,0.0,4.0
grid16,mixed_affine,170,181,0.0,4.0
grid16,mixed_affine,171,182,0.0,4.0
grid16,mixed_affine,172,183,0.0,4.0
grid16,mixed_affine,173,184,0.0,4.0
grid16,mixed_affine,174,185,0.0,4.0
grid16,mixed_affine,175,186,0.0625,2.0
grid16,mixed_affine,176,188,2.375,4.0
grid16,mixed_affine,177,189,0.0,4.0
grid16,mixed_affine,178,190,0.0,4.0
grid16,mixed_affine,179,191,0.0,4.0
grid16,mixed_affine,180,192,0.0,4.0
grid16,mixed_affine,181,193,0.0,4.0
grid16,mixed_affine,182,194,0.0,4.0
grid16,mixed_affine,183,195,0.0,4.0
grid16,mixed_affine,184,196,0.0,4.0
grid16,mixed_affine,185,197,0.0,4.0
grid16,mixed_affine,186,198,0.0,4.0
grid16,mixed_affine,187,199,0.0,4.0
grid16,mixed_affine,188,200,0.0,4.0
grid16,mixed_affine,189,201,0.0,4.0
grid16,mixed_affine,190,202,0.0,4.0
grid16,mixed_affine,191,203,0.0625,2.0
grid16,mixed_affine,192,205,2.5,4.0
grid16,mixed_affine,193,206,0.0,4.0
grid16,mixed_affine,194,207,0.0,4.0
grid16,mixed_affine,195,208,0.0,4.0
grid16,mixed_affine,196,209,0.0,4.0
grid16,mixed_affine,197,210,0.0,4.0
grid16,mixed_affine,198,211,0.0,4.0
grid16,mixed_affine,199,212,0.0,4.0
grid16,mixed_affine,200,213,0.0,4.0
grid16,mixed_affine,201,214,0.0,4.0
grid16,mixed_affine,202,215,0.0,4.0
grid16,mixed_affine,203,216,0.0,4.0
grid16,mixed_affine,204,217,0.0,4.0
grid16,mixed_affine,205,218,0.0,4.0
grid16,mixed_affine,206,219,0.0,4.0
grid16,mixed_affine,207,220,0.0625,2.0
grid16,mixed_affine,208,222,2.625,4.0
grid16,mixed_affine,209,223,0.0,4.0
grid16,mixed_affine,210,224,0.0,4.0
grid16,mixed_affine,211,225,0.0,4.0
grid16,mixed_affine,212,226,0.0,4.0
grid16,mixed_affine,213,227,0.0,4.0
grid16,mixed_affine,214,228,0.0,4.0
grid16,mixed_affine,215,229,0.0,4.0
grid16,mixed_affine,216,230,0.0,4.0
grid16,mixed_affine,217,231,0.0,4.0
grid16,mixed_affine,218,232,0.0,4.0
grid16,mixed_affine,219,233,0.0,4.0
grid16,mixed_affine,220,234,0.0,4.0
grid16,mixed_affine,221,235,0.0,4.0
grid16,mixed_affine,222,236,0.0,4.0
grid16,mixed_affine,223,237,0.0625,2.0
grid16,mixed_affine,224,239,2.75,4.0
grid16,mixed_affine,225,240,0.0,4.0
grid16,mixed_affine,226,241,0.0,4.0
grid16,mixed_affine,227,242,0.0,4.0
grid16,mixed_affine,228,243,0.0,4.0
grid16,mixed_affine,229,244,0.0,4.0
grid16,mixed_affine,230,245,0.0,4.0
grid16,mixed_affine,231,246,0.0,4.0
grid16,mixed_affine,232,247,0.0,4.0
grid16,mixed_affine,233,248,0.0,4.0
grid16,mixed_affine,234,249,0.0,4.0
grid16,mixed_affine,235,250,0.0,4.0
grid16,mixed_affine,236,251,0.0,4.0
grid16,mixed_affine,237,252,0.0,4.0
grid16,mixed_affine,238,253,0.0,4.0
grid16,mixed_affine,239,254,0.0625,2.0
grid16,mixed_affine,240,256,2.875,4.0
grid16,mixed_affine,241,257,0.0,4.0
grid16,mixed_affine,242,258,0.0,4.0
grid16,mixed_affine,243,259,0.0,4.0
grid16,mixed_affine,244,260,0.0,4.0
grid16,mixed_affine,245,261,0.0,4.0
grid16,mixed_affine,246,262,0.0,4.0
grid16,mixed_affine,247,263,0.0,4.0
grid16,mixed_affine,248,264,0.0,4.0
grid16,mixed_affine,249,265,0.0,4.0
grid16,mixed_affine,250,266,0.0,4.0
grid16,mixed_affine,251,267,0.0,4.0
grid16,mixed_affine,252,268,0.0,4.0
grid16,mixed_affine,253,269,0.0,4.0
grid16,mixed_affine,254,270,0.0,4.0
grid16,mixed_affine,255,271,0.0625,2.0
grid16,mixed_affine,256,273,1.625,2.0
grid16,mixed_affine,257,274,0.125,2.0
grid16,mixed_affine,258,275,0.125,2.0
grid16,mixed_affine,259,276,0.125,2.0
grid16,mixed_affine,260,277,0.125,2.0
grid16,mixed_affine,261,278,0.125,2.0
grid16,mixed_affine,262,279,0.125,2.0
grid16,mixed_affine,263,280,0.125,2.0
grid16,mixed_affine,264,281,0.125,2.0
grid16,mixed_affine,265,282,0.125,2.0
grid16,mixed_affine,266,283,0.125,2.0
grid16,mixed_affine,267,284,0.125,2.0
grid16,mixed_affine,268,285,0.125,2.0
grid16,mixed_affine,269,286,0.125,2.0
grid16,mixed_affine,270,287,0.125,2.0
grid16,mixed_affine,271,288,0.09375,1.0
alternate4,constant_zero,0,6,0.08333333333333333,4.0
alternate4,constant_zero,1,7,0.041666666666666664,4.0
alternate4,constant_zero,2,8,0.08333333333333333,4.0
alternate4,constant_zero,3,11,0.041666666666666664,4.0
alternate4,constant_zero,4,12,0.08333333333333333,4.0
alternate4,constant_zero,5,13,0.041666666666666664,4.0
alternate4,constant_zero,6,16,0.08333333333333333,4.0
alternate4,constant_zero,7,17,0.041666666666666664,4.0
alternate4,constant_zero,8,18,0.08333333333333333,4.0
alternate4,constant_lift,0,6,2.8333333333333335,4.0
alternate4,constant_lift,1,7,1.5416666666666667,4.0
alternate4,constant_lift,2,8,4.333333333333333,4.0
alternate4,constant_lift,3,11,2.0416666666666665,4.0
alternate4,constant_lift,4,12,0.08333333333333333,4.0
alternate4,constant_lift,5,13,3.0416666666666665,4.0
alternate4,constant_lift,6,16,5.833333333333333,4.0
alternate4,constant_lift,7,17,3.5416666666666665,4.0
alternate4,constant_lift,8,18,7.333333333333333,4.0
alternate4,affine_patch,0,6,2.75,4.0
alternate4,affine_patch,1,7,1.5,4.0
alternate4,affine_patch,2,8,4.25,4.0
alternate4,affine_patch,3,11,2.0,4.0
alternate4,affine_patch,4,12,0.0,4.0
alternate4,affine_patch,5,13,3.0,4.0
alternate4,affine_patch,6,16,5.75,4.0
alternate4,affine_patch,7,17,3.5,4.0
alternate4,affine_patch,8,18,7.25,4.0
alternate4,linear_source,0,6,0.04166666666666667,4.0
alternate4,linear_source,1,7,0.03125,4.0
alternate4,linear_source,2,8,0.08333333333333334,4.0
alternate4,linear_source,3,11,0.03125,4.0
alternate4,linear_source,4,12,0.08333333333333334,4.0
alternate4,linear_source,5,13,0.052083333333333336,4.0
alternate4,linear_source,6,16,0.08333333333333334,4.0
alternate4,linear_source,7,17,0.052083333333333336,4.0
alternate4,linear_source,8,18,0.125,4.0
alternate4,quartic,0,6,0.05833333333333335,4.0
alternate4,quartic,1,7,0.03541666666666667,4.0
alternate4,quartic,2,8,0.05833333333333335,4.0
alternate4,quartic,3,11,0.03541666666666667,4.0
alternate4,quartic,4,12,0.07916666666666669,4.0
alternate4,quartic,5,13,0.035416666666666666,4.0
alternate4,quartic,6,16,0.05833333333333335,4.0
alternate4,quartic,7,17,0.035416666666666666,4.0
alternate4,quartic,8,18,0.05833333333333335,4.0
alternate4,mixed_affine,0,1,0.0,2.0
alternate4,mixed_affine,1,2,-0.5,2.0
alternate4,mixed_affine,2,3,-0.5,2.0
alternate4,mixed_affine,3,4,-0.125,1.0
alternate4,mixed_affine,4,6,1.5,4.0
alternate4,mixed_affine,5,7,0.0,4.0
alternate4,mixed_affine,6,8,0.0,4.0
alternate4,mixed_affine,7,9,0.25,2.0
alternate4,mixed_affine,8,11,2.0,4.0
alternate4,mixed_affine,9,12,0.0,4.0
alternate4,mixed_affine,10,13,0.0,4.0
alternate4,mixed_affine,11,14,0.25,2.0
alternate4,mixed_affine,12,16,2.5,4.0
alternate4,mixed_affine,13,17,0.0,4.0
alternate4,mixed_affine,14,18,0.0,4.0
alternate4,mixed_affine,15,19,0.25,2.0
alternate4,mixed_affine,16,21,2.0,2.0
alternate4,mixed_affine,17,22,0.5,2.0
alternate4,mixed_affine,18,23,0.5,2.0
alternate4,mixed_affine,19,24,0.375,1.0
