mesh,case,nodes,triangles,free,h,center,tested_residual,boundary_error,nodal_error,line_error,total_area
fan,constant_zero,5,4,1,,0.08333333333333333,0.0,0.0,,,1.0
fan,constant_lift,5,4,1,,2.5833333333333335,6.106226635438361e-16,0.0,,,1.0
fan,affine_patch,5,4,1,,2.5,0.0,0.0,0.0,,1.0
fan,linear_source,5,4,1,,0.08333333333333334,0.0,0.0,,,1.0
fan,quartic,5,4,1,,0.06666666666666668,0.0,0.0,0.00416666666666668,0.013610937499999993,1.0
fan,mixed_affine,5,4,3,,2.5,0.0,0.0,0.0,,1.0
shifted,constant_zero,5,4,1,,0.057692307692307696,0.0,0.0,,,1.0
shifted,constant_lift,5,4,1,,2.5576923076923075,7.771561172376096e-16,0.0,,,1.0
shifted,affine_patch,5,4,1,,2.5,2.220446049250313e-16,0.0,0.0,,1.0
shifted,linear_source,5,4,1,,0.05384615384615385,0.0,0.0,,,1.0
shifted,quartic,5,4,1,,0.04571794871794872,0.0,0.0,0.007623931623931615,0.025142540064102558,1.0
shifted,mixed_affine,5,4,3,,2.499999999999999,4.440892098500626e-16,0.0,8.881784197001252e-16,,1.0
grid2,constant_zero,9,8,1,0.5,0.06249999999999999,0.0,0.0,,,1.0
grid2,constant_lift,9,8,1,0.5,2.5625,2.7755575615628914e-17,0.0,,,1.0
grid2,affine_patch,9,8,1,0.5,2.5,0.0,0.0,0.0,,1.0
grid2,linear_source,9,8,1,0.5,0.06249999999999999,0.0,0.0,,,1.0
grid2,quartic,9,8,1,0.5,0.05208333333333333,0.0,0.0,0.010416666666666671,0.0212671875,1.0
grid2,mixed_affine,9,8,6,0.5,2.5,8.881784197001252e-16,0.0,4.440892098500626e-16,,1.0
grid4,constant_zero,25,32,9,0.25,0.0703125,3.469446951953614e-17,0.0,,,1.0
grid4,constant_lift,25,32,9,0.25,2.5703125,3.1155633628543455e-15,0.0,,,1.0
grid4,affine_patch,25,32,9,0.25,2.5,1.3322676295501878e-15,0.0,4.440892098500626e-16,,1.0
grid4,linear_source,25,32,9,0.25,0.0703125,4.163336342344337e-17,0.0,,,1.0
grid4,quartic,25,32,9,0.25,0.059570312500000014,2.7755575615628914e-17,0.0,0.002929687499999986,0.0065171874999999865,1.0
grid4,mixed_affine,25,32,20,0.25,2.4999999999999982,1.7763568394002505e-15,0.0,3.552713678800501e-15,,1.0
grid8,constant_zero,81,128,49,0.125,0.07278262867647056,5.724587470723463e-17,0.0,,,1.0
grid8,constant_lift,81,128,49,0.125,2.5727826286764697,4.883246584874712e-15,0.0,,,1.0
grid8,affine_patch,81,128,49,0.125,2.4999999999999996,3.552713678800501e-15,0.0,1.3322676295501878e-15,,1.0
grid8,linear_source,81,128,49,0.125,0.07278262867647058,4.85722573273506e-17,0.0,,,1.0
grid8,quartic,81,128,49,0.125,0.06174184761795342,6.245004513516506e-17,0.0,0.0007581523820465799,0.0017143698299632443,1.0
grid8,mixed_affine,81,128,72,0.125,2.500000000000001,3.9968028886505635e-15,0.0,3.1086244689504383e-15,,1.0
grid16,constant_zero,289,512,225,0.0625,0.07344576657891973,9.75781955236954e-17,0.0,,,1.0
grid16,constant_lift,289,512,225,0.0625,2.57344576657892,5.773593408919808e-15,0.0,,,1.0
grid16,affine_patch,289,512,225,0.0625,2.5,6.217248937900877e-15,0.0,3.552713678800501e-15,,1.0
grid16,linear_source,289,512,225,0.0625,0.07344576657891971,9.063930161978817e-17,0.0,,,1.0
grid16,quartic,289,512,225,0.0625,0.062308734982867396,8.153200337090993e-17,0.0,0.00019126501713260385,0.0004337943140076128,1.0
grid16,mixed_affine,289,512,272,0.0625,2.499999999999987,6.661338147750939e-15,0.0,2.2648549702353193e-14,,1.0
alternate4,constant_zero,25,32,9,0.25,0.07291666666666667,2.7755575615628914e-17,0.0,,,1.0
alternate4,constant_lift,25,32,9,0.25,2.572916666666666,1.1796119636642288e-15,0.0,,,1.0
alternate4,affine_patch,25,32,9,0.25,2.5,1.3322676295501878e-15,0.0,4.440892098500626e-16,,1.0
alternate4,linear_source,25,32,9,0.25,0.07291666666666669,3.469446951953614e-17,0.0,,,1.0
alternate4,quartic,25,32,9,0.25,0.06197916666666669,2.7755575615628914e-17,0.0,0.00468749999999999,0.006788020833333318,1.0
alternate4,mixed_affine,25,32,20,0.25,2.4999999999999982,1.7763568394002505e-15,0.0,3.552713678800501e-15,,1.0
