step,time,method,N,h,dt,r,l2_error_vs_semidiscrete,linf_error_vs_semidiscrete,total_variation,min_value,max_value,monotonicity_violation_count,linear_solves
0,0.0,semidiscrete_reference,400,0.0025,0.0005,80.0,0.0,0.0,2.0,0.0,1.0,0,0
0,0.0,backward_euler,400,0.0025,0.0005,80.0,0.0,0.0,2.0,0.0,1.0,0,0
0,0.0,crank_nicolson,400,0.0025,0.0005,80.0,0.0,0.0,2.0,0.0,1.0,0,0
0,0.0,rannacher_r1,400,0.0025,0.0005,80.0,0.0,0.0,2.0,0.0,1.0,0,0
1,0.0005,semidiscrete_reference,400,0.0025,0.0005,80.0,0.0,0.0,1.9967895982853991,-1.365067002879659e-17,0.9983947991426978,0,0
1,0.0005,backward_euler,400,0.0025,0.0005,80.0,0.019009271808735424,0.061893825428581906,1.9771010176064658,0.0,0.9885505088032329,0,1
1,0.0005,crank_nicolson,400,0.0025,0.0005,80.0,0.0572905040208011,0.38541107747414327,4.823932082260617,0.0,0.9963928544350896,4,1
1,0.0005,rannacher_r1,400,0.0025,0.0005,80.0,0.01042131157546416,0.03316536870432768,1.985021538608989,0.0,0.9925107693044944,0,2
2,0.001,semidiscrete_reference,400,0.0025,0.0005,80.0,0.0,0.0,1.949152908292997,-1.8771336534293968e-17,0.9745764541464983,0,0
2,0.001,backward_euler,400,0.0025,0.0005,80.0,0.012152215682928784,0.03334276129625513,1.9259771550844218,0.0,0.9629885775422109,0,2
2,0.001,crank_nicolson,400,0.0025,0.0005,80.0,0.04512718743095568,0.3431471304046543,3.8108234394107647,0.0,0.9772573683478019,20,2
2,0.001,rannacher_r1,400,0.0025,0.0005,80.0,0.002876444434676954,0.007500179069792612,1.9434531567098063,0.0,0.9717265783549031,0,3
5,0.0025,semidiscrete_reference,400,0.0025,0.0005,80.0,0.0,0.0,1.6853583173802482,0.0,0.8426791586901241,0,0
5,0.0025,backward_euler,400,0.0025,0.0005,80.0,0.006264468185920725,0.014471653743099333,1.7010450019417729,0.0,0.8505225009708864,0,5
5,0.0025,crank_nicolson,400,0.0025,0.0005,80.0,0.03140226794010537,0.2743023024664719,3.769045212212461,0.0,0.8427105660034773,4,5
5,0.0025,rannacher_r1,400,0.0025,0.0005,80.0,0.0005118495319934086,0.0015747377985974587,1.68763835533777,0.0,0.843819177668885,0,6
