experiment_id,contrast,k_left,k_right,scheme,nx,ny,dx,dy,q_hot,q_cold,q_exact_physical,q_discrete_prediction,q_hot_relative_error_physical,q_hot_relative_error_discrete_prediction,max_temperature_error_physical,global_balance_relative,residual_inf,residual_relative_inf
ET001-03,1.0,1.0,1.0,harmonic_frozen,6,4,0.02,0.02,0.533333333333332,0.5333333333333343,0.5333333333333333,0.5333333333333333,2.4980018054066022e-15,2.4980018054066022e-15,5.684341886080802e-14,4.371503159461546e-15,5.551115123125783e-16,2.7755575615628914e-16
ET001-03,1.0,1.0,1.0,arithmetic_ablation,6,4,0.02,0.02,0.533333333333332,0.5333333333333343,0.5333333333333333,0.5333333333333333,2.4980018054066022e-15,2.4980018054066022e-15,5.684341886080802e-14,4.371503159461546e-15,5.551115123125783e-16,2.7755575615628914e-16
ET001-03,1.0,1.0,1.0,harmonic_frozen,12,8,0.01,0.01,0.533333333333332,0.5333333333333333,0.5333333333333333,0.5333333333333333,2.4980018054066022e-15,2.4980018054066022e-15,9.947598300641403e-14,2.4980018054066022e-15,8.881784197001252e-16,4.440892098500626e-16
ET001-03,1.0,1.0,1.0,arithmetic_ablation,12,8,0.01,0.01,0.5333333333333321,0.5333333333333333,0.5333333333333333,0.5333333333333333,2.2898349882893854e-15,2.2898349882893854e-15,9.947598300641403e-14,2.2898349882893854e-15,8.881784197001252e-16,4.440892098500626e-16
ET001-03,1.0,1.0,1.0,harmonic_frozen,24,16,0.005,0.005,0.5333333333333334,0.5333333333333317,0.5333333333333333,0.5333333333333333,2.0816681711721685e-16,2.0816681711721685e-16,2.7000623958883807e-13,3.330669073875469e-15,1.5543122344752192e-15,7.771561172376096e-16
ET001-03,1.0,1.0,1.0,arithmetic_ablation,24,16,0.005,0.005,0.5333333333333335,0.5333333333333317,0.5333333333333333,0.5333333333333334,4.163336342344337e-16,2.081668171172168e-16,2.7000623958883807e-13,3.538835890992685e-15,1.5543122344752192e-15,7.771561172376096e-16
ET001-03,1.0,1.0,1.0,harmonic_frozen,48,32,0.0025,0.0025,0.5333333333333232,0.5333333333333324,0.5333333333333333,0.5333333333333333,1.8943180357666733e-14,1.8943180357666733e-14,2.7000623958883807e-13,1.7277845820729027e-14,1.7763568394002505e-15,8.881784197001252e-16
ET001-03,1.0,1.0,1.0,arithmetic_ablation,48,32,0.0025,0.0025,0.5333333333333231,0.5333333333333324,0.5333333333333333,0.5333333333333334,1.915134717478395e-14,1.9359513991901164e-14,2.7000623958883807e-13,1.7486012637846244e-14,1.7763568394002505e-15,8.881784197001252e-16
ET001-03,2.0,1.0,2.0,harmonic_frozen,6,4,0.02,0.02,0.7111111111111112,0.7111111111111124,0.7111111111111111,0.7111111111111111,1.5612511283791264e-16,1.5612511283791264e-16,3.552713678800501e-14,1.5612511283791236e-15,8.881784197001252e-16,4.440892098500626e-16
ET001-03,2.0,1.0,2.0,arithmetic_ablation,6,4,0.02,0.02,0.7245283018867932,0.7245283018867923,0.7111111111111111,0.7245283018867925,0.01886792452830287,9.194034422677078e-16,0.8385744234801038,1.2258712563569424e-15,6.661338147750939e-16,3.3306690738754696e-16
ET001-03,2.0,1.0,2.0,harmonic_frozen,12,8,0.01,0.01,0.7111111111111095,0.7111111111111131,0.7111111111111111,0.7111111111111111,2.3418766925686896e-15,2.3418766925686896e-15,1.2789769243681803e-13,5.152128723651102e-15,1.2212453270876722e-15,6.106226635438361e-16
ET001-03,2.0,1.0,2.0,arithmetic_ablation,12,8,0.01,0.01,0.7177570093457956,0.7177570093457932,0.7111111111111111,0.7177570093457945,0.009345794392524968,1.546795099412653e-15,0.45690550363456595,3.248269708766566e-15,1.3322676295501878e-15,6.661338147750939e-16
ET001-03,2.0,1.0,2.0,harmonic_frozen,24,16,0.005,0.005,0.7111111111111086,0.711111111111116,0.7111111111111111,0.7111111111111111,3.590877595271991e-15,3.590877595271991e-15,2.1316282072803006e-13,1.0460382560140074e-14,1.5543122344752192e-15,7.771561172376096e-16
ET001-03,2.0,1.0,2.0,arithmetic_ablation,24,16,0.005,0.005,0.7144186046511654,0.7144186046511585,0.7111111111111111,0.7144186046511628,0.004651162790701244,3.574253161960546e-15,0.23772609819149437,9.634943306154482e-15,1.887379141862766e-15,9.43689570931383e-16
ET001-03,2.0,1.0,2.0,harmonic_frozen,48,32,0.0025,0.0025,0.7111111111110978,0.7111111111111166,0.7111111111111111,0.7111111111111111,1.8735013540549517e-14,1.8735013540549517e-14,2.5579538487363607e-13,2.6385144069607034e-14,2.4424906541753444e-15,1.2212453270876722e-15
ET001-03,2.0,1.0,2.0,arithmetic_ablation,48,32,0.0025,0.0025,0.7127610208816625,0.7127610208816714,0.7111111111111111,0.7127610208816707,0.002320185614837836,1.1526514696417557e-14,0.1211652487758954,1.246109696910005e-14,1.9984014443252818e-15,9.992007221626409e-16
ET001-03,10.0,1.0,10.0,harmonic_frozen,6,4,0.02,0.02,0.96969696969697,0.9696969696969675,0.9696969696969697,0.9696969696969697,2.2898349882893854e-16,2.2898349882893854e-16,3.552713678800501e-14,2.518818487118323e-15,1.3322676295501878e-15,3.3306690738754696e-16
ET001-03,10.0,1.0,10.0,arithmetic_ablation,6,4,0.02,0.02,1.0914728682170538,1.0914728682170562,0.9696969696969697,1.0914728682170545,0.1255813953488367,6.103072592754766e-16,7.610993657505269,2.2377932840100772e-15,1.7763568394002505e-15,4.440892098500626e-16
ET001-03,10.0,1.0,10.0,harmonic_frozen,12,8,0.01,0.01,0.9696969696969714,0.9696969696969525,0.9696969696969697,0.9696969696969697,1.717376241217039e-15,1.717376241217039e-15,1.2789769243681803e-13,1.946359740045974e-14,2.6645352591003757e-15,6.661338147750939e-16
ET001-03,10.0,1.0,10.0,arithmetic_ablation,12,8,0.01,0.01,1.0269876002917573,1.0269876002917642,0.9696969696969697,1.026987600291758,0.05908096280087467,6.486288778811461e-16,3.938730853391675,6.702498404771802e-15,3.552713678800501e-15,8.881784197001252e-16
ET001-03,10.0,1.0,10.0,harmonic_frozen,24,16,0.005,0.005,0.9696969696969703,0.9696969696969654,0.9696969696969697,0.9696969696969697,5.724587470723463e-16,5.724587470723463e-16,9.947598300641403e-14,5.037636974236645e-15,5.329070518200751e-15,1.3322676295501878e-15
ET001-03,10.0,1.0,10.0,arithmetic_ablation,24,16,0.005,0.005,0.9975203684024087,0.9975203684024266,0.9696969696969697,0.9975203684024089,0.028692879914983895,2.225965623946603e-16,1.9998067819533993,1.803032155396716e-14,5.329070518200751e-15,1.3322676295501878e-15
ET001-03,10.0,1.0,10.0,harmonic_frozen,48,32,0.0025,0.0025,0.9696969696969558,0.9696969696970029,0.9696969696969697,0.9696969696969697,1.431146867680866e-14,1.431146867680866e-14,2.984279490192421e-13,4.8544501751733304e-14,6.661338147750939e-15,1.6653345369377348e-15
ET001-03,10.0,1.0,10.0,arithmetic_ablation,48,32,0.0025,0.0025,0.9834119085035637,0.9834119085036271,0.9696969696969697,0.9834119085035797,0.014143530644300087,1.6256882204049556e-14,1.0071908186101304,6.446305373966562e-14,5.773159728050814e-15,1.4432899320127035e-15
ET001-03,100.0,1.0,100.0,harmonic_frozen,6,4,0.02,0.02,1.0561056105610567,1.0561056105610689,1.056105610561056,1.056105610561056,6.307454558651671e-16,6.307454558651671e-16,2.842170943040401e-14,1.1563666690861256e-14,1.4210854715202004e-14,3.552713678800501e-16
ET001-03,100.0,1.0,100.0,arithmetic_ablation,6,4,0.02,0.02,1.2574652271179845,1.2574652271180184,1.056105610561056,1.2574652271179847,0.19066238692734166,1.7658110947047083e-16,12.584976034808037,2.701690974898131e-14,1.0658141036401503e-14,2.6645352591003756e-16
ET001-03,100.0,1.0,100.0,harmonic_frozen,12,8,0.01,0.01,1.0561056105610553,1.05610561056114,1.056105610561056,1.056105610561056,6.307454558651671e-16,6.307454558651671e-16,5.684341886080802e-14,8.010467289486986e-14,1.7763568394002505e-14,4.440892098500626e-16
ET001-03,100.0,1.0,100.0,arithmetic_ablation,12,8,0.01,0.01,1.148022839687064,1.148022839687151,1.056105610561056,1.1480228396870644,0.0870341263286888,3.868295947588598e-16,6.319309502413063,7.58186005727308e-14,2.842170943040401e-14,7.105427357601002e-16
ET001-03,100.0,1.0,100.0,harmonic_frozen,24,16,0.005,0.005,1.056105610561057,1.0561056105607278,1.056105610561056,1.056105610561056,8.409939411535562e-16,8.409939411535562e-16,1.4210854715202004e-13,3.115882551973923e-13,2.842170943040401e-14,7.105427357601002e-16
ET001-03,100.0,1.0,100.0,arithmetic_ablation,24,16,0.005,0.005,1.1001476451240957,1.1001476451238688,1.056105610561056,1.1001476451240946,0.0417023014768782,1.0091582066695471e-15,3.1655212342184207,2.062719374432552e-13,5.684341886080802e-14,1.4210854715202005e-15
ET001-03,100.0,1.0,100.0,harmonic_frozen,48,32,0.0025,0.0025,1.0561056105610445,1.0561056105604578,1.056105610561056,1.056105610561056,1.093292123499623e-14,1.093292123499623e-14,2.1316282072803006e-13,5.554764981319299e-13,4.973799150320701e-14,1.2434497875801752e-15
ET001-03,100.0,1.0,100.0,arithmetic_ablation,48,32,0.0025,0.0025,1.0776768428269758,1.077676842826456,1.056105610561056,1.0776768428269845,0.020425260551792848,8.03556246913482e-15,1.5841373695292909,4.823397882114042e-13,4.618527782440651e-14,1.1546319456101628e-15
