mesh,source,method,left_half_source,right_half_source,q_left_boundary,q_right_boundary,total_source,global_residual
uniform-4,constant,fd,0.125,0.125,-0.5,0.49999999999999994,1.0,0.0
uniform-4,constant,fv,0.125,0.125,-0.5,0.49999999999999994,1.0,0.0
uniform-4,constant,fe,0.125,0.125,-0.5,0.49999999999999994,1.0,0.0
uniform-4,linear,fd,0.0078125,0.11718749999999999,-0.1640625,0.33593749999999994,0.5,-5.551115123125783e-17
uniform-4,linear,fv,0.0078125,0.11718749999999999,-0.1640625,0.33593749999999994,0.5,-5.551115123125783e-17
uniform-4,linear,fe,0.0078125,0.11718749999999999,-0.1640625,0.33593749999999994,0.5,-5.551115123125783e-17
uniform-4,quadratic,fd,0.0006510416666666665,0.11002604166666667,-0.07877604166666666,0.25065104166666663,0.33333333333333326,-0.00390625
uniform-4,quadratic,fv,0.0006510416666666665,0.11002604166666667,-0.08072916666666667,0.2526041666666667,0.33333333333333326,1.1102230246251565e-16
uniform-4,quadratic,fe,0.0006510416666666665,0.11002604166666667,-0.08268229166666666,0.25455729166666663,0.33333333333333326,0.00390625
uniform-8,constant,fd,0.0625,0.0625,-0.5,0.5,1.0,0.0
uniform-8,constant,fv,0.0625,0.0625,-0.5,0.5,1.0,0.0
uniform-8,constant,fe,0.0625,0.0625,-0.5,0.5,1.0,0.0
uniform-8,linear,fd,0.001953125,0.060546875,-0.166015625,0.333984375,0.5,0.0
uniform-8,linear,fv,0.001953125,0.060546875,-0.166015625,0.333984375,0.5,0.0
uniform-8,linear,fe,0.001953125,0.060546875,-0.166015625,0.333984375,0.5,0.0
uniform-8,quadratic,fd,8.138020833333332e-05,0.058675130208333336,-0.08211263020833334,0.2500813802083333,0.33333333333333326,-0.0011393229166666297
uniform-8,quadratic,fv,8.138020833333332e-05,0.058675130208333336,-0.08268229166666667,0.2506510416666667,0.33333333333333326,1.1102230246251565e-16
uniform-8,quadratic,fe,8.138020833333332e-05,0.058675130208333336,-0.083251953125,0.25122070312500006,0.33333333333333326,0.0011393229166667962
uniform-16,constant,fd,0.03125,0.03125,-0.49999999999999994,0.5,1.0,0.0
uniform-16,constant,fv,0.03125,0.03125,-0.49999999999999994,0.5,1.0,0.0
uniform-16,constant,fe,0.03125,0.03125,-0.49999999999999994,0.5,1.0,0.0
uniform-16,linear,fd,0.00048828125,0.03076171875,-0.16650390625000003,0.33349609375,0.5,0.0
uniform-16,linear,fv,0.00048828125,0.03076171875,-0.16650390625000003,0.33349609375,0.5,0.0
uniform-16,linear,fe,0.00048828125,0.03076171875,-0.16650390625000003,0.33349609375,0.5,0.0
uniform-16,quadratic,fd,1.0172526041666664e-05,0.030283610026041668,-0.08301798502604169,0.2500101725260417,0.33333333333333326,-0.000305175781249889
uniform-16,quadratic,fv,1.0172526041666664e-05,0.030283610026041668,-0.08317057291666666,0.2501627604166667,0.33333333333333326,1.1102230246251565e-16
uniform-16,quadratic,fe,1.0172526041666664e-05,0.030283610026041668,-0.08332316080729169,0.25031534830729163,0.33333333333333326,0.0003051757812500555
uniform-32,constant,fd,0.015625,0.015625,-0.4999999999999994,0.4999999999999987,1.0,-1.887379141862766e-15
uniform-32,constant,fv,0.015625,0.015625,-0.4999999999999994,0.4999999999999987,1.0,-1.887379141862766e-15
uniform-32,constant,fe,0.015625,0.015625,-0.4999999999999994,0.4999999999999987,1.0,-1.887379141862766e-15
uniform-32,linear,fd,0.0001220703125,0.015502929687499998,-0.1666259765624997,0.3333740234374992,0.5,-1.1102230246251565e-15
uniform-32,linear,fv,0.0001220703125,0.015502929687499998,-0.1666259765624997,0.3333740234374992,0.5,-1.1102230246251565e-15
uniform-32,linear,fe,0.0001220703125,0.015502929687499998,-0.1666259765624997,0.3333740234374992,0.5,-1.1102230246251565e-15
uniform-32,quadratic,fd,1.271565755208333e-06,0.015382130940755209,-0.08325322469075497,0.25000127156575475,0.33333333333333326,-7.883707682354579e-05
uniform-32,quadratic,fv,1.271565755208333e-06,0.015382130940755209,-0.08329264322916644,0.25004069010416613,0.33333333333333326,-6.661338147750939e-16
uniform-32,quadratic,fe,1.271565755208333e-06,0.015382130940755209,-0.08333206176757796,0.25008010864257774,0.33333333333333326,7.883707682243557e-05
uniform-64,constant,fd,0.0078125,0.0078125,-0.4999999999999966,0.49999999999999833,1.0,-5.10702591327572e-15
uniform-64,constant,fv,0.0078125,0.0078125,-0.4999999999999966,0.49999999999999833,1.0,-5.10702591327572e-15
uniform-64,constant,fe,0.0078125,0.0078125,-0.4999999999999966,0.49999999999999833,1.0,-5.10702591327572e-15
uniform-64,linear,fd,3.0517578125e-05,0.007781982421874999,-0.16665649414062342,0.3333435058593744,0.5,-2.220446049250313e-15
uniform-64,linear,fv,3.0517578125e-05,0.007781982421874999,-0.16665649414062342,0.3333435058593744,0.5,-2.220446049250313e-15
uniform-64,linear,fe,3.0517578125e-05,0.007781982421874999,-0.16665649414062342,0.3333435058593744,0.5,-2.220446049250313e-15
uniform-64,quadratic,fd,1.5894571940104163e-07,0.0077516237894694005,-0.08331314722696859,0.25000015894571914,0.33333333333333326,-2.002716064553045e-05
uniform-64,quadratic,fv,1.5894571940104163e-07,0.0077516237894694005,-0.08332316080729081,0.25001017252604146,0.33333333333333326,-9.992007221626409e-16
uniform-64,quadratic,fe,1.5894571940104163e-07,0.0077516237894694005,-0.08333317438761305,0.2500201861063637,0.33333333333333326,2.0027160643476538e-05
graded-4,constant,fd,0.03125,0.21875,-0.5,0.5,1.0,0.0
graded-4,constant,fv,0.03125,0.21875,-0.5,0.5,1.0,0.0
graded-4,constant,fe,0.03125,0.21875,-0.5,0.5,1.0,0.0
graded-4,linear,fd,0.00048828125,0.19482421875,-0.14697265625000003,0.32958984375,0.5,-0.0234375
graded-4,linear,fv,0.00048828125,0.19482421875,-0.16162109375,0.33837890625,0.5,0.0
graded-4,linear,fe,0.00048828125,0.19482421875,-0.16650390625000006,0.34130859375,0.5,0.0078125
graded-4,quadratic,fd,1.0172526041666664e-05,0.17438761393229169,-0.06409708658854167,0.24506632486979169,0.33333333333333326,-0.02416992187499989
graded-4,quadratic,fv,1.0172526041666664e-05,0.17438761393229169,-0.07676188151041669,0.2565714518229167,0.33333333333333326,1.1102230246251565e-16
graded-4,quadratic,fe,1.0172526041666664e-05,0.17438761393229169,-0.0833231608072917,0.2624613444010417,0.33333333333333326,0.012451171875000111
graded-8,constant,fd,0.0078125,0.1171875,-0.5,0.5,1.0,0.0
graded-8,constant,fv,0.0078125,0.1171875,-0.5,0.5,1.0,0.0
graded-8,constant,fe,0.0078125,0.1171875,-0.5,0.5,1.0,0.0
graded-8,linear,fd,3.0517578125e-05,0.110321044921875,-0.16152954101562503,0.33163452148437506,0.5,-0.006835937499999889
graded-8,linear,fv,3.0517578125e-05,0.110321044921875,-0.16537475585937497,0.33462524414062506,0.5,0.0
graded-8,linear,fe,3.0517578125e-05,0.110321044921875,-0.166656494140625,0.33562215169270837,0.5,0.0022786458333333703
graded-8,quadratic,fd,1.5894571940104163e-07,0.10399103164672852,-0.07822624842325847,0.24707841873168948,0.33333333333333326,-0.008028666178385324
graded-8,quadratic,fv,1.5894571940104163e-07,0.10399103164672852,-0.08162085215250656,0.2517124811808269,0.33333333333333326,2.220446049250313e-16
graded-8,quadratic,fe,1.5894571940104163e-07,0.10399103164672852,-0.08333317438761395,0.2540411949157715,0.33333333333333326,0.004041035970052176
graded-16,constant,fd,0.001953125,0.060546875,-0.5,0.49999999999999983,1.0,-2.220446049250313e-16
graded-16,constant,fv,0.001953125,0.060546875,-0.5,0.49999999999999983,1.0,-2.220446049250313e-16
graded-16,constant,fe,0.001953125,0.060546875,-0.5,0.49999999999999983,1.0,-2.220446049250313e-16
graded-16,linear,fd,1.9073486328125e-06,0.05871391296386719,-0.16536903381347662,0.3327999114990234,0.5,-0.0018310546875
graded-16,linear,fv,1.9073486328125e-06,0.05871391296386719,-0.16634178161621094,0.333658218383789,0.5,-5.551115123125783e-17
graded-16,linear,fe,1.9073486328125e-06,0.05871391296386719,-0.1666660308837891,0.3339443206787109,0.5,0.0006103515625
graded-16,quadratic,fd,2.4835268656412755e-09,0.05695493767658869,-0.08203760037819548,0.24900333831707633,0.33333333333333326,-0.002292394638061468
graded-16,quadratic,fv,2.4835268656412755e-09,0.05695493767658869,-0.08290078739325207,0.25043254594008124,0.33333333333333326,5.551115123125783e-17
graded-16,quadratic,fe,2.4835268656412755e-09,0.05695493767658869,-0.0833333308498065,0.25114798794190085,0.33333333333333326,0.001147985458374079
graded-32,constant,fd,0.00048828125,0.03076171875,-0.5000000000000011,0.5000000000000004,1.0,1.5543122344752192e-15
graded-32,constant,fv,0.00048828125,0.03076171875,-0.5000000000000011,0.5000000000000004,1.0,1.5543122344752192e-15
graded-32,constant,fe,0.00048828125,0.03076171875,-0.5000000000000011,0.5000000000000004,1.0,1.5543122344752192e-15
graded-32,linear,fd,1.1920928955078125e-07,0.03028857707977295,-0.1663414239883427,0.3331855535507205,0.5,-0.00047302246093683387
graded-32,linear,fv,1.1920928955078125e-07,0.03028857707977295,-0.1665853261947636,0.3334146738052371,0.5,6.661338147750939e-16
graded-32,linear,fe,1.1920928955078125e-07,0.03028857707977295,-0.16666662693023723,0.3334910472234093,0.5,0.00015767415364653647
graded-32,quadratic,fd,3.880510727564493e-11,0.02982513851020485,-0.0830082097478834,0.24971390527207415,0.33333333333333326,-0.0006112183133757387
graded-32,quadratic,fv,3.880510727564493e-11,0.02982513851020485,-0.08322491908135533,0.2501084142519783,0.33333333333333326,3.3306690738754696e-16
graded-32,quadratic,fe,3.880510727564493e-11,0.02982513851020485,-0.08333333329452844,0.2503057246794925,0.33333333333333326,0.0003057246406876768
alternating-4,constant,fd,0.15,0.09999999999999998,-0.5000000000000001,0.5,1.0,0.0
alternating-4,constant,fv,0.15,0.09999999999999998,-0.5000000000000001,0.5,1.0,0.0
alternating-4,constant,fe,0.15,0.09999999999999998,-0.5000000000000001,0.5,1.0,0.0
alternating-4,linear,fd,0.011250000000000001,0.09499999999999997,-0.16625000000000004,0.34,0.5,0.006250000000000089
alternating-4,linear,fv,0.011250000000000001,0.09499999999999997,-0.16375000000000003,0.33625000000000005,0.5,1.1102230246251565e-16
alternating-4,linear,fe,0.011250000000000001,0.09499999999999997,-0.16291666666666668,0.335,0.5,-0.002083333333333326
alternating-4,quadratic,fd,0.001125,0.09033333333333331,-0.08012500000000002,0.25633333333333336,0.33333333333333326,0.0031250000000001
alternating-4,quadratic,fv,0.001125,0.09033333333333331,-0.08066666666666669,0.2526666666666667,0.33333333333333326,1.1102230246251565e-16
alternating-4,quadratic,fe,0.001125,0.09033333333333331,-0.08220833333333336,0.25300000000000006,0.33333333333333326,0.001875000000000182
alternating-8,constant,fd,0.075,0.050000000000000044,-0.5000000000000001,0.5,1.0,0.0
alternating-8,constant,fv,0.075,0.050000000000000044,-0.5000000000000001,0.5,1.0,0.0
alternating-8,constant,fe,0.075,0.050000000000000044,-0.5000000000000002,0.5,1.0,2.220446049250313e-16
alternating-8,linear,fd,0.0028125000000000003,0.048750000000000036,-0.16656250000000003,0.335,0.5,0.0015625000000000222
alternating-8,linear,fv,0.0028125000000000003,0.048750000000000036,-0.16593750000000004,0.3340625,0.5,0.0
alternating-8,linear,fe,0.0028125000000000003,0.048750000000000036,-0.16572916666666676,0.33375,0.5,-0.0005208333333332482
alternating-8,quadratic,fd,0.000140625,0.047541666666666704,-0.08220312500000002,0.25172916666666667,0.33333333333333326,0.0005989583333334547
alternating-8,quadratic,fv,0.000140625,0.047541666666666704,-0.0826354166666667,0.2506979166666667,0.33333333333333326,1.1102230246251565e-16
alternating-8,quadratic,fe,0.000140625,0.047541666666666704,-0.08319270833333339,0.25079166666666663,0.33333333333333326,0.0006510416666667407
alternating-16,constant,fd,0.0375,0.025000000000000022,-0.5000000000000004,0.5000000000000007,1.0,1.1102230246251565e-15
alternating-16,constant,fv,0.0375,0.025000000000000022,-0.5000000000000004,0.5000000000000007,1.0,1.1102230246251565e-15
alternating-16,constant,fe,0.0375,0.025000000000000022,-0.5000000000000004,0.5000000000000007,1.0,1.1102230246251565e-15
alternating-16,linear,fd,0.0007031250000000001,0.024687500000000025,-0.1666406250000002,0.33375000000000044,0.5,0.00039062500000064393
alternating-16,linear,fv,0.0007031250000000001,0.024687500000000025,-0.1664843750000002,0.3335156250000004,0.5,6.661338147750939e-16
alternating-16,linear,fe,0.0007031250000000001,0.024687500000000025,-0.1664322916666669,0.3334375000000004,0.5,-0.0001302083333327153
alternating-16,quadratic,fd,1.7578125e-05,0.024380208333333358,-0.08300976562500015,0.2504505208333336,0.33333333333333326,0.00012695312500043965
alternating-16,quadratic,fv,1.7578125e-05,0.024380208333333358,-0.08315494791666679,0.2501783854166669,0.33333333333333326,4.440892098500626e-16
alternating-16,quadratic,fe,1.7578125e-05,0.024380208333333358,-0.08331575520833345,0.25020312500000025,0.33333333333333326,0.00018554687500044187
alternating-32,constant,fd,0.01875,0.012499999999999956,-0.5000000000000029,0.5000000000000038,1.0,6.661338147750939e-15
alternating-32,constant,fv,0.01875,0.012499999999999956,-0.5000000000000029,0.5000000000000038,1.0,6.661338147750939e-15
alternating-32,constant,fe,0.01875,0.012499999999999956,-0.5000000000000029,0.5000000000000036,1.0,6.439293542825908e-15
alternating-32,linear,fd,0.00017578125000000002,0.012421874999999956,-0.16666015625000144,0.33343750000000205,0.5,9.76562500034639e-05
alternating-32,linear,fv,0.00017578125000000002,0.012421874999999956,-0.16662109375000148,0.33337890625000216,0.5,3.6637359812630166e-15
alternating-32,linear,fe,0.00017578125000000002,0.012421874999999956,-0.1666080729166681,0.33335937500000196,0.5,-3.255208332997306e-05
alternating-32,quadratic,fd,2.197265625e-06,0.012344401041666623,-0.08324731445312586,0.250114908854168,0.33333333333333326,2.888997396055526e-05
alternating-32,quadratic,fv,2.197265625e-06,0.012344401041666623,-0.08328824869791755,0.25004508463541797,0.33333333333333326,2.275957200481571e-15
alternating-32,quadratic,fe,2.197265625e-06,0.012344401041666623,-0.08333113606770917,0.25005143229166793,0.33333333333333326,4.923502604381458e-05
