case,k,value,residual,derivative
sqrt2_positive,0,1,-1,2
sqrt2_positive,1,1.5,0.25,3
sqrt2_positive,2,1.4166666666666667,0.0069444444444446418,2.8333333333333335
sqrt2_positive,3,1.4142156862745099,6.0073048828712672e-06,2.8284313725490198
sqrt2_positive,4,1.4142135623746899,4.510614104447086e-12,2.8284271247493797
sqrt2_far,0,10,98,20
sqrt2_far,1,5.0999999999999996,24.009999999999998,10.199999999999999
sqrt2_far,2,2.7460784313725486,5.5409467512495167,5.4921568627450972
sqrt2_far,3,1.7371948743795982,1.0178460315707478,3.4743897487591964
sqrt2_far,4,1.4442380948662319,0.085823674662842908,2.8884761897324638
sqrt2_far,5,1.4145256551487377,0.00088282907396575183,2.8290513102974755
sqrt2_far,6,1.4142135968022693,9.7380411734349082e-08,2.8284271936045386
sqrt2_far,7,1.4142135623730954,8.8817841970012523e-16,2.8284271247461907
sqrt2_negative,0,-1,-1,-2
sqrt2_negative,1,-1.5,0.25,-3
sqrt2_negative,2,-1.4166666666666667,0.0069444444444446418,-2.8333333333333335
sqrt2_negative,3,-1.4142156862745099,6.0073048828712672e-06,-2.8284313725490198
sqrt2_negative,4,-1.4142135623746899,4.510614104447086e-12,-2.8284271247493797
sqrt2_zero_derivative,0,0,-2,0
cubic_cycle,0,0,2,-2
cubic_cycle,1,1,1,1
cubic_cycle,2,0,2,-2
cubic_cycle,3,1,1,1
cubic_cycle,4,0,2,-2
cubic_cycle,5,1,1,1
cubic_cycle,6,0,2,-2
