case,mode,r,factor
r04,1,0.3999999999999999,0.9901506724761102
r04,2,0.3999999999999999,0.9608452130361229
r04,3,0.3999999999999999,0.9128052193506944
r04,4,0.3999999999999999,0.847213595499958
r04,5,0.3999999999999999,0.7656854249492381
r04,6,0.3999999999999999,0.6702282018339787
r04,7,0.3999999999999999,0.5631923997916377
r04,8,0.3999999999999999,0.4472135954999581
r04,9,0.3999999999999999,0.3251475720321848
r04,10,0.3999999999999999,0.2000000000000004
r04,11,0.3999999999999999,0.07485242796781577
r04,12,0.3999999999999999,-0.04721359549995774
r04,13,0.3999999999999999,-0.16319239979163713
r04,14,0.3999999999999999,-0.2702282018339781
r04,15,0.3999999999999999,-0.3656854249492376
r04,16,0.3999999999999999,-0.44721359549995743
r04,17,0.3999999999999999,-0.5128052193506938
r04,18,0.3999999999999999,-0.5608452130361226
r04,19,0.3999999999999999,-0.5901506724761099
r06,1,0.5999999999999999,0.9852260087141653
r06,2,0.5999999999999999,0.9412678195541843
r06,3,0.5999999999999999,0.8692078290260414
r06,4,0.5999999999999999,0.770820393249937
r06,5,0.5999999999999999,0.6485281374238572
r06,6,0.5999999999999999,0.5053423027509679
r06,7,0.5999999999999999,0.34478859968745657
r06,8,0.5999999999999999,0.17082039324993714
r06,9,0.5999999999999999,-0.01227864195172268
r06,10,0.5999999999999999,-0.1999999999999995
r06,11,0.5999999999999999,-0.38772135804827634
r06,12,0.5999999999999999,-0.5708203932499365
r06,13,0.5999999999999999,-0.7447885996874557
r06,14,0.5999999999999999,-0.905342302750967
r06,15,0.5999999999999999,-1.0485281374238564
r06,16,0.5999999999999999,-1.1708203932499361
r06,17,0.5999999999999999,-1.269207829026041
r06,18,0.5999999999999999,-1.3412678195541838
r06,19,0.5999999999999999,-1.3852260087141648
