case,n,t,dt,r,error_inf,minimum,maximum,modal_check_inf
r04,0,0.0,0.001,0.3999999999999999,0.0,0.0,0.999999,0.0
r04,30,0.03,0.001,0.3999999999999999,0.0006366941423716632,0.0,0.7430851852684026,8.881784197001252e-16
r04,60,0.06,0.001,0.3999999999999999,0.0009466413487181358,0.0,0.5521755925655762,1.1102230246251565e-15
r04,63,0.063,0.001,0.3999999999999999,0.0009649331635747105,0.0,0.5360200886142117,1.2212453270876722e-15
r04,90,0.09,0.001,0.3999999999999999,0.0010556048482694425,0.0,0.4103135025023555,1.3322676295501878e-15
r06,0,0.0,0.0015,0.5999999999999999,0.0,0.0,0.999999,0.0
r06,20,0.03,0.0015,0.5999999999999999,0.001862864027924016,0.0,0.7418590153828503,3.0531133177191805e-14
r06,40,0.06,0.0015,0.5999999999999999,0.45972073508304667,0.0,0.9968907860371118,1.2191025966501456e-11
r06,42,0.063,0.0015,0.5999999999999999,0.8805497850141722,-0.34356476323638585,1.3965330369149025,2.2592927528819473e-11
r06,60,0.09,0.0015,0.5999999999999999,309.91384938523163,-309.502480277881,306.50071828409233,6.1642708715226036e-09
