problem,N,i,j,value,position
constant,4,0,0,2,0
constant,4,0,1,-1,1
constant,4,1,0,-1,2
constant,4,1,1,2,3
constant,4,1,2,-1,4
constant,4,2,1,-1,5
constant,4,2,2,2,6
constant,8,0,0,2,0
constant,8,0,1,-1,1
constant,8,1,0,-1,2
constant,8,1,1,2,3
constant,8,1,2,-1,4
constant,8,2,1,-1,5
constant,8,2,2,2,6
constant,8,2,3,-1,7
constant,8,3,2,-1,8
constant,8,3,3,2,9
constant,8,3,4,-1,10
constant,8,4,3,-1,11
constant,8,4,4,2,12
constant,8,4,5,-1,13
constant,8,5,4,-1,14
constant,8,5,5,2,15
constant,8,5,6,-1,16
constant,8,6,5,-1,17
constant,8,6,6,2,18
constant,16,0,0,2,0
constant,16,0,1,-1,1
constant,16,1,0,-1,2
constant,16,1,1,2,3
constant,16,1,2,-1,4
constant,16,2,1,-1,5
constant,16,2,2,2,6
constant,16,2,3,-1,7
constant,16,3,2,-1,8
constant,16,3,3,2,9
constant,16,3,4,-1,10
constant,16,4,3,-1,11
constant,16,4,4,2,12
constant,16,4,5,-1,13
constant,16,5,4,-1,14
constant,16,5,5,2,15
constant,16,5,6,-1,16
constant,16,6,5,-1,17
constant,16,6,6,2,18
constant,16,6,7,-1,19
constant,16,7,6,-1,20
constant,16,7,7,2,21
constant,16,7,8,-1,22
constant,16,8,7,-1,23
constant,16,8,8,2,24
constant,16,8,9,-1,25
constant,16,9,8,-1,26
constant,16,9,9,2,27
constant,16,9,10,-1,28
constant,16,10,9,-1,29
constant,16,10,10,2,30
constant,16,10,11,-1,31
constant,16,11,10,-1,32
constant,16,11,11,2,33
constant,16,11,12,-1,34
constant,16,12,11,-1,35
constant,16,12,12,2,36
constant,16,12,13,-1,37
constant,16,13,12,-1,38
constant,16,13,13,2,39
constant,16,13,14,-1,40
constant,16,14,13,-1,41
constant,16,14,14,2,42
constant,24,0,0,2,0
constant,24,0,1,-1,1
constant,24,1,0,-1,2
constant,24,1,1,2,3
constant,24,1,2,-1,4
constant,24,2,1,-1,5
constant,24,2,2,2,6
constant,24,2,3,-1,7
constant,24,3,2,-1,8
constant,24,3,3,2,9
constant,24,3,4,-1,10
constant,24,4,3,-1,11
constant,24,4,4,2,12
constant,24,4,5,-1,13
constant,24,5,4,-1,14
constant,24,5,5,2,15
constant,24,5,6,-1,16
constant,24,6,5,-1,17
constant,24,6,6,2,18
constant,24,6,7,-1,19
constant,24,7,6,-1,20
constant,24,7,7,2,21
constant,24,7,8,-1,22
constant,24,8,7,-1,23
constant,24,8,8,2,24
constant,24,8,9,-1,25
constant,24,9,8,-1,26
constant,24,9,9,2,27
constant,24,9,10,-1,28
constant,24,10,9,-1,29
constant,24,10,10,2,30
constant,24,10,11,-1,31
constant,24,11,10,-1,32
constant,24,11,11,2,33
constant,24,11,12,-1,34
constant,24,12,11,-1,35
constant,24,12,12,2,36
constant,24,12,13,-1,37
constant,24,13,12,-1,38
constant,24,13,13,2,39
constant,24,13,14,-1,40
constant,24,14,13,-1,41
constant,24,14,14,2,42
constant,24,14,15,-1,43
constant,24,15,14,-1,44
constant,24,15,15,2,45
constant,24,15,16,-1,46
constant,24,16,15,-1,47
constant,24,16,16,2,48
constant,24,16,17,-1,49
constant,24,17,16,-1,50
constant,24,17,17,2,51
constant,24,17,18,-1,52
constant,24,18,17,-1,53
constant,24,18,18,2,54
constant,24,18,19,-1,55
constant,24,19,18,-1,56
constant,24,19,19,2,57
constant,24,19,20,-1,58
constant,24,20,19,-1,59
constant,24,20,20,2,60
constant,24,20,21,-1,61
constant,24,21,20,-1,62
constant,24,21,21,2,63
constant,24,21,22,-1,64
constant,24,22,21,-1,65
constant,24,22,22,2,66
constant,32,0,0,2,0
constant,32,0,1,-1,1
constant,32,1,0,-1,2
constant,32,1,1,2,3
constant,32,1,2,-1,4
constant,32,2,1,-1,5
constant,32,2,2,2,6
constant,32,2,3,-1,7
constant,32,3,2,-1,8
constant,32,3,3,2,9
constant,32,3,4,-1,10
constant,32,4,3,-1,11
constant,32,4,4,2,12
constant,32,4,5,-1,13
constant,32,5,4,-1,14
constant,32,5,5,2,15
constant,32,5,6,-1,16
constant,32,6,5,-1,17
constant,32,6,6,2,18
constant,32,6,7,-1,19
constant,32,7,6,-1,20
constant,32,7,7,2,21
constant,32,7,8,-1,22
constant,32,8,7,-1,23
constant,32,8,8,2,24
constant,32,8,9,-1,25
constant,32,9,8,-1,26
constant,32,9,9,2,27
constant,32,9,10,-1,28
constant,32,10,9,-1,29
constant,32,10,10,2,30
constant,32,10,11,-1,31
constant,32,11,10,-1,32
constant,32,11,11,2,33
constant,32,11,12,-1,34
constant,32,12,11,-1,35
constant,32,12,12,2,36
constant,32,12,13,-1,37
constant,32,13,12,-1,38
constant,32,13,13,2,39
constant,32,13,14,-1,40
constant,32,14,13,-1,41
constant,32,14,14,2,42
constant,32,14,15,-1,43
constant,32,15,14,-1,44
constant,32,15,15,2,45
constant,32,15,16,-1,46
constant,32,16,15,-1,47
constant,32,16,16,2,48
constant,32,16,17,-1,49
constant,32,17,16,-1,50
constant,32,17,17,2,51
constant,32,17,18,-1,52
constant,32,18,17,-1,53
constant,32,18,18,2,54
constant,32,18,19,-1,55
constant,32,19,18,-1,56
constant,32,19,19,2,57
constant,32,19,20,-1,58
constant,32,20,19,-1,59
constant,32,20,20,2,60
constant,32,20,21,-1,61
constant,32,21,20,-1,62
constant,32,21,21,2,63
constant,32,21,22,-1,64
constant,32,22,21,-1,65
constant,32,22,22,2,66
constant,32,22,23,-1,67
constant,32,23,22,-1,68
constant,32,23,23,2,69
constant,32,23,24,-1,70
constant,32,24,23,-1,71
constant,32,24,24,2,72
constant,32,24,25,-1,73
constant,32,25,24,-1,74
constant,32,25,25,2,75
constant,32,25,26,-1,76
constant,32,26,25,-1,77
constant,32,26,26,2,78
constant,32,26,27,-1,79
constant,32,27,26,-1,80
constant,32,27,27,2,81
constant,32,27,28,-1,82
constant,32,28,27,-1,83
constant,32,28,28,2,84
constant,32,28,29,-1,85
constant,32,29,28,-1,86
constant,32,29,29,2,87
constant,32,29,30,-1,88
constant,32,30,29,-1,89
constant,32,30,30,2,90
affine,4,0,0,2,0
affine,4,0,1,-1,1
affine,4,1,0,-1,2
affine,4,1,1,2,3
affine,4,1,2,-1,4
affine,4,2,1,-1,5
affine,4,2,2,2,6
affine,8,0,0,2,0
affine,8,0,1,-1,1
affine,8,1,0,-1,2
affine,8,1,1,2,3
affine,8,1,2,-1,4
affine,8,2,1,-1,5
affine,8,2,2,2,6
affine,8,2,3,-1,7
affine,8,3,2,-1,8
affine,8,3,3,2,9
affine,8,3,4,-1,10
affine,8,4,3,-1,11
affine,8,4,4,2,12
affine,8,4,5,-1,13
affine,8,5,4,-1,14
affine,8,5,5,2,15
affine,8,5,6,-1,16
affine,8,6,5,-1,17
affine,8,6,6,2,18
affine,16,0,0,2,0
affine,16,0,1,-1,1
affine,16,1,0,-1,2
affine,16,1,1,2,3
affine,16,1,2,-1,4
affine,16,2,1,-1,5
affine,16,2,2,2,6
affine,16,2,3,-1,7
affine,16,3,2,-1,8
affine,16,3,3,2,9
affine,16,3,4,-1,10
affine,16,4,3,-1,11
affine,16,4,4,2,12
affine,16,4,5,-1,13
affine,16,5,4,-1,14
affine,16,5,5,2,15
affine,16,5,6,-1,16
affine,16,6,5,-1,17
affine,16,6,6,2,18
affine,16,6,7,-1,19
affine,16,7,6,-1,20
affine,16,7,7,2,21
affine,16,7,8,-1,22
affine,16,8,7,-1,23
affine,16,8,8,2,24
affine,16,8,9,-1,25
affine,16,9,8,-1,26
affine,16,9,9,2,27
affine,16,9,10,-1,28
affine,16,10,9,-1,29
affine,16,10,10,2,30
affine,16,10,11,-1,31
affine,16,11,10,-1,32
affine,16,11,11,2,33
affine,16,11,12,-1,34
affine,16,12,11,-1,35
affine,16,12,12,2,36
affine,16,12,13,-1,37
affine,16,13,12,-1,38
affine,16,13,13,2,39
affine,16,13,14,-1,40
affine,16,14,13,-1,41
affine,16,14,14,2,42
affine,24,0,0,2,0
affine,24,0,1,-1,1
affine,24,1,0,-1,2
affine,24,1,1,2,3
affine,24,1,2,-1,4
affine,24,2,1,-1,5
affine,24,2,2,2,6
affine,24,2,3,-1,7
affine,24,3,2,-1,8
affine,24,3,3,2,9
affine,24,3,4,-1,10
affine,24,4,3,-1,11
affine,24,4,4,2,12
affine,24,4,5,-1,13
affine,24,5,4,-1,14
affine,24,5,5,2,15
affine,24,5,6,-1,16
affine,24,6,5,-1,17
affine,24,6,6,2,18
affine,24,6,7,-1,19
affine,24,7,6,-1,20
affine,24,7,7,2,21
affine,24,7,8,-1,22
affine,24,8,7,-1,23
affine,24,8,8,2,24
affine,24,8,9,-1,25
affine,24,9,8,-1,26
affine,24,9,9,2,27
affine,24,9,10,-1,28
affine,24,10,9,-1,29
affine,24,10,10,2,30
affine,24,10,11,-1,31
affine,24,11,10,-1,32
affine,24,11,11,2,33
affine,24,11,12,-1,34
affine,24,12,11,-1,35
affine,24,12,12,2,36
affine,24,12,13,-1,37
affine,24,13,12,-1,38
affine,24,13,13,2,39
affine,24,13,14,-1,40
affine,24,14,13,-1,41
affine,24,14,14,2,42
affine,24,14,15,-1,43
affine,24,15,14,-1,44
affine,24,15,15,2,45
affine,24,15,16,-1,46
affine,24,16,15,-1,47
affine,24,16,16,2,48
affine,24,16,17,-1,49
affine,24,17,16,-1,50
affine,24,17,17,2,51
affine,24,17,18,-1,52
affine,24,18,17,-1,53
affine,24,18,18,2,54
affine,24,18,19,-1,55
affine,24,19,18,-1,56
affine,24,19,19,2,57
affine,24,19,20,-1,58
affine,24,20,19,-1,59
affine,24,20,20,2,60
affine,24,20,21,-1,61
affine,24,21,20,-1,62
affine,24,21,21,2,63
affine,24,21,22,-1,64
affine,24,22,21,-1,65
affine,24,22,22,2,66
affine,32,0,0,2,0
affine,32,0,1,-1,1
affine,32,1,0,-1,2
affine,32,1,1,2,3
affine,32,1,2,-1,4
affine,32,2,1,-1,5
affine,32,2,2,2,6
affine,32,2,3,-1,7
affine,32,3,2,-1,8
affine,32,3,3,2,9
affine,32,3,4,-1,10
affine,32,4,3,-1,11
affine,32,4,4,2,12
affine,32,4,5,-1,13
affine,32,5,4,-1,14
affine,32,5,5,2,15
affine,32,5,6,-1,16
affine,32,6,5,-1,17
affine,32,6,6,2,18
affine,32,6,7,-1,19
affine,32,7,6,-1,20
affine,32,7,7,2,21
affine,32,7,8,-1,22
affine,32,8,7,-1,23
affine,32,8,8,2,24
affine,32,8,9,-1,25
affine,32,9,8,-1,26
affine,32,9,9,2,27
affine,32,9,10,-1,28
affine,32,10,9,-1,29
affine,32,10,10,2,30
affine,32,10,11,-1,31
affine,32,11,10,-1,32
affine,32,11,11,2,33
affine,32,11,12,-1,34
affine,32,12,11,-1,35
affine,32,12,12,2,36
affine,32,12,13,-1,37
affine,32,13,12,-1,38
affine,32,13,13,2,39
affine,32,13,14,-1,40
affine,32,14,13,-1,41
affine,32,14,14,2,42
affine,32,14,15,-1,43
affine,32,15,14,-1,44
affine,32,15,15,2,45
affine,32,15,16,-1,46
affine,32,16,15,-1,47
affine,32,16,16,2,48
affine,32,16,17,-1,49
affine,32,17,16,-1,50
affine,32,17,17,2,51
affine,32,17,18,-1,52
affine,32,18,17,-1,53
affine,32,18,18,2,54
affine,32,18,19,-1,55
affine,32,19,18,-1,56
affine,32,19,19,2,57
affine,32,19,20,-1,58
affine,32,20,19,-1,59
affine,32,20,20,2,60
affine,32,20,21,-1,61
affine,32,21,20,-1,62
affine,32,21,21,2,63
affine,32,21,22,-1,64
affine,32,22,21,-1,65
affine,32,22,22,2,66
affine,32,22,23,-1,67
affine,32,23,22,-1,68
affine,32,23,23,2,69
affine,32,23,24,-1,70
affine,32,24,23,-1,71
affine,32,24,24,2,72
affine,32,24,25,-1,73
affine,32,25,24,-1,74
affine,32,25,25,2,75
affine,32,25,26,-1,76
affine,32,26,25,-1,77
affine,32,26,26,2,78
affine,32,26,27,-1,79
affine,32,27,26,-1,80
affine,32,27,27,2,81
affine,32,27,28,-1,82
affine,32,28,27,-1,83
affine,32,28,28,2,84
affine,32,28,29,-1,85
affine,32,29,28,-1,86
affine,32,29,29,2,87
affine,32,29,30,-1,88
affine,32,30,29,-1,89
affine,32,30,30,2,90
convection,4,0,0,2,0
convection,4,1,0,-2,1
convection,4,1,1,2,2
convection,4,2,1,-2,3
convection,4,2,2,2,4
convection,8,0,0,2,0
convection,8,0,1,-0.5,1
convection,8,1,0,-1.5,2
convection,8,1,1,2,3
convection,8,1,2,-0.5,4
convection,8,2,1,-1.5,5
convection,8,2,2,2,6
convection,8,2,3,-0.5,7
convection,8,3,2,-1.5,8
convection,8,3,3,2,9
convection,8,3,4,-0.5,10
convection,8,4,3,-1.5,11
convection,8,4,4,2,12
convection,8,4,5,-0.5,13
convection,8,5,4,-1.5,14
convection,8,5,5,2,15
convection,8,5,6,-0.5,16
convection,8,6,5,-1.5,17
convection,8,6,6,2,18
convection,16,0,0,2,0
convection,16,0,1,-0.75,1
convection,16,1,0,-1.25,2
convection,16,1,1,2,3
convection,16,1,2,-0.75,4
convection,16,2,1,-1.25,5
convection,16,2,2,2,6
convection,16,2,3,-0.75,7
convection,16,3,2,-1.25,8
convection,16,3,3,2,9
convection,16,3,4,-0.75,10
convection,16,4,3,-1.25,11
convection,16,4,4,2,12
convection,16,4,5,-0.75,13
convection,16,5,4,-1.25,14
convection,16,5,5,2,15
convection,16,5,6,-0.75,16
convection,16,6,5,-1.25,17
convection,16,6,6,2,18
convection,16,6,7,-0.75,19
convection,16,7,6,-1.25,20
convection,16,7,7,2,21
convection,16,7,8,-0.75,22
convection,16,8,7,-1.25,23
convection,16,8,8,2,24
convection,16,8,9,-0.75,25
convection,16,9,8,-1.25,26
convection,16,9,9,2,27
convection,16,9,10,-0.75,28
convection,16,10,9,-1.25,29
convection,16,10,10,2,30
convection,16,10,11,-0.75,31
convection,16,11,10,-1.25,32
convection,16,11,11,2,33
convection,16,11,12,-0.75,34
convection,16,12,11,-1.25,35
convection,16,12,12,2,36
convection,16,12,13,-0.75,37
convection,16,13,12,-1.25,38
convection,16,13,13,2,39
convection,16,13,14,-0.75,40
convection,16,14,13,-1.25,41
convection,16,14,14,2,42
convection,24,0,0,2,0
convection,24,0,1,-0.83333333333333337,1
convection,24,1,0,-1.1666666666666667,2
convection,24,1,1,2,3
convection,24,1,2,-0.83333333333333337,4
convection,24,2,1,-1.1666666666666667,5
convection,24,2,2,2,6
convection,24,2,3,-0.83333333333333337,7
convection,24,3,2,-1.1666666666666667,8
convection,24,3,3,2,9
convection,24,3,4,-0.83333333333333337,10
convection,24,4,3,-1.1666666666666667,11
convection,24,4,4,2,12
convection,24,4,5,-0.83333333333333337,13
convection,24,5,4,-1.1666666666666667,14
convection,24,5,5,2,15
convection,24,5,6,-0.83333333333333337,16
convection,24,6,5,-1.1666666666666667,17
convection,24,6,6,2,18
convection,24,6,7,-0.83333333333333337,19
convection,24,7,6,-1.1666666666666667,20
convection,24,7,7,2,21
convection,24,7,8,-0.83333333333333337,22
convection,24,8,7,-1.1666666666666667,23
convection,24,8,8,2,24
convection,24,8,9,-0.83333333333333337,25
convection,24,9,8,-1.1666666666666667,26
convection,24,9,9,2,27
convection,24,9,10,-0.83333333333333337,28
convection,24,10,9,-1.1666666666666667,29
convection,24,10,10,2,30
convection,24,10,11,-0.83333333333333337,31
convection,24,11,10,-1.1666666666666667,32
convection,24,11,11,2,33
convection,24,11,12,-0.83333333333333337,34
convection,24,12,11,-1.1666666666666667,35
convection,24,12,12,2,36
convection,24,12,13,-0.83333333333333337,37
convection,24,13,12,-1.1666666666666667,38
convection,24,13,13,2,39
convection,24,13,14,-0.83333333333333337,40
convection,24,14,13,-1.1666666666666667,41
convection,24,14,14,2,42
convection,24,14,15,-0.83333333333333337,43
convection,24,15,14,-1.1666666666666667,44
convection,24,15,15,2,45
convection,24,15,16,-0.83333333333333337,46
convection,24,16,15,-1.1666666666666667,47
convection,24,16,16,2,48
convection,24,16,17,-0.83333333333333337,49
convection,24,17,16,-1.1666666666666667,50
convection,24,17,17,2,51
convection,24,17,18,-0.83333333333333337,52
convection,24,18,17,-1.1666666666666667,53
convection,24,18,18,2,54
convection,24,18,19,-0.83333333333333337,55
convection,24,19,18,-1.1666666666666667,56
convection,24,19,19,2,57
convection,24,19,20,-0.83333333333333337,58
convection,24,20,19,-1.1666666666666667,59
convection,24,20,20,2,60
convection,24,20,21,-0.83333333333333337,61
convection,24,21,20,-1.1666666666666667,62
convection,24,21,21,2,63
convection,24,21,22,-0.83333333333333337,64
convection,24,22,21,-1.1666666666666667,65
convection,24,22,22,2,66
convection,32,0,0,2,0
convection,32,0,1,-0.875,1
convection,32,1,0,-1.125,2
convection,32,1,1,2,3
convection,32,1,2,-0.875,4
convection,32,2,1,-1.125,5
convection,32,2,2,2,6
convection,32,2,3,-0.875,7
convection,32,3,2,-1.125,8
convection,32,3,3,2,9
convection,32,3,4,-0.875,10
convection,32,4,3,-1.125,11
convection,32,4,4,2,12
convection,32,4,5,-0.875,13
convection,32,5,4,-1.125,14
convection,32,5,5,2,15
convection,32,5,6,-0.875,16
convection,32,6,5,-1.125,17
convection,32,6,6,2,18
convection,32,6,7,-0.875,19
convection,32,7,6,-1.125,20
convection,32,7,7,2,21
convection,32,7,8,-0.875,22
convection,32,8,7,-1.125,23
convection,32,8,8,2,24
convection,32,8,9,-0.875,25
convection,32,9,8,-1.125,26
convection,32,9,9,2,27
convection,32,9,10,-0.875,28
convection,32,10,9,-1.125,29
convection,32,10,10,2,30
convection,32,10,11,-0.875,31
convection,32,11,10,-1.125,32
convection,32,11,11,2,33
convection,32,11,12,-0.875,34
convection,32,12,11,-1.125,35
convection,32,12,12,2,36
convection,32,12,13,-0.875,37
convection,32,13,12,-1.125,38
convection,32,13,13,2,39
convection,32,13,14,-0.875,40
convection,32,14,13,-1.125,41
convection,32,14,14,2,42
convection,32,14,15,-0.875,43
convection,32,15,14,-1.125,44
convection,32,15,15,2,45
convection,32,15,16,-0.875,46
convection,32,16,15,-1.125,47
convection,32,16,16,2,48
convection,32,16,17,-0.875,49
convection,32,17,16,-1.125,50
convection,32,17,17,2,51
convection,32,17,18,-0.875,52
convection,32,18,17,-1.125,53
convection,32,18,18,2,54
convection,32,18,19,-0.875,55
convection,32,19,18,-1.125,56
convection,32,19,19,2,57
convection,32,19,20,-0.875,58
convection,32,20,19,-1.125,59
convection,32,20,20,2,60
convection,32,20,21,-0.875,61
convection,32,21,20,-1.125,62
convection,32,21,21,2,63
convection,32,21,22,-0.875,64
convection,32,22,21,-1.125,65
convection,32,22,22,2,66
convection,32,22,23,-0.875,67
convection,32,23,22,-1.125,68
convection,32,23,23,2,69
convection,32,23,24,-0.875,70
convection,32,24,23,-1.125,71
convection,32,24,24,2,72
convection,32,24,25,-0.875,73
convection,32,25,24,-1.125,74
convection,32,25,25,2,75
convection,32,25,26,-0.875,76
convection,32,26,25,-1.125,77
convection,32,26,26,2,78
convection,32,26,27,-0.875,79
convection,32,27,26,-1.125,80
convection,32,27,27,2,81
convection,32,27,28,-0.875,82
convection,32,28,27,-1.125,83
convection,32,28,28,2,84
convection,32,28,29,-0.875,85
convection,32,29,28,-1.125,86
convection,32,29,29,2,87
convection,32,29,30,-0.875,88
convection,32,30,29,-1.125,89
convection,32,30,30,2,90
