x,exact
0,0
0.001,3.9124380570930715e-45
0.002,8.2363508165641122e-45
0.0030000000000000001,1.3015013450627714e-44
0.0040000000000000001,1.8296252421090326e-44
0.0050000000000000001,2.4132924142652563e-44
0.0060000000000000001,3.0583443987678595e-44
0.0070000000000000001,3.7712370926870193e-44
0.0080000000000000002,4.559105365715075e-44
0.0089999999999999993,5.4298344683402901e-44
0.01,6.39213895008365e-44
0.010999999999999999,7.4556498776404201e-44
0.012,8.6310112258316563e-44
0.012999999999999999,9.9299864060827871e-44
0.014,1.1365575998598615e-43
0.014999999999999999,1.2952147866538954e-43
0.016,1.4705580954423825e-43
0.017000000000000001,1.6643424209945495e-43
0.017999999999999999,1.8785072219737064e-43
0.019,2.1151959316913639e-43
0.02,2.376777410308131e-43
0.021000000000000001,2.6658696531826506e-43
0.021999999999999999,2.9853659926487867e-43
0.023,3.3384640554583827e-43
0.024,3.7286977657044528e-43
0.025000000000000001,4.1599727135211078e-43
0.025999999999999999,4.6366052435427357e-43
0.027,5.1633656543313824e-43
0.028000000000000001,5.7455259411286602e-43
0.029000000000000001,6.3889125597555e-43
0.029999999999999999,7.0999647397409069e-43
0.031,7.8857989302951824e-43
0.032000000000000001,8.7542800241251607e-43
0.033000000000000002,9.7141000719247199e-43
0.034000000000000002,1.0774865275338622e-42
0.035000000000000003,1.1947192129058257e-42
0.035999999999999997,1.3242813674268508e-42
0.036999999999999998,1.4674696926866911e-42
0.037999999999999999,1.6257172655718457e-42
0.039,1.8006078809805506e-42
0.040000000000000001,1.9938919029746027e-42
0.041000000000000002,2.2075037830111538e-42
0.042000000000000003,2.4435814205829806e-42
0.042999999999999997,2.7044875600354039e-42
0.043999999999999997,2.9928334377055708e-42
0.044999999999999998,3.3115049160536355e-42
0.045999999999999999,3.6636913663441412e-42
0.047,4.0529175889454477e-42
0.048000000000000001,4.4830790907169121e-42
0.049000000000000002,4.9584810725504137e-42
0.050000000000000003,5.4838815172683239e-42
0.050999999999999997,6.0645388091146545e-42
0.051999999999999998,6.7062643614316926e-42
0.052999999999999999,7.4154807792386166e-42
0.053999999999999999,8.1992861388205055e-42
0.055,9.0655250276622321e-42
0.056000000000000001,1.0022867055716408e-41
0.057000000000000002,1.1080893623773294e-41
0.058000000000000003,1.2250193817341319e-41
0.058999999999999997,1.3542470385772549e-41
0.059999999999999998,1.4970656867313953e-41
0.060999999999999999,1.6549047032301623e-41
0.062,1.8293437940023106e-41
0.063,2.0221288040992199e-41
0.064000000000000001,2.2351891906992745e-41
0.065000000000000002,2.4706573337635763e-41
0.066000000000000003,2.7308898776115559e-41
0.067000000000000004,3.018491317009148e-41
0.068000000000000005,3.3363400638281091e-41
0.069000000000000006,3.6876172551591119e-41
0.070000000000000007,4.075838591201597e-41
0.070999999999999994,4.5048895215720431e-41
0.071999999999999995,4.9790641321908917e-41
0.072999999999999995,5.503108121936613e-41
0.073999999999999996,6.0822662991959143e-41
0.074999999999999997,6.7223350736686872e-41
0.075999999999999998,7.4297204687842163e-41
0.076999999999999999,8.2115022353374629e-41
0.078,9.0755047080137942e-41
0.079000000000000001,1.0030375113961119e-40
0.080000000000000002,1.1085670117145344e-40
0.081000000000000003,1.2251951464654931e-40
0.082000000000000003,1.354089169221679e-40
0.083000000000000004,1.4965390946855764e-40
0.084000000000000005,1.6539706095903185e-40
0.085000000000000006,1.8279593414516573e-40
0.085999999999999993,2.0202466279776439e-40
0.086999999999999994,2.2327569449618741e-40
0.087999999999999995,2.4676171670838494e-40
0.088999999999999996,2.727177854385881e-40
0.089999999999999997,3.0140367774677727e-40
0.090999999999999998,3.3310649168483766e-40
0.091999999999999998,3.6814351967035032e-40
0.092999999999999999,4.0686542405573609e-40
0.094,4.4965974667497646e-40
0.095000000000000001,4.9695478749250113e-40
0.096000000000000002,5.4922389117322988e-40
0.097000000000000003,6.0699018447506026e-40
0.098000000000000004,6.7083181187726235e-40
0.099000000000000005,7.4138772184480771e-40
0.10000000000000001,8.1936406163929132e-40
0.10100000000000001,9.0554124467813911e-40
0.10199999999999999,1.0007817611743694e-39
0.10299999999999999,1.1060388102284921e-39
0.104,1.222365839765587e-39
0.105,1.3509270897960932e-39
0.106,1.4930092445212597e-39
0.107,1.6500343099010609e-39
0.108,1.8235738455677197e-39
0.109,2.0153646935228906e-39
0.11,2.2273263610359835e-39
0.111,2.4615802317182721e-39
0.112,2.7204707970430287e-39
0.113,3.0065891208040729e-39
0.114,3.3227987713533774e-39
0.115,3.6722644811552823e-39
0.11600000000000001,4.0584838204930091e-39
0.11700000000000001,4.4853222023275157e-39
0.11799999999999999,4.957051568649415e-39
0.11899999999999999,5.4783931455107069e-39
0.12,6.0545646946414251e-39
0.121,6.6913327345633812e-39
0.122,7.3950702538450605e-39
0.123,8.1728204941138685e-39
0.124,9.0323674411854273e-39
0.125,9.9823137298094869e-39
0.126,1.1032166741730844e-38
0.127,1.2192433758760292e-38
0.128,1.3474727123183612e-38
0.129,1.4891880457985846e-38
0.13,1.6458077110062978e-38
0.13100000000000001,1.8188992101926315e-38
0.13200000000000001,2.0101949012594552e-38
0.13300000000000001,2.221609335779691e-38
0.13400000000000001,2.4552584204728974e-38
0.13500000000000001,2.7134805939107864e-38
0.13600000000000001,2.9988602303966689e-38
0.13700000000000001,3.3142535052518216e-38
0.13800000000000001,3.6628169803783737e-38
0.13900000000000001,4.0480391961916788e-38
0.14000000000000001,4.4737755861051448e-38
0.14099999999999999,4.9442870630040892e-38
0.14199999999999999,5.4642826638935514e-38
0.14299999999999999,6.0389666795238535e-38
0.14399999999999999,6.6740907406814848e-38
0.14499999999999999,7.3760113824428996e-38
0.14599999999999999,8.1517536625147206e-38
0.14699999999999999,9.009081470371672e-38
0.14799999999999999,9.956575230872714e-38
0.14899999999999999,1.100371778003675e-37
0.14999999999999999,1.2160989272452279e-37
0.151,1.3439972070188107e-37
0.152,1.4853466662964574e-37
0.153,1.6415619779758297e-37
0.154,1.8142065974020199e-37
0.155,2.0050084099540564e-37
0.156,2.2158770243027183e-37
0.157,2.4489228844157362e-37
0.158,2.7064783915906058e-37
0.159,2.9911212479104555e-37
0.16,3.3057002547531366e-37
0.161,3.653363824552838e-37
0.16200000000000001,4.0375914911697767e-37
0.16300000000000001,4.4622287342349436e-37
0.16400000000000001,4.9315254660023206e-37
0.16500000000000001,5.45017856589957e-37
0.16600000000000001,6.0233788884758762e-37
0.16700000000000001,6.656863215218701e-37
0.16800000000000001,7.3569716701917028e-37
0.16900000000000001,8.1307111741266296e-37
0.17000000000000001,8.9858255720417841e-37
0.17100000000000001,9.9308731362455145e-37
0.17199999999999999,1.0975312220401404e-36
0.17299999999999999,1.212959592191255e-36
0.17399999999999999,1.3405276700030839e-36
0.17499999999999999,1.4815121996755677e-36
0.17599999999999999,1.6373242017681481e-36
0.17699999999999999,1.8095230951680344e-36
0.17799999999999999,1.9998323042783711e-36
0.17899999999999999,2.2101565076291221e-36
0.17999999999999999,2.442600700539768e-36
0.18099999999999999,2.6994912626202167e-36
0.182,2.9833992409595527e-36
0.183,3.2971660820299716e-36
0.184,3.6439320698373152e-36
0.185,4.027167754939873e-36
0.186,4.450708688883957e-36
0.187,4.9187938116936249e-36
0.188,5.4361078766066648e-36
0.189,6.0078283366601363e-36
0.19,6.6396771623799755e-36
0.191,7.3379781091858891e-36
0.192,8.1097200076603654e-36
0.193,8.9626267101149676e-36
0.19400000000000001,9.9052343934993211e-36
0.19500000000000001,1.0946976992330814e-35
0.19600000000000001,1.2098280616679431e-35
0.19700000000000001,1.3370667900184972e-35
0.19800000000000001,1.4776873322444372e-35
0.19900000000000001,1.6330970659965969e-35
0.20000000000000001,1.8048513841253392e-35
0.20100000000000001,1.9946692615751652e-35
0.20200000000000001,2.2044504594635307e-35
0.20300000000000001,2.4362945385288585e-35
0.20399999999999999,2.692521872239815e-35
0.20499999999999999,2.9756968698733067e-35
0.20599999999999999,3.2886536419839386e-35
0.20699999999999999,3.6345243651354867e-35
0.20799999999999999,4.0167706297763166e-35
0.20899999999999999,4.4392180850004079e-35
0.20999999999999999,4.906094726929205e-35
0.21099999999999999,5.4220732139176565e-35
0.21199999999999999,5.9923176320900476e-35
0.21299999999999999,6.6225351792490549e-35
0.214,7.3190332844301545e-35
0.215,8.0887827347712092e-35
0.216,8.9394874414927372e-35
0.217,9.8796615432315801e-35
0.218,1.0918714618401095e-34
0.219,1.206704585941568e-34
0.22,1.3336148151302538e-34
0.221,1.4738723096359037e-34
0.222,1.6288808136057252e-34
0.223,1.8001917042475611e-34
0.224,1.9895195185345829e-34
0.22500000000000001,2.1987591128673975e-34
0.22600000000000001,2.4300046274339689e-34
0.22700000000000001,2.6855704450684187e-34
0.22800000000000001,2.9680143543721975e-34
0.22900000000000001,3.2801631489223745e-34
0.23000000000000001,3.6251409187715515e-34
0.23100000000000001,4.0064003173914537e-34
0.23200000000000001,4.4277571169892408e-34
0.23300000000000001,4.8934283980380791e-34
0.23400000000000001,5.4080747552363602e-34
0.23499999999999999,5.9768469423053913e-34
0.23599999999999999,6.6054374224643643e-34
0.23699999999999999,7.3001373405153673e-34
0.23799999999999999,8.0678994867347631e-34
0.23899999999999999,8.9164078827359053e-34
0.23999999999999999,9.8541546857392497e-34
0.24099999999999999,1.0890525180936955e-33
0.24199999999999999,1.2035891712581279e-33
0.24299999999999999,1.3301717493891581e-33
0.24399999999999999,1.470067133474631e-33
0.245,1.6246754435388967e-33
0.246,1.7955440515147447e-33
0.247,1.9843830678617477e-33
0.248,2.193082456926438e-33
0.249,2.4237309523409216e-33
0.25,2.678636961770877e-33
0.251,2.9603516702356215e-33
0.252,3.2716945732249725e-33
0.253,3.6157816951580488e-33
0.254,3.9960567756028885e-33
0.255,4.4163257353793439e-33
0.25600000000000001,4.8807947674942534e-33
0.25700000000000001,5.3941124341343228e-33
0.25800000000000001,5.9614161910393748e-33
0.25900000000000001,6.5883838048859856e-33
0.26000000000000001,7.2812901782844434e-33
0.26100000000000001,8.0470701511137952e-33
0.26200000000000001,8.893387906729436e-33
0.26300000000000001,9.8287136776868885e-33
0.26400000000000001,1.0862408518675899e-32
0.26500000000000001,1.2004817995101623e-32
0.26600000000000001,1.3267375724981543e-32
0.26700000000000002,1.466271781043624e-32
0.26800000000000002,1.6204809304047791e-32
0.26900000000000002,1.7909083975799356e-32
0.27000000000000002,1.9792598779431845e-32
0.27100000000000002,2.1874204564171735e-32
0.27200000000000002,2.4174734740363971e-32
0.27300000000000002,2.6717213787247066e-32
0.27400000000000002,2.9527087689679352e-32
0.27500000000000002,3.2632478610106809e-32
0.27600000000000002,3.6064466344619898e-32
0.27700000000000002,3.9857399379995553e-32
0.27800000000000002,4.4049238664901093e-32
0.27900000000000003,4.8681937535826388e-32
0.28000000000000003,5.3801861600174182e-32
0.28100000000000003,5.9460252778847851e-32
0.28199999999999997,6.5713742152612901e-32
0.28299999999999997,7.2624916744993086e-32
0.28399999999999997,8.0262945914236075e-32
0.28499999999999998,8.8704273623495745e-32
0.28599999999999998,9.8033383517716987e-32
0.28699999999999998,1.0834364446433911e-31
0.28799999999999998,1.1973824502032185e-31
0.28899999999999998,1.3233122617787722e-31
0.28999999999999998,1.4624862272508589e-31
0.29099999999999998,1.6162972464438518e-31
0.29199999999999998,1.7862847117355476e-31
0.29299999999999998,1.9741499148132963e-31
0.29399999999999998,2.18177307377323e-31
0.29499999999999998,2.4112321509747136e-31
0.29599999999999999,2.6648236499863049e-31
0.29699999999999999,2.9450855997650434e-31
0.29799999999999999,3.2548229561038151e-31
0.29899999999999999,3.5971356745709146e-31
0.29999999999999999,3.9754497359082746e-31
0.30099999999999999,4.393551434397353e-31
0.30199999999999999,4.8556252723655812e-31
0.30299999999999999,5.3662958400915953e-31
0.30399999999999999,5.9306741002596465e-31
0.30499999999999999,6.5544085401914206e-31
0.30599999999999999,7.243741703806319e-31
0.307,8.0055726690983655e-31
0.308,8.8475260964289943e-31
0.309,9.7780285386885261e-31
0.31,1.0806392777072414e-30
0.311,1.1942911026523138e-30
0.312,1.3198957943678504e-30
0.313,1.4587104468256989e-30
0.314,1.6121243637249135e-30
0.315,1.7816729631099756e-30
0.316,1.9690531443508321e-30
0.317,2.1761402712819414e-30
0.318,2.4050069414740764e-30
0.31900000000000001,2.6579437294871613e-30
0.32000000000000001,2.9374821117108077e-30
0.32100000000000001,3.2464198022301646e-30
0.32200000000000001,3.5878487532897077e-30
0.32300000000000001,3.9651861005897354e-30
0.32400000000000001,4.3822083631295966e-30
0.32500000000000001,4.8430892398786939e-30
0.32600000000000001,5.3524413815590757e-30
0.32700000000000001,5.915362555603702e-30
0.32800000000000001,6.5374866663269116e-30
0.32900000000000001,7.2250401409316776e-30
0.33000000000000002,7.9849042456870548e-30
0.33100000000000002,8.8246839559519268e-30
0.33200000000000002,9.7527840693269166e-30
0.33300000000000002,1.0778493323691521e-29
0.33400000000000002,1.1912077362016502e-29
0.33500000000000002,1.3164881474367846e-29
0.33600000000000002,1.4549444145384326e-29
0.33700000000000002,1.6079622543644667e-29
0.33800000000000002,1.7770731208869812e-29
0.33900000000000002,1.9639695324981825e-29
0.34000000000000002,2.1705220113036667e-29
0.34100000000000003,2.3987978039358271e-29
0.34200000000000003,2.6510815712536279e-29
0.34300000000000003,2.9298982539957863e-29
0.34399999999999997,3.2380383432367884e-29
0.34499999999999997,3.5785858085591302e-29
0.34599999999999997,3.9549489634577558e-29
0.34699999999999998,4.3708945768869768e-29
0.34799999999999998,4.8305855723500223e-29
0.34899999999999998,5.3386226918370983e-29
0.34999999999999998,5.9000905415970576e-29
0.35099999999999998,6.5206084805862286e-29
0.35199999999999998,7.2063868609013982e-29
0.35299999999999998,7.9642891830706376e-29
0.35399999999999998,8.8019007882742012e-29
0.35499999999999998,9.7276047749877106e-29
0.35599999999999998,1.075066589985016e-28
0.35699999999999998,1.1881323302462063e-28
0.35799999999999998,1.3130892982135509e-28
0.35899999999999999,1.4511881052219902e-28
0.35999999999999999,1.6038108905486375e-28
0.36099999999999999,1.7724851543273623e-28
0.36199999999999999,1.9588990452834296e-28
0.36299999999999999,2.1649182562933852e-28
0.36399999999999999,2.3926046968664943e-28
0.36499999999999999,2.6442371294280539e-28
0.36599999999999999,2.9223339759397215e-28
0.36699999999999999,3.2296785231129642e-28
0.36799999999999999,3.569346778477936e-28
0.36899999999999999,3.9447382561008216e-28
0.37,4.3596100000630809e-28
0.371,4.8181141862214966e-28
0.372,5.3248396785797201e-28
0.373,5.8848579561815941e-28
0.374,6.5037738701779551e-28
0.375,7.1877817390609889e-28
0.376,7.943727343485419e-28
0.377,8.7791764411424188e-28
0.378,9.702490487405478e-28
0.379,1.0722910319586088e-27
0.38,1.185064864233981e-27
0.38100000000000001,1.3096992239846633e-27
0.38200000000000001,1.4474414937740956e-27
0.38300000000000001,1.5996702445351065e-27
0.38400000000000001,1.7679090327711494e-27
0.38500000000000001,1.9538416488219241e-27
0.38600000000000001,2.1593289688029659e-27
0.38700000000000001,2.3864275788793186e-27
0.38800000000000001,2.6374103582711056e-27
0.38900000000000001,2.9147892269927043e-27
0.39000000000000001,3.2213402859925159e-27
0.39100000000000001,3.5601316013044231e-27
0.39200000000000002,3.9345539102837406e-27
0.39300000000000002,4.3483545572464172e-27
0.39400000000000002,4.8056749981504562e-27
0.39500000000000002,5.3110922496790952e-27
0.39600000000000002,5.8696646975623109e-27
0.39700000000000002,6.4869827226011665e-27
0.39800000000000002,7.1692246510780063e-27
0.39900000000000002,7.9232185895224553e-27
0.40000000000000002,8.75651076269652e-27
0.40100000000000002,9.6774410387486165e-27
0.40200000000000002,1.0695226397416773e-26
0.40300000000000002,1.1820053176660012e-26
0.40400000000000003,1.3063179020952339e-26
0.40500000000000003,1.4437045551572458e-26
0.40600000000000003,1.5955402886531186e-26
0.40699999999999997,1.7633447256374535e-26
0.40799999999999997,1.9487973093165704e-26
0.40899999999999997,2.1537541114807798e-26
0.40999999999999998,2.3802664086943837e-26
0.41099999999999998,2.6306012121614192e-26
0.41199999999999998,2.9072639567353304e-26
0.41299999999999998,3.2130235761534525e-26
0.41399999999999998,3.5509402154561664e-26
0.41499999999999998,3.9243958579474904e-26
0.41599999999999998,4.3371281732200416e-26
0.41699999999999998,4.7932679250093904e-26
0.41799999999999998,5.2973803132651521e-26
0.41899999999999998,5.8545106642071609e-26
0.41999999999999998,6.470234925645414e-26
0.42099999999999999,7.1507154729407739e-26
0.42199999999999999,7.9027627841275935e-26
0.42299999999999999,8.7339036014684269e-26
0.42399999999999999,9.6524562616189436e-26
0.42499999999999999,1.0667613948338609e-25
0.42599999999999999,1.1789536700961812e-25
0.42699999999999999,1.3029453099488619e-25
0.42799999999999999,1.4399772643985349e-25
0.42899999999999999,1.5914209953034021e-25
0.42999999999999999,1.7587922024242992e-25
0.43099999999999999,1.9437659930575833e-25
0.432,2.148193647071645e-25
0.433,2.3741211451384637e-25
0.434,2.6238096455954689e-25
0.435,2.8997581148785086e-25
0.436,3.2047283380175498e-25
0.437,3.5417725595099553e-25
0.438,3.9142640312087034e-25
0.439,4.3259307729614448e-25
0.44,4.7808928838854348e-25
0.441,5.2837037777050792e-25
0.442,5.8393957548460152e-25
0.443,6.4535303673902655e-25
0.44400000000000001,7.132254080957731e-25
0.44500000000000001,7.8823597906009066e-25
0.44600000000000001,8.7113548063808632e-25
0.44700000000000001,9.6275359890507941e-25
0.44800000000000001,1.0640072787825469e-24
0.44900000000000001,1.1759099011312888e-24
0.45000000000000001,1.2995814250075031e-24
0.45100000000000001,1.4362595965896128e-24
0.45200000000000001,1.5873123369578814e-24
0.45300000000000001,1.7542514327085708e-24
0.45400000000000001,1.9387476664220266e-24
0.45500000000000002,2.1426475384166688e-24
0.45600000000000002,2.3679917471444463e-24
0.45700000000000002,2.6170356131872254e-24
0.45800000000000002,2.8922716512627543e-24
0.45900000000000002,3.1964545161502549e-24
0.46000000000000002,3.5326285722008071e-24
0.46100000000000002,3.9041583623594637e-24
0.46200000000000002,4.3147622816414698e-24
0.46300000000000002,4.7685497920799541e-24
0.46400000000000002,5.2700625516023741e-24
0.46500000000000002,5.8243198684705353e-24
0.46600000000000003,6.43686893620378e-24
0.46700000000000003,7.1138403517570091e-24
0.46800000000000003,7.862009472594782e-24
0.46899999999999997,8.6888642267470252e-24
0.46999999999999997,9.6026800545086756e-24
0.47099999999999997,1.0612602731828078e-23
0.47199999999999998,1.1728739904306497e-23
0.47299999999999998,1.2962262247912913e-23
0.47399999999999998,1.4325515268863242e-23
0.47499999999999998,1.5832142861596321e-23
0.47599999999999998,1.7497223861455241e-23
0.47699999999999998,1.9337422958739506e-23
0.47799999999999998,2.1371157484527277e-23
0.47899999999999998,2.3618781737514293e-23
0.47999999999999998,2.6102790696677047e-23
0.48099999999999998,2.8848045158583086e-23
0.48199999999999998,3.1882020552599058e-23
0.48299999999999998,3.5235081924222367e-23
0.48399999999999999,3.8940787838663543e-23
0.48499999999999999,4.3036226246244867e-23
0.48599999999999999,4.7562385671073786e-23
0.48699999999999999,5.2564565437968719e-23
0.48799999999999999,5.8092829043327021e-23
0.48899999999999999,6.4202505207425458e-23
0.48999999999999999,7.0954741622847037e-23
0.49099999999999999,7.8417116941142348e-23
0.49199999999999999,8.6664317122687824e-23
0.49299999999999999,9.5778882918879431e-23
0.49399999999999999,1.0585203596771809e-22
0.495,1.1698459177061964e-22
0.496,1.2928796868784076e-22
0.497,1.4288530305087674e-22
0.498,1.5791268155225481e-22
0.499,1.7452050324689184e-22
0.5,1.9287498479639178e-22
0.501,2.1315982402125517e-22
0.502,2.355780384104144e-22
0.503,2.6035399698849826e-22
0.504,2.8773566587644137e-22
0.505,3.1799709001977496e-22
0.50600000000000001,3.5144113592253954e-22
0.50700000000000001,3.8840252283706205e-22
0.50800000000000001,4.2925117274673414e-22
0.50900000000000001,4.7439591266955391e-22
0.51000000000000001,5.2428856633634639e-22
0.51100000000000001,5.7942847619450587e-22
0.51200000000000001,6.4036750099505645e-22
0.51300000000000001,7.0771553898051578e-22
0.51400000000000001,7.8214663195149946e-22
0.51500000000000001,8.6440571130360953e-22
0.51600000000000001,9.5531605355124462e-22
0.51700000000000002,1.0557875199556351e-21
0.51800000000000002,1.166825662722182e-21
0.51900000000000002,1.2895417889049017e-21
0.52000000000000002,1.4251640827409352e-21
0.52100000000000002,1.5750498977312397e-21
0.52200000000000002,1.7406993414905917e-21
0.52300000000000002,1.9237702893288349e-21
0.52400000000000002,2.126094976824206e-21
0.52500000000000002,2.3496983374528171e-21
0.52600000000000002,2.5968182688035566e-21
0.52700000000000002,2.8699280302092445e-21
0.52800000000000002,3.1717609959573903e-21
0.52900000000000003,3.5053380118187644e-21
0.53000000000000003,3.8739976286872146e-21
0.53100000000000003,4.2814295159191069e-21
0.53200000000000003,4.7317113887845009e-21
0.53300000000000003,5.2293498196119721e-21
0.53400000000000003,5.7793253410792938e-21
0.53500000000000003,6.3871422930584678e-21
0.53600000000000003,7.0588839118991832e-21
0.53700000000000003,7.8012732135030506e-21
0.53800000000000003,8.6217402795261374e-21
0.53900000000000003,9.5284966201337053e-21
0.54000000000000004,1.0530617357553887e-20
0.54100000000000004,1.1638132052951114e-20
0.54200000000000004,1.2862125085645622e-20
0.54300000000000004,1.4214846589306811e-20
0.54400000000000004,1.5709835055408719e-20
0.54500000000000004,1.736205283100307e-20
0.54600000000000004,1.9188035866917586e-20
0.54700000000000004,2.1206059215109645e-20
0.54800000000000004,2.3436319931529306e-20
0.54900000000000004,2.590113921504288e-20
0.55000000000000004,2.8625185805494141e-20
0.55100000000000005,3.1635722876744e-20
0.55200000000000005,3.4962880895677735e-20
0.55300000000000005,3.863995917804574e-20
0.55400000000000005,4.2703759159206416e-20
0.55500000000000005,4.7194952715261568e-20
0.55600000000000005,5.2158489220862483e-20
0.55700000000000005,5.7644045417659036e-20
0.55800000000000005,6.3706522595828653e-20
0.55900000000000005,7.0406596064639046e-20
0.56000000000000005,7.781132241133852e-20
0.56100000000000005,8.5994810626019326e-20
0.56200000000000006,9.5038963809299374e-20
0.56299999999999994,1.050342988860803e-19
0.56399999999999995,1.1608085252936149e-19
0.56499999999999995,1.2828918236087757e-19
0.56599999999999995,1.4178147344894544e-19
0.56699999999999995,1.5669276117768932e-19
0.56799999999999995,1.7317228272655536e-19
0.56899999999999995,1.9138497068616308e-19
0.56999999999999995,2.1151310375910655e-19
0.57099999999999995,2.3375813106648181e-19
0.57199999999999995,2.5834268831839164e-19
0.57299999999999995,2.855128260269682e-19
0.57399999999999995,3.1554047206259754e-19
0.57499999999999996,3.487261531994422e-19
0.57599999999999996,3.8540200288841702e-19
0.57699999999999996,4.2593508536038583e-19
0.57799999999999996,4.7073106932836765e-19
0.57899999999999996,5.2023828805636409e-19
0.57999999999999996,5.7495222642935599e-19
0.58099999999999996,6.3542047993256534e-19
0.58199999999999996,7.0224823517114287e-19
0.58299999999999996,7.7610432678109638e-19
0.58399999999999996,8.5772793135114799e-19
0.58499999999999996,9.4793596535047566e-19
0.58599999999999997,1.0476312611033044e-18
0.58699999999999997,1.1578116026382892e-18
0.58799999999999997,1.2795797118463968e-18
0.58899999999999997,1.4141542848922569e-18
0.58999999999999997,1.5628821893349888e-18
0.59099999999999997,1.7272519440314179e-18
0.59199999999999997,1.9089086167331519e-18
0.59299999999999997,2.1096702884774952e-18
0.59399999999999997,2.331546249553593e-18
0.59499999999999997,2.576757109154981e-18
0.59599999999999997,2.847757019982766e-18
0.59699999999999998,3.1472582402307063e-18
0.59799999999999998,3.4782582787769218e-18
0.59899999999999998,3.8440698952601175e-18
0.59999999999999998,4.2483542552915889e-18
0.60099999999999998,4.6951575726311964e-18
0.60199999999999998,5.1889516050546186e-18
0.60299999999999998,5.7346784092083264e-18
0.60399999999999998,6.3377998023733699e-18
0.60499999999999998,7.0043520261686453e-18
0.60599999999999998,7.7410061592858349e-18
0.60699999999999998,8.5551348838871211e-18
0.60799999999999998,9.4548862738865416e-18
0.60899999999999999,1.0449265343612043e-17
0.60999999999999999,1.1548224173015786e-17
0.61099999999999999,1.2762761511435261e-17
0.61199999999999999,1.4105032856773469e-17
0.61299999999999999,1.5588472111807421e-17
0.61399999999999999,1.722792603520286e-17
0.61499999999999999,1.9039802832864523e-17
0.61599999999999999,2.1042236376776231e-17
0.61699999999999999,2.325526769488661e-17
0.61799999999999999,2.5701045548452639e-17
0.61899999999999999,2.8404048104287478e-17
0.62,3.1391327920480296e-17
0.621,3.4692782697490971e-17
0.622,3.834145450438509e-17
0.623,4.2373860474966705e-17
0.624,4.683035828352842e-17
0.625,5.1755550058018688e-17
0.626,5.7198728773130725e-17
0.627,6.321437159096094e-17
0.628,6.9862685086757542e-17
0.629,7.7210207816561242e-17
0.63,8.5330476257440658e-17
0.63100000000000001,9.430476078526808e-17
0.63200000000000001,1.042228790559592e-16
0.63300000000000001,1.1518409493076178e-16
0.63400000000000001,1.2729811194234181e-16
0.63500000000000001,1.4068617124461467e-16
0.63600000000000001,1.5548226503495879e-16
0.63700000000000001,1.7183447759316682e-16
0.63800000000000001,1.8990646735868975e-16
0.63900000000000001,2.0987910487930498e-16
0.64000000000000001,2.3195228302435696e-16
0.64100000000000001,2.5634691757977137e-16
0.64200000000000002,2.8330715824749869e-16
0.64300000000000002,3.1310283217779137e-16
0.64400000000000002,3.4603214449001561e-16
0.64500000000000002,3.8242466280971355e-16
0.64600000000000002,4.2264461569218167e-16
0.64700000000000002,4.6709453794425839e-16
0.64800000000000002,5.1621929932797715e-16
0.64900000000000002,5.7051055696666887e-16
0.65000000000000002,6.3051167601469892e-16
0.65100000000000002,6.9682316783858114e-16
0.65200000000000002,7.7010870013654683e-16
0.65300000000000002,8.5110173914795237e-16
0.65400000000000003,9.4061289042992425e-16
0.65500000000000003,1.039538011670222e-15
0.65600000000000003,1.1488671787321141e-15
0.65700000000000003,1.2696945946663516e-15
0.65800000000000003,1.403229540863101e-15
0.65900000000000003,1.5508084799465449e-15
0.66000000000000003,1.7139084315420252e-15
0.66100000000000003,1.8941617547848824e-15
0.66200000000000003,2.093372485519391e-15
0.66300000000000003,2.3135343916957693e-15
0.66400000000000003,2.5568509276700018e-15
0.66500000000000004,2.8257572871156312e-15
0.66600000000000004,3.1229447752605159e-15
0.66700000000000004,3.4513877443742162e-15
0.66800000000000004,3.8143733620850965e-15
0.66900000000000004,4.2155345104588868e-15
0.67000000000000004,4.6588861451034301e-15
0.67100000000000004,5.1488654781938442e-15
0.67200000000000004,5.6903763875835067e-15
0.67300000000000004,6.2888384964616608e-15
0.67400000000000004,6.950241414764019e-15
0.67500000000000004,7.681204685202149e-15
0.67600000000000005,8.4890440338718371e-15
0.67700000000000005,9.3818445884986851e-15
0.67800000000000005,1.0368541797114153e-14
0.67900000000000005,1.145901085702239e-14
0.68000000000000005,1.2664165549094265e-14
0.68100000000000005,1.3996067466554468e-14
0.68200000000000005,1.5468046731460727e-14
0.68300000000000005,1.7094835407045437e-14
0.68400000000000005,1.8892714941156517e-14
0.68500000000000005,2.0879679116459484e-14
0.68600000000000005,2.3075614138262406e-14
0.68700000000000006,2.5502497662342895e-14
0.68799999999999994,2.8184618754713191e-14
0.68899999999999995,3.1148820984758541e-14
0.68999999999999995,3.4424771084699641e-14
0.69099999999999995,3.8045255864221433e-14
0.69199999999999995,4.2046510351884576e-14
0.69299999999999995,4.6468580447469566e-14
0.69399999999999995,5.1355723714801913e-14
0.69499999999999995,5.6756852326327025e-14
0.69599999999999995,6.2726022592570664e-14
0.69699999999999995,6.9322975975865232e-14
0.69799999999999995,7.6613737002983147e-14
0.69899999999999995,8.467127406079292e-14
0.69999999999999996,9.3576229688401407e-14
0.70099999999999996,1.0341772767478841e-13
0.70199999999999996,1.1429426503964297e-13
0.70299999999999996,1.2631469782464381e-13
0.70399999999999996,1.3959933056130931e-13
0.70499999999999996,1.5428112031918824e-13
0.70599999999999996,1.7050700738489696e-13
0.70699999999999996,1.8843938588989741e-13
0.70799999999999996,2.0825772910554945e-13
0.70899999999999996,2.3016038567192991e-13
0.70999999999999996,2.5436656473769137e-13
0.71099999999999997,2.8111852987890343e-13
0.71199999999999997,3.1068402375434344e-13
0.71299999999999997,3.4335894776402454e-13
0.71399999999999997,3.7947032352985588e-13
0.71499999999999997,4.1937956583795294e-13
0.71599999999999997,4.6348609979929768e-13
0.71699999999999997,5.1223135843049172e-13
0.71799999999999997,5.6610320066376146e-13
0.71899999999999997,6.2564079400313272e-13
0.71999999999999997,6.9144001069401788e-13
0.72099999999999997,7.6415939141294436e-13
0.72199999999999998,8.4452673616397313e-13
0.72299999999999998,9.3334638834576652e-13
0.72399999999999998,1.0315072848906821e-12
0.72499999999999998,1.1399918530443554e-12
0.72599999999999998,1.2598858428277863e-12
0.72699999999999998,1.3923891935884977e-12
0.72799999999999998,1.5388280433968073e-12
0.72899999999999998,1.7006680014814045e-12
0.72999999999999998,1.8795288165390832e-12
0.73099999999999998,2.0772005877241296e-12
0.73199999999999998,2.2956616805623547e-12
0.73299999999999998,2.5370985270981849e-12
0.73399999999999999,2.8039275084414685e-12
0.73499999999999999,3.0988191387218256e-12
0.73599999999999999,3.4247247924915801e-12
0.73699999999999999,3.7849062430743565e-12
0.73799999999999999,4.1829683074887429e-12
0.73899999999999999,4.6228949246686624e-12
0.73999999999999999,5.1090890280633251e-12
0.74099999999999999,5.6464166116749707e-12
0.74199999999999999,6.2402554305624016e-12
0.74299999999999999,6.8965488232212053e-12
0.74399999999999999,7.6218651945128903e-12
0.745,8.4234637544686472e-12
0.746,9.3093671709030701e-12
0.747,1.0288441862970217e-11
0.748,1.1370486739266739e-11
0.749,1.2566331268602416e-11
0.75,1.3887943864964021e-11
0.751,1.5348551671425367e-11
0.752,1.6962772941840653e-11
0.753,1.8746763345242814e-11
0.754,2.071837765720893e-11
0.755,2.289734845645553e-11
0.75600000000000001,2.5305483615119005e-11
0.75700000000000001,2.7966884559269371e-11
0.75800000000000001,3.0908187484083317e-11
0.75900000000000001,3.4158829937838648e-11
0.76000000000000001,3.7751345442790977e-11
0.76100000000000001,4.1721689101600279e-11
0.76200000000000001,4.610959744808239e-11
0.76300000000000001,5.0958986143795644e-11
0.76400000000000001,5.6318389500742921e-11
0.76500000000000001,6.2241446229078059e-11
0.76600000000000001,6.8787436271346101e-11
0.76700000000000002,7.602187409607378e-11
0.76800000000000002,8.4017164388588981e-11
0.76900000000000002,9.2853326701449614e-11
0.77000000000000002,1.0261879631701926e-10
0.77100000000000002,1.1341130933749783e-10
0.77200000000000002,1.2533888086068391e-10
0.77300000000000002,1.3852088603137647e-10
0.77400000000000002,1.5308925478794817e-10
0.77500000000000002,1.6918979226151364e-10
0.77600000000000002,1.8698363804268472e-10
0.77700000000000002,2.0664887892075877e-10
0.77800000000000002,2.2838233123615864e-10
0.77900000000000003,2.5240151068452156e-10
0.78000000000000003,2.7894680928689345e-10
0.78100000000000003,3.0828390131386907e-10
0.78200000000000003,3.4070640224299034e-10
0.78300000000000003,3.7653880736113704e-10
0.78400000000000003,4.1613973942241638e-10
0.78500000000000003,4.5990553786523332e-10
0.78600000000000003,5.0827422551059517e-10
0.78700000000000003,5.6172989244173202e-10
0.78800000000000003,6.2080754094036462e-10
0.78900000000000003,6.8609843996934646e-10
0.79000000000000004,7.5825604279119335e-10
0.79100000000000004,8.380025269479519e-10
0.79200000000000004,9.2613602205677872e-10
0.79300000000000004,1.0235385977594197e-09
0.79400000000000004,1.1311850917716405e-09
0.79500000000000004,1.2501528663867471e-09
0.79600000000000004,1.3816325910795456e-09
0.79700000000000004,1.5269401591266141e-09
0.79800000000000004,1.6875298575085378e-09
0.79900000000000004,1.8650089219027802e-09
0.80000000000000004,2.0611536224385653e-09
0.80100000000000005,2.277927041205379e-09
0.80200000000000005,2.5174987194382961e-09
0.80300000000000005,2.7822663710158828e-09
0.80400000000000005,3.074879879586628e-09
0.80500000000000005,3.3982678194950835e-09
0.80600000000000005,3.7556667659383157e-09
0.80700000000000005,4.1506536876982525e-09
0.80800000000000005,4.5871817466475404e-09
0.80900000000000005,5.0696198623223223e-09
0.81000000000000005,5.6027964375373075e-09
0.81100000000000005,6.1920476826640608e-09
0.81200000000000006,6.8432710222180357e-09
0.81299999999999994,7.5629841182650855e-09
0.81399999999999995,8.3583901013745787e-09
0.81499999999999995,9.2374496619705613e-09
0.81599999999999995,1.0208960723597565e-08
0.81699999999999995,1.1282646495496565e-08
0.81799999999999995,1.2469252785750901e-08
0.81899999999999995,1.3780655548945669e-08
0.81999999999999995,1.5229979744712573e-08
0.82099999999999995,1.6831730696737477e-08
0.82199999999999995,1.8601939266915445e-08
0.82299999999999995,2.0558322297604412e-08
0.82399999999999995,2.2720459927738476e-08
0.82499999999999996,2.510999155743973e-08
0.82599999999999996,2.7750832422407368e-08
0.82699999999999996,3.0669412945635444e-08
0.82799999999999996,3.3894943261969124e-08
0.82899999999999996,3.7459705562952319e-08
0.82999999999999996,4.1399377187851523e-08
0.83099999999999996,4.5753387694457955e-08
0.83199999999999996,5.0565313483355024e-08
0.83299999999999996,5.5883313925182479e-08
0.83399999999999996,6.1760613355803408e-08
0.83499999999999996,6.8256033763348461e-08
0.83599999999999997,7.5434583498442318e-08
0.83699999999999997,8.336810789962742e-08
0.83799999999999997,9.2136008345661018e-08
0.83899999999999997,1.0182603693119986e-07
0.83999999999999997,1.1253517471925872e-07
0.84099999999999997,1.2437060236028674e-07
0.84199999999999997,1.3745077279213936e-07
0.84299999999999997,1.5190659675689586e-07
0.84399999999999997,1.6788275299956571e-07
0.84499999999999997,1.8553913626159749e-07
0.84599999999999997,2.050524575611923e-07
0.84699999999999998,2.2661801277657059e-07
0.84799999999999998,2.504516372327613e-07
0.84899999999999998,2.7679186585408023e-07
0.84999999999999998,3.0590232050182526e-07
0.85099999999999998,3.3807434839047309e-07
0.85199999999999998,3.7362993798852538e-07
0.85299999999999998,4.1292494158732645e-07
0.85399999999999998,4.5635263679039859e-07
0.85499999999999998,5.0434766256788718e-07
0.85599999999999998,5.573903692694586e-07
0.85699999999999998,6.1601162613205269e-07
0.85799999999999998,6.8079813439763307e-07
0.85899999999999999,7.5239829921641995e-07
0.85999999999999999,8.3152871910356639e-07
0.86099999999999999,9.1898135789795714e-07
0.86199999999999999,1.0156314710024903e-06
0.86299999999999999,1.1224463652343422e-06
0.86399999999999999,1.2404950799567113e-06
0.86499999999999999,1.3709590863840845e-06
0.86599999999999999,1.515144112143249e-06
0.86699999999999999,1.674493209434266e-06
0.86799999999999999,1.8506011975819048e-06
0.86899999999999999,2.0452306245234897e-06
0.87,2.2603294069810542e-06
0.871,2.498050325866635e-06
0.872,2.7607725720371986e-06
0.873,3.0511255580364225e-06
0.874,3.3720152341391845e-06
0.875,3.7266531720786709e-06
0.876,4.1185887075357082e-06
0.877,4.5517444630832396e-06
0.878,5.0304556071114483e-06
0.879,5.559513241650146e-06
0.88,6.1442123533282098e-06
0.88100000000000001,6.790404807379483e-06
0.88200000000000001,7.5045579150768716e-06
0.88300000000000001,8.2938191607573704e-06
0.88400000000000001,9.1660877362476171e-06
0.88500000000000001,1.0130093598630729e-05
0.88600000000000001,1.119548484259096e-05
0.88700000000000001,1.2372924261788243e-05
0.88800000000000001,1.3674196065680964e-05
0.88900000000000001,1.5112323819855061e-05
0.89000000000000001,1.670170079024569e-05
0.89100000000000001,1.8458233995780592e-05
0.89200000000000002,2.0399503411171959e-05
0.89300000000000002,2.2544937913212251e-05
0.89400000000000002,2.4916009731503248e-05
0.89500000000000002,2.7536449349747206e-05
0.89600000000000002,3.0432483008403679e-05
0.89700000000000002,3.363309518571909e-05
0.89800000000000002,3.7170318684126795e-05
0.89900000000000002,4.1079555225300799e-05
0.90000000000000002,4.5399929762484935e-05
0.90100000000000002,5.0174682056175466e-05
0.90200000000000002,5.5451599432177142e-05
0.90300000000000002,6.1283495053222241e-05
0.90400000000000003,6.772873649085402e-05
0.90500000000000003,7.4851829887700856e-05
0.90600000000000003,8.2724065556632527e-05
0.90700000000000003,9.1424231478173595e-05
0.90800000000000003,0.00010103940183709361
0.90900000000000003,0.00011166580849011517
0.91000000000000003,0.00012340980408667999
0.91100000000000003,0.00013638892648201189
0.91200000000000003,0.00015073307509547702
0.91300000000000003,0.00016658581098763411
0.91400000000000003,0.00018410579366757984
0.91500000000000004,0.0002034683690106449
0.91600000000000004,0.00022486732417884898
0.91700000000000004,0.00024851682710795315
0.91800000000000004,0.00027465356997214351
0.91900000000000004,0.00030353913807886786
0.92000000000000004,0.00033546262790251332
0.92100000000000004,0.0003707435404590899
0.92200000000000004,0.0004097349789797886
0.92300000000000004,0.00045282718288679901
0.92400000000000004,0.00050045143344061311
0.92500000000000004,0.00055308437014783601
0.92600000000000005,0.00061125276112957555
0.92700000000000005,0.00067553877519384731
0.92800000000000005,0.00074658580837668321
0.92900000000000005,0.00082510492326590818
0.93000000000000005,0.00091188196555452101
0.93100000000000005,0.0010077854290485159
0.93200000000000005,0.0011137751478448093
0.93300000000000005,0.0012309119026734875
0.93400000000000005,0.0013603680375479012
0.93500000000000005,0.0015034391929775804
0.93600000000000005,0.0016615572731739443
0.93700000000000006,0.0018363047770289169
0.93799999999999994,0.0020294306362957232
0.93899999999999995,0.0022428677194857912
0.93999999999999995,0.002478752176666345
0.94099999999999995,0.0027394448187683562
0.94199999999999995,0.0030275547453757993
0.94299999999999995,0.0033459654574712573
0.94399999999999995,0.0036978637164829125
0.94499999999999995,0.0040867714384640492
0.94599999999999995,0.004516580942612646
0.94699999999999995,0.0049915939069101953
0.94799999999999995,0.0055165644207607473
0.94899999999999995,0.006096746565515611
0.94999999999999996,0.0067379469990854375
0.95099999999999996,0.0074465830709243112
0.95199999999999996,0.0082297470490199937
0.95299999999999996,0.0090952771016957826
0.95399999999999996,0.010051835744633541
0.95499999999999996,0.011108996538242266
0.95599999999999996,0.012277339903068393
0.95699999999999996,0.013568559012200885
0.95799999999999996,0.014995576820477649
0.95899999999999996,0.016572675401761196
0.95999999999999996,0.018315638888734116
0.96099999999999997,0.020241911445804318
0.96199999999999997,0.022370771856165522
0.96299999999999997,0.024723526470339308
0.96399999999999997,0.027323722447292472
0.96499999999999997,0.030197383422318407
0.96599999999999997,0.033373269960325976
0.96699999999999997,0.036883167401239897
0.96799999999999997,0.0407622039783661
0.96899999999999997,0.045049202393557683
0.96999999999999997,0.049787068367863813
0.97099999999999997,0.055023220056407085
0.97199999999999998,0.060810062625217813
0.97299999999999998,0.067205512739749604
0.97399999999999998,0.07427357821433371
0.97499999999999998,0.08208499862389862
0.97599999999999998,0.090717953289412304
0.97699999999999998,0.10025884372280353
0.97799999999999998,0.11080315836233366
0.97899999999999998,0.12245642825298168
0.97999999999999998,0.13533528323661245
0.98099999999999998,0.14956861922263481
0.98199999999999998,0.16529888822158628
0.98299999999999998,0.18268352405273439
0.98399999999999999,0.20189651799465513
0.98499999999999999,0.22313016014842954
0.98599999999999999,0.24659696394160616
0.98699999999999999,0.27253179303401232
0.98799999999999999,0.30119421191220175
0.98899999999999999,0.33287108369807922
0.98999999999999999,0.367879441171442
0.99099999999999999,0.40656965974059878
0.99199999999999999,0.44932896411722129
0.99299999999999999,0.49658530379140919
0.99399999999999999,0.54881163609402617
0.995,0.6065306597126332
0.996,0.67032004603563911
0.997,0.74081822068171765
0.998,0.81873075307798171
0.999,0.90483741803595952
1,1
