mesh,j,left,right,residual
nonuniform,1,0.25,0.25,0
nonuniform,2,0.375,0.375,0
locally_refined,1,0.125,0.125,0
locally_refined,2,0.1875,0.1875,0
locally_refined,3,0.375,0.375,0
uniform_2,1,0.5,0.5,0
uniform_4,1,0.25,0.25,0
uniform_4,2,0.25,0.25,0
uniform_4,3,0.25,0.25,0
uniform_8,1,0.125,0.125,0
uniform_8,2,0.125,0.125,0
uniform_8,3,0.125,0.125,0
uniform_8,4,0.125,0.125,0
uniform_8,5,0.125,0.125,0
uniform_8,6,0.125,0.125,0
uniform_8,7,0.125,0.125,0
uniform_16,1,0.0625,0.0625,0
uniform_16,2,0.0625,0.0625,0
uniform_16,3,0.0625,0.0625,0
uniform_16,4,0.0625,0.0625,0
uniform_16,5,0.0625,0.0625,0
uniform_16,6,0.0625,0.0625,0
uniform_16,7,0.0625,0.0625,0
uniform_16,8,0.0625,0.0625,0
uniform_16,9,0.0625,0.0625,0
uniform_16,10,0.0625,0.0625,0
uniform_16,11,0.0625,0.0625,0
uniform_16,12,0.0625,0.0625,0
uniform_16,13,0.0625,0.0625,0
uniform_16,14,0.0625,0.0625,0
uniform_16,15,0.0625,0.0625,0
uniform_32,1,0.03125,0.03125,0
uniform_32,2,0.03125,0.03125,0
uniform_32,3,0.03125,0.03125,0
uniform_32,4,0.03125,0.03125,0
uniform_32,5,0.03125,0.03125,0
uniform_32,6,0.03125,0.03125,0
uniform_32,7,0.03125,0.03125,0
uniform_32,8,0.03125,0.03125,0
uniform_32,9,0.03125,0.03125,0
uniform_32,10,0.03125,0.03125,0
uniform_32,11,0.03125,0.03125,0
uniform_32,12,0.03125,0.03125,0
uniform_32,13,0.03125,0.03125,0
uniform_32,14,0.03125,0.03125,0
uniform_32,15,0.03125,0.03125,0
uniform_32,16,0.03125,0.03125,0
uniform_32,17,0.03125,0.03125,0
uniform_32,18,0.03125,0.03125,0
uniform_32,19,0.03125,0.03125,0
uniform_32,20,0.03125,0.03125,0
uniform_32,21,0.03125,0.03125,0
uniform_32,22,0.03125,0.03125,0
uniform_32,23,0.03125,0.03125,0
uniform_32,24,0.03125,0.03125,0
uniform_32,25,0.03125,0.03125,0
uniform_32,26,0.03125,0.03125,0
uniform_32,27,0.03125,0.03125,0
uniform_32,28,0.03125,0.03125,0
uniform_32,29,0.03125,0.03125,0
uniform_32,30,0.03125,0.03125,0
uniform_32,31,0.03125,0.03125,0
uniform_64,1,0.015625,0.015625,0
uniform_64,2,0.015625,0.015625,0
uniform_64,3,0.015625,0.015625,0
uniform_64,4,0.015625,0.015625,0
uniform_64,5,0.015625,0.015625,0
uniform_64,6,0.015625,0.015625,0
uniform_64,7,0.015625,0.015625,0
uniform_64,8,0.015625,0.015625,0
uniform_64,9,0.015625,0.015625,0
uniform_64,10,0.015625,0.015625,0
uniform_64,11,0.015625,0.015625,0
uniform_64,12,0.015625,0.015625,0
uniform_64,13,0.015625,0.015625,0
uniform_64,14,0.015625,0.015625,0
uniform_64,15,0.015625,0.015625,0
uniform_64,16,0.015625,0.015625,0
uniform_64,17,0.015625,0.015625,0
uniform_64,18,0.015625,0.015625,0
uniform_64,19,0.015625,0.015625,0
uniform_64,20,0.015625,0.015625,0
uniform_64,21,0.015625,0.015625,0
uniform_64,22,0.015625,0.015625,0
uniform_64,23,0.015625,0.015625,0
uniform_64,24,0.015625,0.015625,0
uniform_64,25,0.015625,0.015625,0
uniform_64,26,0.015625,0.015625,0
uniform_64,27,0.015625,0.015625,0
uniform_64,28,0.015625,0.015625,0
uniform_64,29,0.015625,0.015625,0
uniform_64,30,0.015625,0.015625,0
uniform_64,31,0.015625,0.015625,0
uniform_64,32,0.015625,0.015625,0
uniform_64,33,0.015625,0.015625,0
uniform_64,34,0.015625,0.015625,0
uniform_64,35,0.015625,0.015625,0
uniform_64,36,0.015625,0.015625,0
uniform_64,37,0.015625,0.015625,0
uniform_64,38,0.015625,0.015625,0
uniform_64,39,0.015625,0.015625,0
uniform_64,40,0.015625,0.015625,0
uniform_64,41,0.015625,0.015625,0
uniform_64,42,0.015625,0.015625,0
uniform_64,43,0.015625,0.015625,0
uniform_64,44,0.015625,0.015625,0
uniform_64,45,0.015625,0.015625,0
uniform_64,46,0.015625,0.015625,0
uniform_64,47,0.015625,0.015625,0
uniform_64,48,0.015625,0.015625,0
uniform_64,49,0.015625,0.015625,0
uniform_64,50,0.015625,0.015625,0
uniform_64,51,0.015625,0.015625,0
uniform_64,52,0.015625,0.015625,0
uniform_64,53,0.015625,0.015625,0
uniform_64,54,0.015625,0.015625,0
uniform_64,55,0.015625,0.015625,0
uniform_64,56,0.015625,0.015625,0
uniform_64,57,0.015625,0.015625,0
uniform_64,58,0.015625,0.015625,0
uniform_64,59,0.015625,0.015625,0
uniform_64,60,0.015625,0.015625,0
uniform_64,61,0.015625,0.015625,0
uniform_64,62,0.015625,0.015625,0
uniform_64,63,0.015625,0.015625,0
