profile,x,value
cosine,0.0,1.547637684742951
cosine,0.001,1.5512910467098788
cosine,0.002,1.554922644650244
cosine,0.003,1.5585323351947782
cosine,0.004,1.5621199758390794
cosine,0.005,1.5656854249492382
cosine,0.006,1.5692285417674285
cosine,0.007,1.572749186417465
cosine,0.008,1.5762472199103255
cosine,0.009,1.5797225041496374
cosine,0.01,1.5831749019371293
cosine,0.011,1.586604276978048
cosine,0.012,1.5900104938865391
cosine,0.013,1.5933934181909915
cosine,0.014,1.5967529163393457
cosine,0.015,1.6000888557043678
cosine,0.016,1.6034011045888832
cosine,0.017,1.6066895322309775
cosine,0.018,1.6099540088091584
cosine,0.019,1.61319440544748
cosine,0.02,1.6164105942206315
cosine,0.021,1.6196024481589872
cosine,0.022,1.6227698412536187
cosine,0.023,1.6259126484612705
cosine,0.024,1.629030745709295
cosine,0.025,1.6321240099005523
cosine,0.026,1.6351923189182682
cosine,0.027,1.6382355516308569
cosine,0.028,1.6412535878967014
cosine,0.029,1.6442463085688974
cosine,0.03,1.647213595499958
cosine,0.031,1.6501553315464752
cosine,0.032,1.6530714005737472
cosine,0.033,1.655961687460362
cosine,0.034,1.658826078102742
cosine,0.035,1.6616644594196495
cosine,0.036,1.6644767193566503
cosine,0.037,1.667262746890537
cosine,0.038,1.6700224320337136
cosine,0.039,1.6727556658385354
cosine,0.04,1.6754623404016122
cosine,0.041,1.6781423488680667
cosine,0.042,1.6807955854357535
cosine,0.043,1.6834219453594361
cosine,0.044,1.6860213249549219
cosine,0.045,1.688593621603155
cosine,0.046,1.6911387337542683
cosine,0.047,1.6936565609315921
cosine,0.048,1.6961470037356206
cosine,0.049,1.6986099638479362
cosine,0.05,1.7010453440350908
cosine,0.051,1.703453048152445
cosine,0.052,1.7058329811479627
cosine,0.053,1.708185049065964
cosine,0.054,1.7105091590508357
cosine,0.055,1.7128052193506944
cosine,0.056,1.715073139321011
cosine,0.057,1.7173128294281887
cosine,0.058,1.7195242012530967
cosine,0.059,1.7217071674945623
cosine,0.06,1.7238616419728157
cosine,0.061,1.7259875396328934
cosine,0.062,1.7280847765479965
cosine,0.063,1.7301532699228024
cosine,0.064,1.732192938096734
cosine,0.065,1.734203700547185
cosine,0.066,1.7361854778926964
cosine,0.067,1.7381381918960919
cosine,0.068,1.7400617654675665
cosine,0.069,1.7419561226677291
cosine,0.07,1.7438211887106012
cosine,0.071,1.7456568899665688
cosine,0.072,1.7474631539652896
cosine,0.073,1.749239909398554
cosine,0.074,1.7509870861230992
cosine,0.075,1.7527046151633803
cosine,0.076,1.7543924287142916
cosine,0.077,1.756050460143844
cosine,0.078,1.7576786439957954
cosine,0.079,1.7592769159922357
cosine,0.08,1.7608452130361227
cosine,0.081,1.762383473213775
cosine,0.082,1.7638916357973144
cosine,0.083,1.7653696412470645
cosine,0.084,1.7668174312139007
cosine,0.085,1.7682349485415545
cosine,0.086,1.7696221372688687
cosine,0.087,1.770978942632008
cosine,0.088,1.7723053110666191
cosine,0.089,1.773601190209948
cosine,0.09,1.7748665289029049
cosine,0.091,1.7761012771920845
cosine,0.092,1.7773053863317392
cosine,0.093,1.7784788087857013
cosine,0.094,1.7796214982292617
cosine,0.095,1.7807334095509981
cosine,0.096,1.7818144988545548
cosine,0.097,1.7828647234603778
cosine,0.098,1.7838840419073976
cosine,0.099,1.7848724139546674
cosine,0.1,1.7858298005829512
cosine,0.101,1.7867561639962637
cosine,0.102,1.7876514676233644
cosine,0.103,1.7885156761191985
cosine,0.104,1.7893487553662943
cosine,0.105,1.7901506724761103
cosine,0.106,1.7909213957903312
cosine,0.107,1.7916608948821207
cosine,0.108,1.792369140557321
cosine,0.109,1.7930461048556054
cosine,0.11,1.7936917610515823
cosine,0.111,1.7943060836558509
cosine,0.112,1.7948890484160067
cosine,0.113,1.7954406323175993
cosine,0.114,1.7959608135850402
cosine,0.115,1.796449571682464
cosine,0.116,1.7969068873145382
cosine,0.117,1.797332742427224
cosine,0.118,1.7977271202084912
cosine,0.119,1.79809000508898
cosine,0.12,1.7984213827426174
cosine,0.121,1.79872124008718
cosine,0.122,1.798989565284814
cosine,0.123,1.7992263477424997
cosine,0.124,1.7994315781124715
cosine,0.125,1.7996052482925853
cosine,0.126,1.79974735142664
cosine,0.127,1.7998578819046473
cosine,0.128,1.799936835363053
cosine,0.129,1.7999842086849096
cosine,0.13,1.8
cosine,0.131,1.7999842086849096
cosine,0.132,1.799936835363053
cosine,0.133,1.7998578819046473
cosine,0.134,1.79974735142664
cosine,0.135,1.7996052482925853
cosine,0.136,1.7994315781124715
cosine,0.137,1.7992263477424997
cosine,0.138,1.798989565284814
cosine,0.139,1.79872124008718
cosine,0.14,1.7984213827426174
cosine,0.141,1.79809000508898
cosine,0.142,1.7977271202084912
cosine,0.143,1.797332742427224
cosine,0.144,1.7969068873145382
cosine,0.145,1.796449571682464
cosine,0.146,1.7959608135850402
cosine,0.147,1.7954406323175993
cosine,0.148,1.7948890484160067
cosine,0.149,1.7943060836558509
cosine,0.15,1.7936917610515823
cosine,0.151,1.7930461048556054
cosine,0.152,1.792369140557321
cosine,0.153,1.7916608948821207
cosine,0.154,1.7909213957903312
cosine,0.155,1.7901506724761103
cosine,0.156,1.7893487553662943
cosine,0.157,1.7885156761191985
cosine,0.158,1.7876514676233644
cosine,0.159,1.7867561639962637
cosine,0.16,1.7858298005829512
cosine,0.161,1.7848724139546674
cosine,0.162,1.7838840419073976
cosine,0.163,1.7828647234603778
cosine,0.164,1.7818144988545548
cosine,0.165,1.7807334095509981
cosine,0.166,1.7796214982292617
cosine,0.167,1.7784788087857013
cosine,0.168,1.7773053863317392
cosine,0.169,1.7761012771920845
cosine,0.17,1.7748665289029049
cosine,0.171,1.773601190209948
cosine,0.172,1.7723053110666191
cosine,0.173,1.770978942632008
cosine,0.174,1.7696221372688687
cosine,0.175,1.7682349485415545
cosine,0.176,1.7668174312139007
cosine,0.177,1.7653696412470645
cosine,0.178,1.7638916357973144
cosine,0.179,1.762383473213775
cosine,0.18,1.760845213036123
cosine,0.181,1.7592769159922357
cosine,0.182,1.7576786439957957
cosine,0.183,1.756050460143844
cosine,0.184,1.7543924287142918
cosine,0.185,1.7527046151633803
cosine,0.186,1.7509870861230992
cosine,0.187,1.749239909398554
cosine,0.188,1.7474631539652896
cosine,0.189,1.7456568899665688
cosine,0.19,1.7438211887106012
cosine,0.191,1.7419561226677291
cosine,0.192,1.7400617654675665
cosine,0.193,1.7381381918960919
cosine,0.194,1.7361854778926964
cosine,0.195,1.734203700547185
cosine,0.196,1.732192938096734
cosine,0.197,1.7301532699228024
cosine,0.198,1.7280847765479965
cosine,0.199,1.7259875396328934
cosine,0.2,1.7238616419728157
cosine,0.201,1.7217071674945623
cosine,0.202,1.7195242012530967
cosine,0.203,1.7173128294281887
cosine,0.204,1.715073139321011
cosine,0.205,1.7128052193506944
cosine,0.206,1.7105091590508357
cosine,0.207,1.7081850490659642
cosine,0.208,1.7058329811479627
cosine,0.209,1.7034530481524452
cosine,0.21,1.7010453440350908
cosine,0.211,1.6986099638479364
cosine,0.212,1.6961470037356206
cosine,0.213,1.6936565609315921
cosine,0.214,1.6911387337542685
cosine,0.215,1.688593621603155
cosine,0.216,1.6860213249549219
cosine,0.217,1.6834219453594361
cosine,0.218,1.6807955854357535
cosine,0.219,1.6781423488680667
cosine,0.22,1.6754623404016122
cosine,0.221,1.6727556658385354
cosine,0.222,1.6700224320337136
cosine,0.223,1.667262746890537
cosine,0.224,1.6644767193566503
cosine,0.225,1.6616644594196495
cosine,0.226,1.658826078102742
cosine,0.227,1.655961687460362
cosine,0.228,1.6530714005737472
cosine,0.229,1.6501553315464752
cosine,0.23,1.647213595499958
cosine,0.231,1.6442463085688974
cosine,0.232,1.6412535878967014
cosine,0.233,1.6382355516308569
cosine,0.234,1.6351923189182682
cosine,0.235,1.6321240099005525
cosine,0.236,1.6290307457092954
cosine,0.237,1.6259126484612705
cosine,0.238,1.622769841253619
cosine,0.239,1.6196024481589872
cosine,0.24,1.6164105942206315
cosine,0.241,1.61319440544748
cosine,0.242,1.6099540088091584
cosine,0.243,1.6066895322309775
cosine,0.244,1.6034011045888832
cosine,0.245,1.6000888557043678
cosine,0.246,1.5967529163393457
cosine,0.247,1.5933934181909915
cosine,0.248,1.5900104938865391
cosine,0.249,1.586604276978048
cosine,0.25,1.5831749019371293
cosine,0.251,1.5797225041496374
cosine,0.252,1.5762472199103255
cosine,0.253,1.572749186417465
cosine,0.254,1.5692285417674285
cosine,0.255,1.5656854249492382
cosine,0.256,1.5621199758390794
cosine,0.257,1.5585323351947782
cosine,0.258,1.554922644650244
cosine,0.259,1.5512910467098788
cosine,0.26,1.547637684742951
cosine,0.261,1.5439627029779355
cosine,0.262,1.5402662464968198
cosine,0.263,1.536548461229376
cosine,0.264,1.5328094939474015
cosine,0.265,1.5290494922589215
cosine,0.266,1.5252686046023651
cosine,0.267,1.521466980240703
cosine,0.268,1.5176447692555555
cosine,0.269,1.5138021225412674
cosine,0.27,1.5099391917989518
cosine,0.271,1.5060561295304997
cosine,0.272,1.5021530890325603
cosine,0.273,1.49823022439049
cosine,0.274,1.4942876904722675
cosine,0.275,1.4903256429223812
cosine,0.276,1.4863442381556842
cosine,0.277,1.4823436333512197
cosine,0.278,1.4783239864460151
cosine,0.279,1.4742854561288472
cosine,0.28,1.4702282018339785
cosine,0.281,1.466152383734861
cosine,0.282,1.4620581627378142
cosine,0.283,1.4579457004756728
cosine,0.284,1.4538151593014055
cosine,0.285,1.4496667022817047
cosine,0.286,1.4455004931905506
cosine,0.287,1.4413166965027444
cosine,0.288,1.4371154773874153
cosine,0.289,1.4328970017015008
cosine,0.29,1.4286614359831975
cosine,0.291,1.4244089474453874
cosine,0.292,1.4201397039690367
cosine,0.293,1.4158538740965678
cosine,0.294,1.4115516270252053
cosine,0.295,1.4072331326002971
cosine,0.296,1.4028985613086087
cosine,0.297,1.398548084271593
cosine,0.298,1.3941818732386335
cosine,0.299,1.389800100580266
cosine,0.3,1.3854029392813723
cosine,0.301,1.3809905629343513
cosine,0.302,1.3765631457322662
cosine,0.303,1.3721208624619667
cosine,0.304,1.3676638884971903
cosine,0.305,1.3631923997916375
cosine,0.306,1.358706572872026
cosine,0.307,1.3542065848311213
cosine,0.308,1.3496926133207463
cosine,0.309,1.3451648365447673
cosine,0.31,1.3406234332520581
cosine,0.311,1.3360685827294452
cosine,0.312,1.3315004647946274
cosine,0.313,1.3269192597890793
cosine,0.314,1.3223251485709302
cosine,0.315,1.3177183125078245
cosine,0.316,1.313098933469762
cosine,0.317,1.3084671938219172
cosine,0.318,1.303823276417441
cosine,0.319,1.2991673645902404
cosine,0.32,1.2944996421477426
cosine,0.321,1.2898202933636367
cosine,0.322,1.2851295029706007
cosine,0.323,1.2804274561530071
cosine,0.324,1.2757143385396137
cosine,0.325,1.2709903361962331
cosine,0.326,1.2662556356183894
cosine,0.327,1.261510423723954
cosine,0.328,1.2567548878457675
cosine,0.329,1.2519892157242438
cosine,0.33,1.247213595499958
cosine,0.331,1.2424282157062192
cosine,0.332,1.237633265261628
cosine,0.333,1.2328289334626175
cosine,0.334,1.228015409975981
cosine,0.335,1.2231928848313833
cosine,0.336,1.2183615484138601
cosine,0.337,1.2135215914563005
cosine,0.338,1.2086732050319173
cosine,0.339,1.2038165805467058
cosine,0.34,1.1989519097318837
cosine,0.341,1.1940793846363258
cosine,0.342,1.1891991976189797
cosine,0.343,1.1843115413412724
cosine,0.344,1.179416608759505
cosine,0.345,1.1745145931172343
cosine,0.346,1.169605687937644
cosine,0.347,1.1646900870159054
cosine,0.348,1.1597679844115258
cosine,0.349,1.1548395744406883
cosine,0.35,1.14990505166858
cosine,0.351,1.14496461090171
cosine,0.352,1.140018447180221
cosine,0.353,1.1350667557701872
cosine,0.354,1.130109732155907
cosine,0.355,1.1251475720321849
cosine,0.356,1.120180471296606
cosine,0.357,1.115208626041802
cosine,0.358,1.1102322325477105
cosine,0.359,1.1052514872738262
cosine,0.36,1.1002665868514436
cosine,0.361,1.0952777280758959
cosine,0.362,1.0902851078987854
cosine,0.363,1.085288923420208
cosine,0.364,1.080289371880972
cosine,0.365,1.0752866506548115
cosine,0.366,1.0702809572405947
cosine,0.367,1.065272489254526
cosine,0.368,1.0602614444223462
cosine,0.369,1.055248020571525
cosine,0.37,1.0502324156234508
cosine,0.371,1.0452148275856197
cosine,0.372,1.0401954545438157
cosine,0.373,1.035174494654292
cosine,0.374,1.0301521461359477
cosine,0.375,1.0251286072625028
cosine,0.376,1.02010407635467
cosine,0.377,1.0150787517723265
cosine,0.378,1.0100528319066822
cosine,0.379,1.0050265151724473
cosine,0.38,1.0
cosine,0.381,0.9949734848275529
cosine,0.382,0.9899471680933178
cosine,0.383,0.9849212482276736
cosine,0.384,0.9798959236453301
cosine,0.385,0.9748713927374973
cosine,0.386,0.9698478538640524
cosine,0.387,0.9648255053457082
cosine,0.388,0.9598045454561844
cosine,0.389,0.9547851724143804
cosine,0.39,0.9497675843765493
cosine,0.391,0.9447519794284753
cosine,0.392,0.9397385555776538
cosine,0.393,0.934727510745474
cosine,0.394,0.9297190427594054
cosine,0.395,0.9247133493451885
cosine,0.396,0.9197106281190279
cosine,0.397,0.9147110765797921
cosine,0.398,0.9097148921012146
cosine,0.399,0.9047222719241041
cosine,0.4,0.8997334131485565
cosine,0.401,0.8947485127261741
cosine,0.402,0.8897677674522896
cosine,0.403,0.8847913739581982
cosine,0.404,0.8798195287033943
cosine,0.405,0.8748524279678151
cosine,0.406,0.8698902678440932
cosine,0.407,0.864933244229813
cosine,0.408,0.8599815528197794
cosine,0.409,0.8550353890982904
cosine,0.41,0.8500949483314205
cosine,0.411,0.8451604255593119
cosine,0.412,0.8402320155884745
cosine,0.413,0.8353099129840952
cosine,0.414,0.8303943120623565
cosine,0.415,0.8254854068827662
cosine,0.416,0.8205833912404952
cosine,0.417,0.8156884586587277
cosine,0.418,0.8108008023810205
cosine,0.419,0.8059206153636742
cosine,0.42,0.8010480902681163
cosine,0.421,0.7961834194532944
cosine,0.422,0.7913267949680827
cosine,0.423,0.7864784085436998
cosine,0.424,0.78163845158614
cosine,0.425,0.7768071151686167
cosine,0.426,0.7719845900240192
cosine,0.427,0.7671710665373828
cosine,0.428,0.7623667347383722
cosine,0.429,0.7575717842937809
cosine,0.43,0.7527864045000421
cosine,0.431,0.7480107842757564
cosine,0.432,0.7432451121542325
cosine,0.433,0.7384895762760462
cosine,0.434,0.7337443643816107
cosine,0.435,0.7290096638037669
cosine,0.436,0.7242856614603865
cosine,0.437,0.7195725438469929
cosine,0.438,0.7148704970293995
cosine,0.439,0.7101797066363635
cosine,0.44,0.7055003578522576
cosine,0.441,0.7008326354097598
cosine,0.442,0.6961767235825591
cosine,0.443,0.6915328061780828
cosine,0.444,0.686901066530238
cosine,0.445,0.6822816874921755
cosine,0.446,0.6776748514290699
cosine,0.447,0.6730807402109208
cosine,0.448,0.6684995352053726
cosine,0.449,0.6639314172705549
cosine,0.45,0.6593765667479419
cosine,0.451,0.6548351634552327
cosine,0.452,0.6503073866792538
cosine,0.453,0.6457934151688789
cosine,0.454,0.6412934271279742
cosine,0.455,0.6368076002083627
cosine,0.456,0.6323361115028097
cosine,0.457,0.6278791375380333
cosine,0.458,0.6234368542677339
cosine,0.459,0.6190094370656486
cosine,0.46,0.6145970607186276
cosine,0.461,0.610199899419734
cosine,0.462,0.6058181267613668
cosine,0.463,0.6014519157284074
cosine,0.464,0.5971014386913913
cosine,0.465,0.5927668673997029
cosine,0.466,0.5884483729747947
cosine,0.467,0.5841461259034324
cosine,0.468,0.5798602960309633
cosine,0.469,0.5755910525546128
cosine,0.47,0.5713385640168028
cosine,0.471,0.5671029982984994
cosine,0.472,0.5628845226125847
cosine,0.473,0.558683303497256
cosine,0.474,0.5544995068094498
cosine,0.475,0.5503332977182958
cosine,0.476,0.546184840698595
cosine,0.477,0.5420542995243274
cosine,0.478,0.537941837262186
cosine,0.479,0.5338476162651393
cosine,0.48,0.5297717981660215
cosine,0.481,0.5257145438711526
cosine,0.482,0.5216760135539852
cosine,0.483,0.5176563666487803
cosine,0.484,0.5136557618443158
cosine,0.485,0.509674357077619
cosine,0.486,0.5057123095277326
cosine,0.487,0.5017697756095101
cosine,0.488,0.4978469109674397
cosine,0.489,0.4939438704695004
cosine,0.49,0.49006080820104814
cosine,0.491,0.48619787745873244
cosine,0.492,0.48235523074444475
cosine,0.493,0.4785330197592971
cosine,0.494,0.474731395397635
cosine,0.495,0.4709505077410786
cosine,0.496,0.4671905060525987
cosine,0.497,0.46345153877062395
cosine,0.498,0.45973375350318035
cosine,0.499,0.45603729702206464
cosine,0.5,0.45236231525704895
cosine,0.501,0.4487089532901214
cosine,0.502,0.4450773553497561
cosine,0.503,0.4414676648052219
cosine,0.504,0.43788002416092076
cosine,0.505,0.434314575050762
cosine,0.506,0.4307714582325717
cosine,0.507,0.427250813582535
cosine,0.508,0.42375278008967443
cosine,0.509,0.42027749585036267
cosine,0.51,0.41682509806287094
cosine,0.511,0.41339572302195216
cosine,0.512,0.40998950611346097
cosine,0.513,0.40660658180900866
cosine,0.514,0.4032470836606543
cosine,0.515,0.39991114429563224
cosine,0.516,0.3965988954111168
cosine,0.517,0.39331046776902245
cosine,0.518,0.3900459911908416
cosine,0.519,0.38680559455252017
cosine,0.52,0.3835894057793686
cosine,0.521,0.380397551841013
cosine,0.522,0.3772301587463813
cosine,0.523,0.3740873515387295
cosine,0.524,0.3709692542907048
cosine,0.525,0.3678759900994476
cosine,0.526,0.36480768108173167
cosine,0.527,0.3617644483691431
cosine,0.528,0.3587464121032986
cosine,0.529,0.35575369143110247
cosine,0.53,0.35278640450004206
cosine,0.531,0.3498446684535248
cosine,0.532,0.34692859942625276
cosine,0.533,0.344038312539638
cosine,0.534,0.34117392189725804
cosine,0.535,0.3383355405803504
cosine,0.536,0.3355232806433497
cosine,0.537,0.3327372531094629
cosine,0.538,0.32997756796628663
cosine,0.539,0.3272443341614647
cosine,0.54,0.3245376595983879
cosine,0.541,0.3218576511319333
cosine,0.542,0.3192044145642464
cosine,0.543,0.31657805464056377
cosine,0.544,0.31397867504507815
cosine,0.545,0.31140637839684493
cosine,0.546,0.3088612662457315
cosine,0.547,0.3063434390684079
cosine,0.548,0.30385299626437945
cosine,0.549,0.30139003615206383
cosine,0.55,0.2989546559649091
cosine,0.551,0.29654695184755486
cosine,0.552,0.2941670188520372
cosine,0.553,0.29181495093403564
cosine,0.554,0.2894908409491642
cosine,0.555,0.2871947806493056
cosine,0.556,0.28492686067898876
cosine,0.557,0.28268717057181125
cosine,0.558,0.2804757987469031
cosine,0.559,0.2782928325054377
cosine,0.56,0.27613835802718434
cosine,0.561,0.27401246036710636
cosine,0.562,0.27191522345200336
cosine,0.563,0.26984673007719795
cosine,0.564,0.2678070619032661
cosine,0.565,0.26579629945281524
cosine,0.566,0.26381452210730383
cosine,0.567,0.26186180810390824
cosine,0.568,0.2599382345324336
cosine,0.569,0.25804387733227097
cosine,0.57,0.256178811289399
cosine,0.571,0.25434311003343135
cosine,0.572,0.2525368460347104
cosine,0.573,0.2507600906014462
cosine,0.574,0.24901291387690083
cosine,0.575,0.24729538483661972
cosine,0.576,0.24560757128570843
cosine,0.577,0.2439495398561562
cosine,0.578,0.24232135600420457
cosine,0.579,0.24072308400776443
cosine,0.58,0.23915478696387726
cosine,0.581,0.23761652678622502
cosine,0.582,0.23610836420268566
cosine,0.583,0.2346303587529357
cosine,0.584,0.23318256878609933
cosine,0.585,0.23176505145844561
cosine,0.586,0.23037786273113126
cosine,0.587,0.22902105736799216
cosine,0.588,0.22769468893338085
cosine,0.589,0.226398809790052
cosine,0.59,0.22513347109709514
cosine,0.591,0.22389872280791545
cosine,0.592,0.22269461366826082
cosine,0.593,0.2215211912142987
cosine,0.594,0.22037850177073826
cosine,0.595,0.2192665904490021
cosine,0.596,0.21818550114544522
cosine,0.597,0.21713527653962228
cosine,0.598,0.21611595809260253
cosine,0.599,0.21512758604533277
cosine,0.6,0.21417019941704907
cosine,0.601,0.2132438360037363
cosine,0.602,0.21234853237663565
cosine,0.603,0.21148432388080152
cosine,0.604,0.21065124463370555
cosine,0.605,0.20984932752388985
cosine,0.606,0.20907860420966884
cosine,0.607,0.20833910511787923
cosine,0.608,0.207630859442679
cosine,0.609,0.20695389514439477
cosine,0.61,0.20630823894841777
cosine,0.611,0.20569391634414913
cosine,0.612,0.20511095158399328
cosine,0.613,0.2045593676824008
cosine,0.614,0.20403918641495977
cosine,0.615,0.203550428317536
cosine,0.616,0.20309311268546193
cosine,0.617,0.20266725757277604
cosine,0.618,0.20227287979150876
cosine,0.619,0.2019099949110198
cosine,0.62,0.2015786172573827
cosine,0.621,0.20127875991281996
cosine,0.622,0.20101043471518598
cosine,0.623,0.2007736522575002
cosine,0.624,0.20056842188752855
cosine,0.625,0.20039475170741472
cosine,0.626,0.20025264857336
cosine,0.627,0.20014211809535276
cosine,0.628,0.20006316463694707
cosine,0.629,0.20001579131509029
cosine,0.63,0.19999999999999996
cosine,0.631,0.20001579131509029
cosine,0.632,0.20006316463694707
cosine,0.633,0.20014211809535276
cosine,0.634,0.20025264857336
cosine,0.635,0.20039475170741472
cosine,0.636,0.20056842188752855
cosine,0.637,0.2007736522575002
cosine,0.638,0.20101043471518598
cosine,0.639,0.20127875991281996
cosine,0.64,0.2015786172573827
cosine,0.641,0.2019099949110198
cosine,0.642,0.20227287979150876
cosine,0.643,0.20266725757277604
cosine,0.644,0.20309311268546193
cosine,0.645,0.203550428317536
cosine,0.646,0.20403918641495977
cosine,0.647,0.2045593676824008
cosine,0.648,0.20511095158399328
cosine,0.649,0.20569391634414902
cosine,0.65,0.20630823894841765
cosine,0.651,0.20695389514439466
cosine,0.652,0.207630859442679
cosine,0.653,0.20833910511787923
cosine,0.654,0.20907860420966873
cosine,0.655,0.20984932752388974
cosine,0.656,0.21065124463370555
cosine,0.657,0.21148432388080152
cosine,0.658,0.21234853237663565
cosine,0.659,0.2132438360037363
cosine,0.66,0.21417019941704907
cosine,0.661,0.21512758604533266
cosine,0.662,0.21611595809260242
cosine,0.663,0.21713527653962217
cosine,0.664,0.21818550114544522
cosine,0.665,0.21926659044900199
cosine,0.666,0.22037850177073826
cosine,0.667,0.2215211912142987
cosine,0.668,0.22269461366826082
cosine,0.669,0.22389872280791534
cosine,0.67,0.22513347109709514
cosine,0.671,0.226398809790052
cosine,0.672,0.22769468893338085
cosine,0.673,0.22902105736799216
cosine,0.674,0.23037786273113126
cosine,0.675,0.2317650514584455
cosine,0.676,0.23318256878609933
cosine,0.677,0.23463035875293559
cosine,0.678,0.23610836420268555
cosine,0.679,0.2376165267862249
cosine,0.68,0.23915478696387715
cosine,0.681,0.24072308400776432
cosine,0.682,0.24232135600420446
cosine,0.683,0.24394953985615608
cosine,0.684,0.24560757128570843
cosine,0.685,0.24729538483661961
cosine,0.686,0.24901291387690072
cosine,0.687,0.2507600906014461
cosine,0.688,0.25253684603471016
cosine,0.689,0.254343110033431
cosine,0.69,0.2561788112893987
cosine,0.691,0.25804387733227074
cosine,0.692,0.2599382345324335
cosine,0.693,0.2618618081039079
cosine,0.694,0.2638145221073036
cosine,0.695,0.2657962994528149
cosine,0.696,0.26780706190326564
cosine,0.697,0.2698467300771975
cosine,0.698,0.27191522345200325
cosine,0.699,0.27401246036710625
cosine,0.7,0.2761383580271842
cosine,0.701,0.27829283250543757
cosine,0.702,0.280475798746903
cosine,0.703,0.28268717057181114
cosine,0.704,0.28492686067898865
cosine,0.705,0.2871947806493055
cosine,0.706,0.2894908409491641
cosine,0.707,0.29181495093403553
cosine,0.708,0.2941670188520371
cosine,0.709,0.29654695184755475
cosine,0.71,0.298954655964909
cosine,0.711,0.3013900361520637
cosine,0.712,0.30385299626437934
cosine,0.713,0.3063434390684079
cosine,0.714,0.3088612662457315
cosine,0.715,0.3114063783968448
cosine,0.716,0.3139786750450779
cosine,0.717,0.31657805464056366
cosine,0.718,0.3192044145642463
cosine,0.719,0.3218576511319333
cosine,0.72,0.32453765959838776
cosine,0.721,0.3272443341614646
cosine,0.722,0.3299775679662865
cosine,0.723,0.3327372531094628
cosine,0.724,0.3355232806433497
cosine,0.725,0.3383355405803503
cosine,0.726,0.3411739218972578
cosine,0.727,0.344038312539638
cosine,0.728,0.34692859942625276
cosine,0.729,0.3498446684535247
cosine,0.73,0.35278640450004195
cosine,0.731,0.35575369143110236
cosine,0.732,0.3587464121032985
cosine,0.733,0.361764448369143
cosine,0.734,0.36480768108173145
cosine,0.735,0.3678759900994475
cosine,0.736,0.3709692542907047
cosine,0.737,0.3740873515387294
cosine,0.738,0.3772301587463811
cosine,0.739,0.38039755184101276
cosine,0.74,0.3835894057793685
cosine,0.741,0.38680559455252006
cosine,0.742,0.3900459911908415
cosine,0.743,0.39331046776902223
cosine,0.744,0.3965988954111168
cosine,0.745,0.39991114429563224
cosine,0.746,0.4032470836606542
cosine,0.747,0.40660658180900855
cosine,0.748,0.40998950611346086
cosine,0.749,0.41339572302195193
cosine,0.75,0.4168250980628707
cosine,0.751,0.42027749585036245
cosine,0.752,0.4237527800896742
cosine,0.753,0.4272508135825349
cosine,0.754,0.43077145823257157
cosine,0.755,0.4343145750507619
cosine,0.756,0.43788002416092053
cosine,0.757,0.4414676648052218
cosine,0.758,0.445077355349756
cosine,0.759,0.44870895329012117
cosine,0.76,0.45236231525704884
cosine,0.761,0.4560372970220644
cosine,0.762,0.45973375350318035
cosine,0.763,0.46345153877062384
cosine,0.764,0.4671905060525986
cosine,0.765,0.4709505077410784
cosine,0.766,0.47473139539763487
cosine,0.767,0.47853301975929674
cosine,0.768,0.48235523074444464
cosine,0.769,0.4861978774587322
cosine,0.77,0.49006080820104836
cosine,0.771,0.4939438704695003
cosine,0.772,0.4978469109674398
cosine,0.773,0.5017697756095099
cosine,0.774,0.5057123095277322
cosine,0.775,0.5096743570776188
cosine,0.776,0.5136557618443154
cosine,0.777,0.5176563666487803
cosine,0.778,0.5216760135539847
cosine,0.779,0.5257145438711528
cosine,0.78,0.5297717981660214
cosine,0.781,0.5338476162651393
cosine,0.782,0.5379418372621858
cosine,0.783,0.5420542995243269
cosine,0.784,0.5461848406985949
cosine,0.785,0.5503332977182953
cosine,0.786,0.5544995068094497
cosine,0.787,0.5586833034972556
cosine,0.788,0.5628845226125849
cosine,0.789,0.5671029982984992
cosine,0.79,0.5713385640168029
cosine,0.791,0.5755910525546127
cosine,0.792,0.5798602960309638
cosine,0.793,0.5841461259034324
cosine,0.794,0.5884483729747946
cosine,0.795,0.5927668673997031
cosine,0.796,0.5971014386913911
cosine,0.797,0.6014519157284075
cosine,0.798,0.6058181267613667
cosine,0.799,0.6101998994197344
cosine,0.8,0.6145970607186277
cosine,0.801,0.619009437065649
cosine,0.802,0.623436854267734
cosine,0.803,0.627879137538033
cosine,0.804,0.6323361115028099
cosine,0.805,0.6368076002083625
cosine,0.806,0.6412934271279744
cosine,0.807,0.6457934151688787
cosine,0.808,0.6503073866792539
cosine,0.809,0.6548351634552328
cosine,0.81,0.6593765667479423
cosine,0.811,0.663931417270555
cosine,0.812,0.6684995352053724
cosine,0.813,0.6730807402109202
cosine,0.814,0.6776748514290698
cosine,0.815,0.6822816874921751
cosine,0.816,0.6869010665302373
cosine,0.817,0.6915328061780824
cosine,0.818,0.6961767235825584
cosine,0.819,0.7008326354097594
cosine,0.82,0.7055003578522572
cosine,0.821,0.7101797066363633
cosine,0.822,0.714870497029399
cosine,0.823,0.7195725438469927
cosine,0.824,0.724285661460386
cosine,0.825,0.7290096638037662
cosine,0.826,0.7337443643816104
cosine,0.827,0.7384895762760454
cosine,0.828,0.7432451121542322
cosine,0.829,0.7480107842757556
cosine,0.83,0.752786404500042
cosine,0.831,0.7575717842937804
cosine,0.832,0.762366734738372
cosine,0.833,0.7671710665373822
cosine,0.834,0.7719845900240184
cosine,0.835,0.7768071151686163
cosine,0.836,0.7816384515861392
cosine,0.837,0.7864784085436993
cosine,0.838,0.791326794968082
cosine,0.839,0.7961834194532942
cosine,0.84,0.8010480902681157
cosine,0.841,0.805920615363674
cosine,0.842,0.8108008023810199
cosine,0.843,0.8156884586587269
cosine,0.844,0.8205833912404947
cosine,0.845,0.8254854068827654
cosine,0.846,0.8303943120623561
cosine,0.847,0.8353099129840944
cosine,0.848,0.8402320155884743
cosine,0.849,0.8451604255593114
cosine,0.85,0.8500949483314203
cosine,0.851,0.8550353890982898
cosine,0.852,0.8599815528197792
cosine,0.853,0.8649332442298127
cosine,0.854,0.8698902678440925
cosine,0.855,0.8748524279678151
cosine,0.856,0.8798195287033939
cosine,0.857,0.8847913739581982
cosine,0.858,0.8897677674522891
cosine,0.859,0.8947485127261741
cosine,0.86,0.8997334131485564
cosine,0.861,0.9047222719241044
cosine,0.862,0.9097148921012145
cosine,0.863,0.9147110765797916
cosine,0.864,0.9197106281190279
cosine,0.865,0.9247133493451881
cosine,0.866,0.9297190427594054
cosine,0.867,0.9347275107454736
cosine,0.868,0.9397385555776538
cosine,0.869,0.9447519794284751
cosine,0.87,0.9497675843765494
cosine,0.871,0.9547851724143802
cosine,0.872,0.9598045454561839
cosine,0.873,0.964825505345708
cosine,0.874,0.9698478538640519
cosine,0.875,0.9748713927374973
cosine,0.876,0.9798959236453297
cosine,0.877,0.9849212482276736
cosine,0.878,0.9899471680933177
cosine,0.879,0.994973484827553
cosine,0.88,0.9999999999999999
cosine,0.881,1.0050265151724467
cosine,0.882,1.010052831906682
cosine,0.883,1.015078751772326
cosine,0.884,1.02010407635467
cosine,0.885,1.0251286072625023
cosine,0.886,1.0301521461359477
cosine,0.887,1.0351744946542918
cosine,0.888,1.040195454543816
cosine,0.889,1.0452148275856195
cosine,0.89,1.0502324156234502
cosine,0.891,1.0552480205715247
cosine,0.892,1.060261444422346
cosine,0.893,1.065272489254526
cosine,0.894,1.0702809572405942
cosine,0.895,1.0752866506548115
cosine,0.896,1.0802893718809718
cosine,0.897,1.085288923420208
cosine,0.898,1.0902851078987852
cosine,0.899,1.0952777280758954
cosine,0.9,1.1002665868514434
cosine,0.901,1.1052514872738257
cosine,0.902,1.1102322325477105
cosine,0.903,1.1152086260418015
cosine,0.904,1.1201804712966057
cosine,0.905,1.1251475720321846
cosine,0.906,1.130109732155907
cosine,0.907,1.135066755770187
cosine,0.908,1.1400184471802204
cosine,0.909,1.14496461090171
cosine,0.91,1.1499050516685794
cosine,0.911,1.1548395744406883
cosine,0.912,1.1597679844115254
cosine,0.913,1.1646900870159054
cosine,0.914,1.1696056879376435
cosine,0.915,1.1745145931172343
cosine,0.916,1.1794166087595048
cosine,0.917,1.1843115413412728
cosine,0.918,1.1891991976189797
cosine,0.919,1.1940793846363258
cosine,0.92,1.198951909731884
cosine,0.921,1.2038165805467056
cosine,0.922,1.2086732050319178
cosine,0.923,1.2135215914563005
cosine,0.924,1.2183615484138606
cosine,0.925,1.2231928848313833
cosine,0.926,1.2280154099759812
cosine,0.927,1.2328289334626175
cosine,0.928,1.2376332652616278
cosine,0.929,1.2424282157062194
cosine,0.93,1.2472135954999577
cosine,0.931,1.251989215724244
cosine,0.932,1.2567548878457675
cosine,0.933,1.2615104237239543
cosine,0.934,1.2662556356183894
cosine,0.935,1.2709903361962336
cosine,0.936,1.2757143385396137
cosine,0.937,1.280427456153007
cosine,0.938,1.2851295029706
cosine,0.939,1.2898202933636365
cosine,0.94,1.294499642147742
cosine,0.941,1.2991673645902397
cosine,0.942,1.3038232764174404
cosine,0.943,1.3084671938219166
cosine,0.944,1.3130989334697616
cosine,0.945,1.317718312507824
cosine,0.946,1.32232514857093
cosine,0.947,1.3269192597890789
cosine,0.948,1.3315004647946274
cosine,0.949,1.3360685827294447
cosine,0.95,1.3406234332520575
cosine,0.951,1.3451648365447668
cosine,0.952,1.3496926133207459
cosine,0.953,1.354206584831121
cosine,0.954,1.3587065728720253
cosine,0.955,1.3631923997916373
cosine,0.956,1.36766388849719
cosine,0.957,1.3721208624619665
cosine,0.958,1.3765631457322658
cosine,0.959,1.3809905629343506
cosine,0.96,1.385402939281372
cosine,0.961,1.3898001005802654
cosine,0.962,1.394181873238633
cosine,0.963,1.3985480842715923
cosine,0.964,1.4028985613086085
cosine,0.965,1.4072331326002967
cosine,0.966,1.411551627025205
cosine,0.967,1.4158538740965674
cosine,0.968,1.420139703969036
cosine,0.969,1.424408947445387
cosine,0.97,1.4286614359831968
cosine,0.971,1.4328970017015006
cosine,0.972,1.4371154773874149
cosine,0.973,1.4413166965027442
cosine,0.974,1.4455004931905502
cosine,0.975,1.4496667022817045
cosine,0.976,1.453815159301405
cosine,0.977,1.4579457004756728
cosine,0.978,1.4620581627378137
cosine,0.979,1.4661523837348605
cosine,0.98,1.4702282018339783
cosine,0.981,1.474285456128847
cosine,0.982,1.4783239864460151
cosine,0.983,1.4823436333512194
cosine,0.984,1.4863442381556844
cosine,0.985,1.490325642922381
cosine,0.986,1.4942876904722675
cosine,0.987,1.4982302243904897
cosine,0.988,1.5021530890325598
cosine,0.989,1.5060561295304995
cosine,0.99,1.5099391917989515
cosine,0.991,1.5138021225412674
cosine,0.992,1.5176447692555552
cosine,0.993,1.521466980240703
cosine,0.994,1.5252686046023651
cosine,0.995,1.5290494922589217
cosine,0.996,1.532809493947401
cosine,0.997,1.5365484612293758
cosine,0.998,1.5402662464968195
cosine,0.999,1.543962702977935
cosine,1.0,1.547637684742951
pulse,0,0
pulse,0.33,0
pulse,0.33,1
pulse,0.56,1
pulse,0.56,0
pulse,1,0
